ISO-10303-21;
HEADER;
/* Generated by software containing ST-Developer
 * from STEP Tools, Inc. (www.steptools.com) 
 */

FILE_DESCRIPTION(
/* description */ (''),
/* implementation_level */ '2;1');

FILE_NAME(
/* name */ 'AMG8833_Housing_Body - cOVER.step',
/* time_stamp */ '2026-03-07T17:54:05-05:00',
/* author */ (''),
/* organization */ (''),
/* preprocessor_version */ 'ST-DEVELOPER v20.1',
/* originating_system */ 'Autodesk Translation Framework v14.24.0.0',
/* authorisation */ '');

FILE_SCHEMA (('AUTOMOTIVE_DESIGN { 1 0 10303 214 3 1 1 }'));
ENDSEC;

DATA;
#10=MECHANICAL_DESIGN_GEOMETRIC_PRESENTATION_REPRESENTATION('',(#21),#3755);
#11=ITEM_DEFINED_TRANSFORMATION($,$,#2204,#2438);
#12=ITEM_DEFINED_TRANSFORMATION($,$,#2203,#2439);
#13=(
REPRESENTATION_RELATIONSHIP($,$,#3773,#3772)
REPRESENTATION_RELATIONSHIP_WITH_TRANSFORMATION(#11)
SHAPE_REPRESENTATION_RELATIONSHIP()
);
#14=(
REPRESENTATION_RELATIONSHIP($,$,#3772,#3771)
REPRESENTATION_RELATIONSHIP_WITH_TRANSFORMATION(#12)
SHAPE_REPRESENTATION_RELATIONSHIP()
);
#15=CONTEXT_DEPENDENT_SHAPE_REPRESENTATION(#13,#3769);
#16=CONTEXT_DEPENDENT_SHAPE_REPRESENTATION(#14,#3770);
#17=NEXT_ASSEMBLY_USAGE_OCCURRENCE('Cover:1','Cover:1','Cover:1',#3776,
#3777,'Cover:1');
#18=NEXT_ASSEMBLY_USAGE_OCCURRENCE('AMG8833_Housing_Body:1',
'AMG8833_Housing_Body:1','AMG8833_Housing_Body:1',#3775,#3776,
'AMG8833_Housing_Body:1');
#19=SHAPE_REPRESENTATION_RELATIONSHIP('SRR','None',#3773,#20);
#20=ADVANCED_BREP_SHAPE_REPRESENTATION('',(#22),#3754);
#21=STYLED_ITEM('',(#3792),#22);
#22=MANIFOLD_SOLID_BREP('Body1',#2189);
#23=FACE_BOUND('',#795,.T.);
#24=FACE_BOUND('',#796,.T.);
#25=FACE_BOUND('',#797,.T.);
#26=FACE_BOUND('',#823,.T.);
#27=FACE_BOUND('',#826,.T.);
#28=FACE_BOUND('',#829,.T.);
#29=FACE_BOUND('',#839,.T.);
#30=FACE_BOUND('',#842,.T.);
#31=FACE_BOUND('',#845,.T.);
#32=FACE_BOUND('',#861,.T.);
#33=FACE_BOUND('',#862,.T.);
#34=CONICAL_SURFACE('',#2289,0.24,0.785398163397448);
#35=CONICAL_SURFACE('',#2293,0.260000000000001,0.785398163397447);
#36=CONICAL_SURFACE('',#2297,0.164999999999999,0.785398163397444);
#37=CONICAL_SURFACE('',#2301,0.165,0.785398163397444);
#38=CONICAL_SURFACE('',#2305,0.260000000000001,0.785398163397445);
#39=CONICAL_SURFACE('',#2309,0.24,0.78539816339745);
#40=CONICAL_SURFACE('',#2313,0.259999999999999,0.785398163397444);
#41=CONICAL_SURFACE('',#2317,0.165,0.785398163397444);
#42=CONICAL_SURFACE('',#2321,0.165,0.785398163397444);
#43=CONICAL_SURFACE('',#2325,0.259999999999999,0.785398163397445);
#44=CONICAL_SURFACE('',#2351,0.0887401574803151,0.785398163397448);
#45=CONICAL_SURFACE('',#2356,0.135,0.785398163397444);
#46=CONICAL_SURFACE('',#2359,0.134999999999999,0.785398163397444);
#47=CONICAL_SURFACE('',#2362,0.134999999999999,0.785398163397444);
#48=CONICAL_SURFACE('',#2365,0.135,0.785398163397444);
#49=CONICAL_SURFACE('',#2373,0.0887401574803151,0.785398163397448);
#50=CONICAL_SURFACE('',#2377,0.0362598425196847,0.785398163397448);
#51=CONICAL_SURFACE('',#2381,0.0362598425196843,0.785398163397448);
#52=CONICAL_SURFACE('',#2385,0.0362598425196845,0.785398163397446);
#53=CONICAL_SURFACE('',#2389,0.036259842519685,0.785398163397447);
#54=PLANE('',#2222);
#55=PLANE('',#2223);
#56=PLANE('',#2241);
#57=PLANE('',#2242);
#58=PLANE('',#2260);
#59=PLANE('',#2261);
#60=PLANE('',#2279);
#61=PLANE('',#2280);
#62=PLANE('',#2281);
#63=PLANE('',#2282);
#64=PLANE('',#2283);
#65=PLANE('',#2284);
#66=PLANE('',#2285);
#67=PLANE('',#2286);
#68=PLANE('',#2287);
#69=PLANE('',#2288);
#70=PLANE('',#2292);
#71=PLANE('',#2296);
#72=PLANE('',#2300);
#73=PLANE('',#2304);
#74=PLANE('',#2308);
#75=PLANE('',#2312);
#76=PLANE('',#2316);
#77=PLANE('',#2320);
#78=PLANE('',#2324);
#79=PLANE('',#2328);
#80=PLANE('',#2329);
#81=PLANE('',#2332);
#82=PLANE('',#2335);
#83=PLANE('',#2338);
#84=PLANE('',#2341);
#85=PLANE('',#2344);
#86=PLANE('',#2355);
#87=PLANE('',#2358);
#88=PLANE('',#2361);
#89=PLANE('',#2364);
#90=PLANE('',#2369);
#91=PLANE('',#2372);
#92=PLANE('',#2380);
#93=PLANE('',#2384);
#94=PLANE('',#2388);
#95=PLANE('',#2392);
#96=PLANE('',#2393);
#97=PLANE('',#2396);
#98=PLANE('',#2399);
#99=PLANE('',#2400);
#100=PLANE('',#2401);
#101=PLANE('',#2402);
#102=PLANE('',#2403);
#103=PLANE('',#2404);
#104=PLANE('',#2405);
#105=PLANE('',#2406);
#106=PLANE('',#2407);
#107=PLANE('',#2408);
#108=PLANE('',#2411);
#109=PLANE('',#2414);
#110=PLANE('',#2418);
#111=PLANE('',#2420);
#112=PLANE('',#2423);
#113=PLANE('',#2426);
#114=PLANE('',#2429);
#115=PLANE('',#2432);
#116=PLANE('',#2435);
#117=PLANE('',#2436);
#118=PLANE('',#2437);
#119=ELLIPSE('',#2215,0.0271450208683481,0.008);
#120=ELLIPSE('',#2217,0.0104916775798217,0.008);
#121=ELLIPSE('',#2219,0.0104916775798217,0.008);
#122=ELLIPSE('',#2221,0.0271450208683481,0.008);
#123=ELLIPSE('',#2234,0.0271450208683481,0.008);
#124=ELLIPSE('',#2236,0.0104916775798217,0.008);
#125=ELLIPSE('',#2238,0.0104916775798217,0.008);
#126=ELLIPSE('',#2240,0.0271450208683481,0.008);
#127=ELLIPSE('',#2253,0.0271450208683481,0.008);
#128=ELLIPSE('',#2255,0.0104916775798217,0.008);
#129=ELLIPSE('',#2257,0.0104916775798217,0.008);
#130=ELLIPSE('',#2259,0.0271450208683481,0.008);
#131=ELLIPSE('',#2272,0.0271450208683481,0.008);
#132=ELLIPSE('',#2274,0.0104916775798217,0.008);
#133=ELLIPSE('',#2276,0.0104916775798217,0.008);
#134=ELLIPSE('',#2278,0.0271450208683481,0.008);
#135=LINE('',#3140,#341);
#136=LINE('',#3141,#342);
#137=LINE('',#3146,#343);
#138=LINE('',#3147,#344);
#139=LINE('',#3152,#345);
#140=LINE('',#3153,#346);
#141=LINE('',#3158,#347);
#142=LINE('',#3159,#348);
#143=LINE('',#3164,#349);
#144=LINE('',#3165,#350);
#145=LINE('',#3167,#351);
#146=LINE('',#3169,#352);
#147=LINE('',#3185,#353);
#148=LINE('',#3186,#354);
#149=LINE('',#3191,#355);
#150=LINE('',#3192,#356);
#151=LINE('',#3197,#357);
#152=LINE('',#3198,#358);
#153=LINE('',#3203,#359);
#154=LINE('',#3204,#360);
#155=LINE('',#3209,#361);
#156=LINE('',#3210,#362);
#157=LINE('',#3212,#363);
#158=LINE('',#3214,#364);
#159=LINE('',#3230,#365);
#160=LINE('',#3231,#366);
#161=LINE('',#3236,#367);
#162=LINE('',#3237,#368);
#163=LINE('',#3242,#369);
#164=LINE('',#3243,#370);
#165=LINE('',#3248,#371);
#166=LINE('',#3249,#372);
#167=LINE('',#3254,#373);
#168=LINE('',#3255,#374);
#169=LINE('',#3257,#375);
#170=LINE('',#3259,#376);
#171=LINE('',#3275,#377);
#172=LINE('',#3276,#378);
#173=LINE('',#3281,#379);
#174=LINE('',#3282,#380);
#175=LINE('',#3287,#381);
#176=LINE('',#3288,#382);
#177=LINE('',#3293,#383);
#178=LINE('',#3294,#384);
#179=LINE('',#3299,#385);
#180=LINE('',#3300,#386);
#181=LINE('',#3302,#387);
#182=LINE('',#3304,#388);
#183=LINE('',#3306,#389);
#184=LINE('',#3308,#390);
#185=LINE('',#3310,#391);
#186=LINE('',#3312,#392);
#187=LINE('',#3314,#393);
#188=LINE('',#3316,#394);
#189=LINE('',#3318,#395);
#190=LINE('',#3320,#396);
#191=LINE('',#3324,#397);
#192=LINE('',#3328,#398);
#193=LINE('',#3333,#399);
#194=LINE('',#3334,#400);
#195=LINE('',#3335,#401);
#196=LINE('',#3339,#402);
#197=LINE('',#3345,#403);
#198=LINE('',#3346,#404);
#199=LINE('',#3347,#405);
#200=LINE('',#3351,#406);
#201=LINE('',#3357,#407);
#202=LINE('',#3358,#408);
#203=LINE('',#3359,#409);
#204=LINE('',#3363,#410);
#205=LINE('',#3369,#411);
#206=LINE('',#3370,#412);
#207=LINE('',#3371,#413);
#208=LINE('',#3375,#414);
#209=LINE('',#3381,#415);
#210=LINE('',#3382,#416);
#211=LINE('',#3383,#417);
#212=LINE('',#3387,#418);
#213=LINE('',#3393,#419);
#214=LINE('',#3394,#420);
#215=LINE('',#3395,#421);
#216=LINE('',#3399,#422);
#217=LINE('',#3405,#423);
#218=LINE('',#3406,#424);
#219=LINE('',#3407,#425);
#220=LINE('',#3411,#426);
#221=LINE('',#3417,#427);
#222=LINE('',#3418,#428);
#223=LINE('',#3419,#429);
#224=LINE('',#3423,#430);
#225=LINE('',#3429,#431);
#226=LINE('',#3430,#432);
#227=LINE('',#3431,#433);
#228=LINE('',#3435,#434);
#229=LINE('',#3439,#435);
#230=LINE('',#3440,#436);
#231=LINE('',#3443,#437);
#232=LINE('',#3445,#438);
#233=LINE('',#3446,#439);
#234=LINE('',#3449,#440);
#235=LINE('',#3453,#441);
#236=LINE('',#3454,#442);
#237=LINE('',#3457,#443);
#238=LINE('',#3461,#444);
#239=LINE('',#3462,#445);
#240=LINE('',#3465,#446);
#241=LINE('',#3469,#447);
#242=LINE('',#3470,#448);
#243=LINE('',#3473,#449);
#244=LINE('',#3477,#450);
#245=LINE('',#3478,#451);
#246=LINE('',#3481,#452);
#247=LINE('',#3490,#453);
#248=LINE('',#3494,#454);
#249=LINE('',#3498,#455);
#250=LINE('',#3502,#456);
#251=LINE('',#3506,#457);
#252=LINE('',#3511,#458);
#253=LINE('',#3514,#459);
#254=LINE('',#3516,#460);
#255=LINE('',#3517,#461);
#256=LINE('',#3520,#462);
#257=LINE('',#3524,#463);
#258=LINE('',#3525,#464);
#259=LINE('',#3528,#465);
#260=LINE('',#3532,#466);
#261=LINE('',#3533,#467);
#262=LINE('',#3536,#468);
#263=LINE('',#3540,#469);
#264=LINE('',#3541,#470);
#265=LINE('',#3546,#471);
#266=LINE('',#3549,#472);
#267=LINE('',#3552,#473);
#268=LINE('',#3553,#474);
#269=LINE('',#3556,#475);
#270=LINE('',#3560,#476);
#271=LINE('',#3561,#477);
#272=LINE('',#3564,#478);
#273=LINE('',#3569,#479);
#274=LINE('',#3573,#480);
#275=LINE('',#3577,#481);
#276=LINE('',#3582,#482);
#277=LINE('',#3583,#483);
#278=LINE('',#3584,#484);
#279=LINE('',#3588,#485);
#280=LINE('',#3594,#486);
#281=LINE('',#3595,#487);
#282=LINE('',#3596,#488);
#283=LINE('',#3600,#489);
#284=LINE('',#3606,#490);
#285=LINE('',#3607,#491);
#286=LINE('',#3608,#492);
#287=LINE('',#3612,#493);
#288=LINE('',#3616,#494);
#289=LINE('',#3617,#495);
#290=LINE('',#3620,#496);
#291=LINE('',#3622,#497);
#292=LINE('',#3623,#498);
#293=LINE('',#3626,#499);
#294=LINE('',#3630,#500);
#295=LINE('',#3631,#501);
#296=LINE('',#3634,#502);
#297=LINE('',#3639,#503);
#298=LINE('',#3641,#504);
#299=LINE('',#3643,#505);
#300=LINE('',#3644,#506);
#301=LINE('',#3647,#507);
#302=LINE('',#3649,#508);
#303=LINE('',#3650,#509);
#304=LINE('',#3653,#510);
#305=LINE('',#3654,#511);
#306=LINE('',#3657,#512);
#307=LINE('',#3658,#513);
#308=LINE('',#3660,#514);
#309=LINE('',#3663,#515);
#310=LINE('',#3665,#516);
#311=LINE('',#3666,#517);
#312=LINE('',#3669,#518);
#313=LINE('',#3670,#519);
#314=LINE('',#3673,#520);
#315=LINE('',#3674,#521);
#316=LINE('',#3676,#522);
#317=LINE('',#3679,#523);
#318=LINE('',#3680,#524);
#319=LINE('',#3683,#525);
#320=LINE('',#3687,#526);
#321=LINE('',#3688,#527);
#322=LINE('',#3695,#528);
#323=LINE('',#3698,#529);
#324=LINE('',#3700,#530);
#325=LINE('',#3702,#531);
#326=LINE('',#3704,#532);
#327=LINE('',#3709,#533);
#328=LINE('',#3712,#534);
#329=LINE('',#3713,#535);
#330=LINE('',#3717,#536);
#331=LINE('',#3720,#537);
#332=LINE('',#3721,#538);
#333=LINE('',#3725,#539);
#334=LINE('',#3728,#540);
#335=LINE('',#3729,#541);
#336=LINE('',#3733,#542);
#337=LINE('',#3736,#543);
#338=LINE('',#3737,#544);
#339=LINE('',#3741,#545);
#340=LINE('',#3743,#546);
#341=VECTOR('',#2464,0.393700787401575);
#342=VECTOR('',#2465,0.393700787401575);
#343=VECTOR('',#2470,0.393700787401575);
#344=VECTOR('',#2471,0.393700787401575);
#345=VECTOR('',#2476,0.393700787401575);
#346=VECTOR('',#2477,0.393700787401575);
#347=VECTOR('',#2482,0.393700787401575);
#348=VECTOR('',#2483,0.393700787401575);
#349=VECTOR('',#2488,0.393700787401575);
#350=VECTOR('',#2489,0.393700787401575);
#351=VECTOR('',#2492,0.393700787401575);
#352=VECTOR('',#2495,0.393700787401575);
#353=VECTOR('',#2514,0.393700787401575);
#354=VECTOR('',#2515,0.393700787401575);
#355=VECTOR('',#2520,0.393700787401575);
#356=VECTOR('',#2521,0.393700787401575);
#357=VECTOR('',#2526,0.393700787401575);
#358=VECTOR('',#2527,0.393700787401575);
#359=VECTOR('',#2532,0.393700787401575);
#360=VECTOR('',#2533,0.393700787401575);
#361=VECTOR('',#2538,0.393700787401575);
#362=VECTOR('',#2539,0.393700787401575);
#363=VECTOR('',#2542,0.393700787401575);
#364=VECTOR('',#2545,0.393700787401575);
#365=VECTOR('',#2564,0.393700787401575);
#366=VECTOR('',#2565,0.393700787401575);
#367=VECTOR('',#2570,0.393700787401575);
#368=VECTOR('',#2571,0.393700787401575);
#369=VECTOR('',#2576,0.393700787401575);
#370=VECTOR('',#2577,0.393700787401575);
#371=VECTOR('',#2582,0.393700787401575);
#372=VECTOR('',#2583,0.393700787401575);
#373=VECTOR('',#2588,0.393700787401575);
#374=VECTOR('',#2589,0.393700787401575);
#375=VECTOR('',#2592,0.393700787401575);
#376=VECTOR('',#2595,0.393700787401575);
#377=VECTOR('',#2614,0.393700787401575);
#378=VECTOR('',#2615,0.393700787401575);
#379=VECTOR('',#2620,0.393700787401575);
#380=VECTOR('',#2621,0.393700787401575);
#381=VECTOR('',#2626,0.393700787401575);
#382=VECTOR('',#2627,0.393700787401575);
#383=VECTOR('',#2632,0.393700787401575);
#384=VECTOR('',#2633,0.393700787401575);
#385=VECTOR('',#2638,0.393700787401575);
#386=VECTOR('',#2639,0.393700787401575);
#387=VECTOR('',#2642,0.393700787401575);
#388=VECTOR('',#2645,0.393700787401575);
#389=VECTOR('',#2648,0.393700787401575);
#390=VECTOR('',#2651,0.393700787401575);
#391=VECTOR('',#2654,0.393700787401575);
#392=VECTOR('',#2657,0.393700787401575);
#393=VECTOR('',#2660,0.393700787401575);
#394=VECTOR('',#2663,0.393700787401575);
#395=VECTOR('',#2666,0.393700787401575);
#396=VECTOR('',#2669,0.393700787401575);
#397=VECTOR('',#2672,0.393700787401575);
#398=VECTOR('',#2675,0.393700787401575);
#399=VECTOR('',#2680,0.393700787401575);
#400=VECTOR('',#2681,0.393700787401575);
#401=VECTOR('',#2682,0.393700787401575);
#402=VECTOR('',#2685,0.393700787401575);
#403=VECTOR('',#2692,0.393700787401575);
#404=VECTOR('',#2693,0.393700787401575);
#405=VECTOR('',#2694,0.393700787401575);
#406=VECTOR('',#2697,0.393700787401575);
#407=VECTOR('',#2704,0.393700787401575);
#408=VECTOR('',#2705,0.393700787401575);
#409=VECTOR('',#2706,0.393700787401575);
#410=VECTOR('',#2709,0.393700787401575);
#411=VECTOR('',#2716,0.393700787401575);
#412=VECTOR('',#2717,0.393700787401575);
#413=VECTOR('',#2718,0.393700787401575);
#414=VECTOR('',#2721,0.393700787401575);
#415=VECTOR('',#2728,0.393700787401575);
#416=VECTOR('',#2729,0.393700787401575);
#417=VECTOR('',#2730,0.393700787401575);
#418=VECTOR('',#2733,0.393700787401575);
#419=VECTOR('',#2740,0.393700787401575);
#420=VECTOR('',#2741,0.393700787401575);
#421=VECTOR('',#2742,0.393700787401575);
#422=VECTOR('',#2745,0.393700787401575);
#423=VECTOR('',#2752,0.393700787401575);
#424=VECTOR('',#2753,0.393700787401575);
#425=VECTOR('',#2754,0.393700787401575);
#426=VECTOR('',#2757,0.393700787401575);
#427=VECTOR('',#2764,0.393700787401575);
#428=VECTOR('',#2765,0.393700787401575);
#429=VECTOR('',#2766,0.393700787401575);
#430=VECTOR('',#2769,0.393700787401575);
#431=VECTOR('',#2776,0.393700787401575);
#432=VECTOR('',#2777,0.393700787401575);
#433=VECTOR('',#2778,0.393700787401575);
#434=VECTOR('',#2781,0.393700787401575);
#435=VECTOR('',#2788,0.393700787401575);
#436=VECTOR('',#2789,0.393700787401575);
#437=VECTOR('',#2792,0.393700787401575);
#438=VECTOR('',#2793,0.393700787401575);
#439=VECTOR('',#2794,0.393700787401575);
#440=VECTOR('',#2797,0.393700787401575);
#441=VECTOR('',#2802,0.393700787401575);
#442=VECTOR('',#2803,0.393700787401575);
#443=VECTOR('',#2806,0.393700787401575);
#444=VECTOR('',#2811,0.393700787401575);
#445=VECTOR('',#2812,0.393700787401575);
#446=VECTOR('',#2815,0.393700787401575);
#447=VECTOR('',#2820,0.393700787401575);
#448=VECTOR('',#2821,0.393700787401575);
#449=VECTOR('',#2824,0.393700787401575);
#450=VECTOR('',#2829,0.393700787401575);
#451=VECTOR('',#2830,0.393700787401575);
#452=VECTOR('',#2833,0.393700787401575);
#453=VECTOR('',#2842,0.393700787401575);
#454=VECTOR('',#2845,0.393700787401575);
#455=VECTOR('',#2848,0.393700787401575);
#456=VECTOR('',#2851,0.393700787401575);
#457=VECTOR('',#2856,0.0887401574803151);
#458=VECTOR('',#2863,0.078740157480315);
#459=VECTOR('',#2866,0.393700787401575);
#460=VECTOR('',#2867,0.393700787401575);
#461=VECTOR('',#2868,0.393700787401575);
#462=VECTOR('',#2871,0.393700787401575);
#463=VECTOR('',#2876,0.393700787401575);
#464=VECTOR('',#2877,0.393700787401575);
#465=VECTOR('',#2880,0.393700787401575);
#466=VECTOR('',#2885,0.393700787401575);
#467=VECTOR('',#2886,0.393700787401575);
#468=VECTOR('',#2889,0.393700787401575);
#469=VECTOR('',#2894,0.393700787401575);
#470=VECTOR('',#2895,0.393700787401575);
#471=VECTOR('',#2902,0.393700787401575);
#472=VECTOR('',#2905,0.393700787401575);
#473=VECTOR('',#2908,0.393700787401575);
#474=VECTOR('',#2909,0.393700787401575);
#475=VECTOR('',#2912,0.393700787401575);
#476=VECTOR('',#2917,0.393700787401575);
#477=VECTOR('',#2918,0.393700787401575);
#478=VECTOR('',#2921,0.0887401574803151);
#479=VECTOR('',#2928,0.078740157480315);
#480=VECTOR('',#2931,0.393700787401575);
#481=VECTOR('',#2934,0.393700787401575);
#482=VECTOR('',#2939,0.393700787401575);
#483=VECTOR('',#2940,0.393700787401575);
#484=VECTOR('',#2941,0.393700787401575);
#485=VECTOR('',#2944,0.393700787401575);
#486=VECTOR('',#2951,0.393700787401575);
#487=VECTOR('',#2952,0.393700787401575);
#488=VECTOR('',#2953,0.393700787401575);
#489=VECTOR('',#2956,0.393700787401575);
#490=VECTOR('',#2963,0.393700787401575);
#491=VECTOR('',#2964,0.393700787401575);
#492=VECTOR('',#2965,0.393700787401575);
#493=VECTOR('',#2968,0.393700787401575);
#494=VECTOR('',#2975,0.393700787401575);
#495=VECTOR('',#2976,0.393700787401575);
#496=VECTOR('',#2979,0.393700787401575);
#497=VECTOR('',#2980,0.393700787401575);
#498=VECTOR('',#2981,0.393700787401575);
#499=VECTOR('',#2984,0.393700787401575);
#500=VECTOR('',#2989,0.393700787401575);
#501=VECTOR('',#2990,0.393700787401575);
#502=VECTOR('',#2993,0.393700787401575);
#503=VECTOR('',#2998,0.393700787401575);
#504=VECTOR('',#2999,0.393700787401575);
#505=VECTOR('',#3000,0.393700787401575);
#506=VECTOR('',#3001,0.393700787401575);
#507=VECTOR('',#3004,0.393700787401575);
#508=VECTOR('',#3005,0.393700787401575);
#509=VECTOR('',#3006,0.393700787401575);
#510=VECTOR('',#3009,0.393700787401575);
#511=VECTOR('',#3010,0.393700787401575);
#512=VECTOR('',#3013,0.393700787401575);
#513=VECTOR('',#3014,0.393700787401575);
#514=VECTOR('',#3017,0.393700787401575);
#515=VECTOR('',#3020,0.393700787401575);
#516=VECTOR('',#3021,0.393700787401575);
#517=VECTOR('',#3022,0.393700787401575);
#518=VECTOR('',#3025,0.393700787401575);
#519=VECTOR('',#3026,0.393700787401575);
#520=VECTOR('',#3029,0.393700787401575);
#521=VECTOR('',#3030,0.393700787401575);
#522=VECTOR('',#3033,0.393700787401575);
#523=VECTOR('',#3036,0.393700787401575);
#524=VECTOR('',#3037,0.393700787401575);
#525=VECTOR('',#3040,0.393700787401575);
#526=VECTOR('',#3045,0.393700787401575);
#527=VECTOR('',#3046,0.393700787401575);
#528=VECTOR('',#3055,0.393700787401575);
#529=VECTOR('',#3058,0.393700787401575);
#530=VECTOR('',#3061,0.393700787401575);
#531=VECTOR('',#3064,0.393700787401575);
#532=VECTOR('',#3067,0.393700787401575);
#533=VECTOR('',#3074,0.393700787401575);
#534=VECTOR('',#3077,0.393700787401575);
#535=VECTOR('',#3078,0.393700787401575);
#536=VECTOR('',#3083,0.393700787401575);
#537=VECTOR('',#3086,0.393700787401575);
#538=VECTOR('',#3087,0.393700787401575);
#539=VECTOR('',#3092,0.393700787401575);
#540=VECTOR('',#3095,0.393700787401575);
#541=VECTOR('',#3096,0.393700787401575);
#542=VECTOR('',#3101,0.393700787401575);
#543=VECTOR('',#3104,0.393700787401575);
#544=VECTOR('',#3105,0.393700787401575);
#545=VECTOR('',#3110,0.393700787401575);
#546=VECTOR('',#3113,0.393700787401575);
#547=CYLINDRICAL_SURFACE('',#2213,0.008);
#548=CYLINDRICAL_SURFACE('',#2214,0.008);
#549=CYLINDRICAL_SURFACE('',#2216,0.008);
#550=CYLINDRICAL_SURFACE('',#2218,0.008);
#551=CYLINDRICAL_SURFACE('',#2220,0.008);
#552=CYLINDRICAL_SURFACE('',#2232,0.008);
#553=CYLINDRICAL_SURFACE('',#2233,0.008);
#554=CYLINDRICAL_SURFACE('',#2235,0.008);
#555=CYLINDRICAL_SURFACE('',#2237,0.008);
#556=CYLINDRICAL_SURFACE('',#2239,0.008);
#557=CYLINDRICAL_SURFACE('',#2251,0.008);
#558=CYLINDRICAL_SURFACE('',#2252,0.008);
#559=CYLINDRICAL_SURFACE('',#2254,0.008);
#560=CYLINDRICAL_SURFACE('',#2256,0.008);
#561=CYLINDRICAL_SURFACE('',#2258,0.008);
#562=CYLINDRICAL_SURFACE('',#2270,0.008);
#563=CYLINDRICAL_SURFACE('',#2271,0.008);
#564=CYLINDRICAL_SURFACE('',#2273,0.008);
#565=CYLINDRICAL_SURFACE('',#2275,0.008);
#566=CYLINDRICAL_SURFACE('',#2277,0.008);
#567=CYLINDRICAL_SURFACE('',#2330,0.250000000000001);
#568=CYLINDRICAL_SURFACE('',#2333,0.175);
#569=CYLINDRICAL_SURFACE('',#2336,0.174999999999999);
#570=CYLINDRICAL_SURFACE('',#2339,0.250000000000001);
#571=CYLINDRICAL_SURFACE('',#2342,0.25);
#572=CYLINDRICAL_SURFACE('',#2353,0.078740157480315);
#573=CYLINDRICAL_SURFACE('',#2367,0.125);
#574=CYLINDRICAL_SURFACE('',#2370,0.125);
#575=CYLINDRICAL_SURFACE('',#2375,0.078740157480315);
#576=CYLINDRICAL_SURFACE('',#2394,0.0462598425196843);
#577=CYLINDRICAL_SURFACE('',#2397,0.0462598425196847);
#578=CYLINDRICAL_SURFACE('',#2409,0.046259842519685);
#579=CYLINDRICAL_SURFACE('',#2412,0.0462598425196845);
#580=CYLINDRICAL_SURFACE('',#2417,0.125);
#581=CYLINDRICAL_SURFACE('',#2419,0.124999999999999);
#582=CYLINDRICAL_SURFACE('',#2421,0.25);
#583=CYLINDRICAL_SURFACE('',#2424,0.249999999999999);
#584=CYLINDRICAL_SURFACE('',#2427,0.175);
#585=CYLINDRICAL_SURFACE('',#2430,0.175);
#586=CYLINDRICAL_SURFACE('',#2433,0.249999999999999);
#587=FACE_OUTER_BOUND('',#720,.T.);
#588=FACE_OUTER_BOUND('',#721,.T.);
#589=FACE_OUTER_BOUND('',#722,.T.);
#590=FACE_OUTER_BOUND('',#723,.T.);
#591=FACE_OUTER_BOUND('',#724,.T.);
#592=FACE_OUTER_BOUND('',#725,.T.);
#593=FACE_OUTER_BOUND('',#726,.T.);
#594=FACE_OUTER_BOUND('',#727,.T.);
#595=FACE_OUTER_BOUND('',#728,.T.);
#596=FACE_OUTER_BOUND('',#729,.T.);
#597=FACE_OUTER_BOUND('',#730,.T.);
#598=FACE_OUTER_BOUND('',#731,.T.);
#599=FACE_OUTER_BOUND('',#732,.T.);
#600=FACE_OUTER_BOUND('',#733,.T.);
#601=FACE_OUTER_BOUND('',#734,.T.);
#602=FACE_OUTER_BOUND('',#735,.T.);
#603=FACE_OUTER_BOUND('',#736,.T.);
#604=FACE_OUTER_BOUND('',#737,.T.);
#605=FACE_OUTER_BOUND('',#738,.T.);
#606=FACE_OUTER_BOUND('',#739,.T.);
#607=FACE_OUTER_BOUND('',#740,.T.);
#608=FACE_OUTER_BOUND('',#741,.T.);
#609=FACE_OUTER_BOUND('',#742,.T.);
#610=FACE_OUTER_BOUND('',#743,.T.);
#611=FACE_OUTER_BOUND('',#744,.T.);
#612=FACE_OUTER_BOUND('',#745,.T.);
#613=FACE_OUTER_BOUND('',#746,.T.);
#614=FACE_OUTER_BOUND('',#747,.T.);
#615=FACE_OUTER_BOUND('',#748,.T.);
#616=FACE_OUTER_BOUND('',#749,.T.);
#617=FACE_OUTER_BOUND('',#750,.T.);
#618=FACE_OUTER_BOUND('',#751,.T.);
#619=FACE_OUTER_BOUND('',#752,.T.);
#620=FACE_OUTER_BOUND('',#753,.T.);
#621=FACE_OUTER_BOUND('',#754,.T.);
#622=FACE_OUTER_BOUND('',#755,.T.);
#623=FACE_OUTER_BOUND('',#756,.T.);
#624=FACE_OUTER_BOUND('',#757,.T.);
#625=FACE_OUTER_BOUND('',#758,.T.);
#626=FACE_OUTER_BOUND('',#759,.T.);
#627=FACE_OUTER_BOUND('',#760,.T.);
#628=FACE_OUTER_BOUND('',#761,.T.);
#629=FACE_OUTER_BOUND('',#762,.T.);
#630=FACE_OUTER_BOUND('',#763,.T.);
#631=FACE_OUTER_BOUND('',#764,.T.);
#632=FACE_OUTER_BOUND('',#765,.T.);
#633=FACE_OUTER_BOUND('',#766,.T.);
#634=FACE_OUTER_BOUND('',#767,.T.);
#635=FACE_OUTER_BOUND('',#768,.T.);
#636=FACE_OUTER_BOUND('',#769,.T.);
#637=FACE_OUTER_BOUND('',#770,.T.);
#638=FACE_OUTER_BOUND('',#771,.T.);
#639=FACE_OUTER_BOUND('',#772,.T.);
#640=FACE_OUTER_BOUND('',#773,.T.);
#641=FACE_OUTER_BOUND('',#774,.T.);
#642=FACE_OUTER_BOUND('',#775,.T.);
#643=FACE_OUTER_BOUND('',#776,.T.);
#644=FACE_OUTER_BOUND('',#777,.T.);
#645=FACE_OUTER_BOUND('',#778,.T.);
#646=FACE_OUTER_BOUND('',#779,.T.);
#647=FACE_OUTER_BOUND('',#780,.T.);
#648=FACE_OUTER_BOUND('',#781,.T.);
#649=FACE_OUTER_BOUND('',#782,.T.);
#650=FACE_OUTER_BOUND('',#783,.T.);
#651=FACE_OUTER_BOUND('',#784,.T.);
#652=FACE_OUTER_BOUND('',#785,.T.);
#653=FACE_OUTER_BOUND('',#786,.T.);
#654=FACE_OUTER_BOUND('',#787,.T.);
#655=FACE_OUTER_BOUND('',#788,.T.);
#656=FACE_OUTER_BOUND('',#789,.T.);
#657=FACE_OUTER_BOUND('',#790,.T.);
#658=FACE_OUTER_BOUND('',#791,.T.);
#659=FACE_OUTER_BOUND('',#792,.T.);
#660=FACE_OUTER_BOUND('',#793,.T.);
#661=FACE_OUTER_BOUND('',#794,.T.);
#662=FACE_OUTER_BOUND('',#798,.T.);
#663=FACE_OUTER_BOUND('',#799,.T.);
#664=FACE_OUTER_BOUND('',#800,.T.);
#665=FACE_OUTER_BOUND('',#801,.T.);
#666=FACE_OUTER_BOUND('',#802,.T.);
#667=FACE_OUTER_BOUND('',#803,.T.);
#668=FACE_OUTER_BOUND('',#804,.T.);
#669=FACE_OUTER_BOUND('',#805,.T.);
#670=FACE_OUTER_BOUND('',#806,.T.);
#671=FACE_OUTER_BOUND('',#807,.T.);
#672=FACE_OUTER_BOUND('',#808,.T.);
#673=FACE_OUTER_BOUND('',#809,.T.);
#674=FACE_OUTER_BOUND('',#810,.T.);
#675=FACE_OUTER_BOUND('',#811,.T.);
#676=FACE_OUTER_BOUND('',#812,.T.);
#677=FACE_OUTER_BOUND('',#813,.T.);
#678=FACE_OUTER_BOUND('',#814,.T.);
#679=FACE_OUTER_BOUND('',#815,.T.);
#680=FACE_OUTER_BOUND('',#816,.T.);
#681=FACE_OUTER_BOUND('',#817,.T.);
#682=FACE_OUTER_BOUND('',#818,.T.);
#683=FACE_OUTER_BOUND('',#819,.T.);
#684=FACE_OUTER_BOUND('',#820,.T.);
#685=FACE_OUTER_BOUND('',#821,.T.);
#686=FACE_OUTER_BOUND('',#822,.T.);
#687=FACE_OUTER_BOUND('',#824,.T.);
#688=FACE_OUTER_BOUND('',#825,.T.);
#689=FACE_OUTER_BOUND('',#827,.T.);
#690=FACE_OUTER_BOUND('',#828,.T.);
#691=FACE_OUTER_BOUND('',#830,.T.);
#692=FACE_OUTER_BOUND('',#831,.T.);
#693=FACE_OUTER_BOUND('',#832,.T.);
#694=FACE_OUTER_BOUND('',#833,.T.);
#695=FACE_OUTER_BOUND('',#834,.T.);
#696=FACE_OUTER_BOUND('',#835,.T.);
#697=FACE_OUTER_BOUND('',#836,.T.);
#698=FACE_OUTER_BOUND('',#837,.T.);
#699=FACE_OUTER_BOUND('',#838,.T.);
#700=FACE_OUTER_BOUND('',#840,.T.);
#701=FACE_OUTER_BOUND('',#841,.T.);
#702=FACE_OUTER_BOUND('',#843,.T.);
#703=FACE_OUTER_BOUND('',#844,.T.);
#704=FACE_OUTER_BOUND('',#846,.T.);
#705=FACE_OUTER_BOUND('',#847,.T.);
#706=FACE_OUTER_BOUND('',#848,.T.);
#707=FACE_OUTER_BOUND('',#849,.T.);
#708=FACE_OUTER_BOUND('',#850,.T.);
#709=FACE_OUTER_BOUND('',#851,.T.);
#710=FACE_OUTER_BOUND('',#852,.T.);
#711=FACE_OUTER_BOUND('',#853,.T.);
#712=FACE_OUTER_BOUND('',#854,.T.);
#713=FACE_OUTER_BOUND('',#855,.T.);
#714=FACE_OUTER_BOUND('',#856,.T.);
#715=FACE_OUTER_BOUND('',#857,.T.);
#716=FACE_OUTER_BOUND('',#858,.T.);
#717=FACE_OUTER_BOUND('',#859,.T.);
#718=FACE_OUTER_BOUND('',#860,.T.);
#719=FACE_OUTER_BOUND('',#863,.T.);
#720=EDGE_LOOP('',(#1436,#1437,#1438));
#721=EDGE_LOOP('',(#1439,#1440,#1441));
#722=EDGE_LOOP('',(#1442,#1443,#1444,#1445));
#723=EDGE_LOOP('',(#1446,#1447,#1448,#1449));
#724=EDGE_LOOP('',(#1450,#1451,#1452,#1453));
#725=EDGE_LOOP('',(#1454,#1455,#1456,#1457));
#726=EDGE_LOOP('',(#1458,#1459,#1460,#1461));
#727=EDGE_LOOP('',(#1462,#1463,#1464));
#728=EDGE_LOOP('',(#1465,#1466,#1467,#1468));
#729=EDGE_LOOP('',(#1469,#1470,#1471));
#730=EDGE_LOOP('',(#1472,#1473,#1474));
#731=EDGE_LOOP('',(#1475,#1476,#1477,#1478));
#732=EDGE_LOOP('',(#1479,#1480,#1481,#1482));
#733=EDGE_LOOP('',(#1483,#1484,#1485,#1486));
#734=EDGE_LOOP('',(#1487,#1488,#1489,#1490));
#735=EDGE_LOOP('',(#1491,#1492,#1493,#1494));
#736=EDGE_LOOP('',(#1495,#1496,#1497));
#737=EDGE_LOOP('',(#1498,#1499,#1500,#1501));
#738=EDGE_LOOP('',(#1502,#1503,#1504));
#739=EDGE_LOOP('',(#1505,#1506,#1507));
#740=EDGE_LOOP('',(#1508,#1509,#1510,#1511));
#741=EDGE_LOOP('',(#1512,#1513,#1514,#1515));
#742=EDGE_LOOP('',(#1516,#1517,#1518,#1519));
#743=EDGE_LOOP('',(#1520,#1521,#1522,#1523));
#744=EDGE_LOOP('',(#1524,#1525,#1526,#1527));
#745=EDGE_LOOP('',(#1528,#1529,#1530));
#746=EDGE_LOOP('',(#1531,#1532,#1533,#1534));
#747=EDGE_LOOP('',(#1535,#1536,#1537));
#748=EDGE_LOOP('',(#1538,#1539,#1540));
#749=EDGE_LOOP('',(#1541,#1542,#1543,#1544));
#750=EDGE_LOOP('',(#1545,#1546,#1547,#1548));
#751=EDGE_LOOP('',(#1549,#1550,#1551,#1552));
#752=EDGE_LOOP('',(#1553,#1554,#1555,#1556));
#753=EDGE_LOOP('',(#1557,#1558,#1559,#1560));
#754=EDGE_LOOP('',(#1561,#1562,#1563));
#755=EDGE_LOOP('',(#1564,#1565,#1566,#1567));
#756=EDGE_LOOP('',(#1568,#1569,#1570,#1571));
#757=EDGE_LOOP('',(#1572,#1573,#1574));
#758=EDGE_LOOP('',(#1575,#1576,#1577,#1578));
#759=EDGE_LOOP('',(#1579,#1580,#1581));
#760=EDGE_LOOP('',(#1582,#1583,#1584,#1585));
#761=EDGE_LOOP('',(#1586,#1587,#1588));
#762=EDGE_LOOP('',(#1589,#1590,#1591,#1592));
#763=EDGE_LOOP('',(#1593,#1594,#1595));
#764=EDGE_LOOP('',(#1596,#1597,#1598,#1599));
#765=EDGE_LOOP('',(#1600,#1601,#1602,#1603));
#766=EDGE_LOOP('',(#1604,#1605,#1606,#1607));
#767=EDGE_LOOP('',(#1608,#1609,#1610,#1611));
#768=EDGE_LOOP('',(#1612,#1613,#1614,#1615));
#769=EDGE_LOOP('',(#1616,#1617,#1618,#1619));
#770=EDGE_LOOP('',(#1620,#1621,#1622,#1623));
#771=EDGE_LOOP('',(#1624,#1625,#1626,#1627));
#772=EDGE_LOOP('',(#1628,#1629,#1630,#1631));
#773=EDGE_LOOP('',(#1632,#1633,#1634,#1635));
#774=EDGE_LOOP('',(#1636,#1637,#1638,#1639));
#775=EDGE_LOOP('',(#1640,#1641,#1642,#1643));
#776=EDGE_LOOP('',(#1644,#1645,#1646,#1647));
#777=EDGE_LOOP('',(#1648,#1649,#1650,#1651));
#778=EDGE_LOOP('',(#1652,#1653,#1654,#1655));
#779=EDGE_LOOP('',(#1656,#1657,#1658,#1659));
#780=EDGE_LOOP('',(#1660,#1661,#1662,#1663));
#781=EDGE_LOOP('',(#1664,#1665,#1666,#1667));
#782=EDGE_LOOP('',(#1668,#1669,#1670,#1671));
#783=EDGE_LOOP('',(#1672,#1673,#1674,#1675));
#784=EDGE_LOOP('',(#1676,#1677,#1678,#1679));
#785=EDGE_LOOP('',(#1680,#1681,#1682,#1683));
#786=EDGE_LOOP('',(#1684,#1685,#1686,#1687));
#787=EDGE_LOOP('',(#1688,#1689,#1690,#1691));
#788=EDGE_LOOP('',(#1692,#1693,#1694,#1695));
#789=EDGE_LOOP('',(#1696,#1697,#1698,#1699));
#790=EDGE_LOOP('',(#1700,#1701,#1702,#1703));
#791=EDGE_LOOP('',(#1704,#1705,#1706,#1707));
#792=EDGE_LOOP('',(#1708,#1709,#1710,#1711));
#793=EDGE_LOOP('',(#1712,#1713,#1714,#1715));
#794=EDGE_LOOP('',(#1716,#1717,#1718,#1719,#1720,#1721,#1722,#1723,#1724,
#1725,#1726,#1727,#1728,#1729,#1730,#1731,#1732,#1733,#1734,#1735));
#795=EDGE_LOOP('',(#1736));
#796=EDGE_LOOP('',(#1737));
#797=EDGE_LOOP('',(#1738,#1739,#1740,#1741,#1742,#1743,#1744,#1745));
#798=EDGE_LOOP('',(#1746,#1747,#1748,#1749));
#799=EDGE_LOOP('',(#1750,#1751,#1752,#1753));
#800=EDGE_LOOP('',(#1754,#1755,#1756,#1757));
#801=EDGE_LOOP('',(#1758,#1759,#1760,#1761));
#802=EDGE_LOOP('',(#1762,#1763,#1764,#1765));
#803=EDGE_LOOP('',(#1766,#1767,#1768,#1769));
#804=EDGE_LOOP('',(#1770,#1771,#1772,#1773));
#805=EDGE_LOOP('',(#1774,#1775,#1776,#1777));
#806=EDGE_LOOP('',(#1778,#1779,#1780,#1781));
#807=EDGE_LOOP('',(#1782,#1783,#1784,#1785));
#808=EDGE_LOOP('',(#1786,#1787,#1788,#1789));
#809=EDGE_LOOP('',(#1790,#1791,#1792,#1793));
#810=EDGE_LOOP('',(#1794,#1795,#1796,#1797));
#811=EDGE_LOOP('',(#1798,#1799,#1800,#1801));
#812=EDGE_LOOP('',(#1802,#1803,#1804,#1805));
#813=EDGE_LOOP('',(#1806,#1807,#1808,#1809));
#814=EDGE_LOOP('',(#1810,#1811,#1812,#1813));
#815=EDGE_LOOP('',(#1814,#1815,#1816,#1817));
#816=EDGE_LOOP('',(#1818,#1819,#1820,#1821));
#817=EDGE_LOOP('',(#1822,#1823,#1824,#1825));
#818=EDGE_LOOP('',(#1826,#1827,#1828,#1829));
#819=EDGE_LOOP('',(#1830,#1831,#1832,#1833));
#820=EDGE_LOOP('',(#1834,#1835,#1836,#1837));
#821=EDGE_LOOP('',(#1838,#1839,#1840,#1841));
#822=EDGE_LOOP('',(#1842,#1843,#1844,#1845));
#823=EDGE_LOOP('',(#1846,#1847,#1848,#1849,#1850,#1851,#1852,#1853));
#824=EDGE_LOOP('',(#1854,#1855,#1856,#1857));
#825=EDGE_LOOP('',(#1858,#1859,#1860,#1861));
#826=EDGE_LOOP('',(#1862,#1863,#1864,#1865,#1866,#1867,#1868,#1869));
#827=EDGE_LOOP('',(#1870,#1871,#1872,#1873));
#828=EDGE_LOOP('',(#1874,#1875,#1876,#1877,#1878,#1879,#1880,#1881));
#829=EDGE_LOOP('',(#1882,#1883,#1884,#1885));
#830=EDGE_LOOP('',(#1886,#1887,#1888,#1889));
#831=EDGE_LOOP('',(#1890,#1891,#1892,#1893));
#832=EDGE_LOOP('',(#1894,#1895,#1896,#1897));
#833=EDGE_LOOP('',(#1898,#1899,#1900,#1901));
#834=EDGE_LOOP('',(#1902,#1903,#1904,#1905));
#835=EDGE_LOOP('',(#1906,#1907,#1908,#1909));
#836=EDGE_LOOP('',(#1910,#1911,#1912,#1913));
#837=EDGE_LOOP('',(#1914,#1915,#1916,#1917));
#838=EDGE_LOOP('',(#1918,#1919,#1920,#1921));
#839=EDGE_LOOP('',(#1922,#1923,#1924,#1925,#1926,#1927,#1928,#1929));
#840=EDGE_LOOP('',(#1930,#1931,#1932,#1933));
#841=EDGE_LOOP('',(#1934,#1935,#1936,#1937));
#842=EDGE_LOOP('',(#1938,#1939,#1940,#1941,#1942,#1943,#1944,#1945));
#843=EDGE_LOOP('',(#1946,#1947,#1948,#1949));
#844=EDGE_LOOP('',(#1950,#1951,#1952,#1953,#1954,#1955,#1956,#1957));
#845=EDGE_LOOP('',(#1958,#1959,#1960,#1961,#1962,#1963,#1964,#1965));
#846=EDGE_LOOP('',(#1966,#1967,#1968,#1969));
#847=EDGE_LOOP('',(#1970,#1971,#1972,#1973));
#848=EDGE_LOOP('',(#1974,#1975,#1976,#1977));
#849=EDGE_LOOP('',(#1978,#1979,#1980,#1981));
#850=EDGE_LOOP('',(#1982,#1983,#1984,#1985));
#851=EDGE_LOOP('',(#1986,#1987,#1988,#1989));
#852=EDGE_LOOP('',(#1990,#1991,#1992,#1993));
#853=EDGE_LOOP('',(#1994,#1995,#1996,#1997));
#854=EDGE_LOOP('',(#1998,#1999,#2000,#2001));
#855=EDGE_LOOP('',(#2002,#2003,#2004,#2005));
#856=EDGE_LOOP('',(#2006,#2007,#2008,#2009));
#857=EDGE_LOOP('',(#2010,#2011,#2012,#2013));
#858=EDGE_LOOP('',(#2014,#2015,#2016,#2017));
#859=EDGE_LOOP('',(#2018,#2019,#2020,#2021));
#860=EDGE_LOOP('',(#2022,#2023,#2024,#2025,#2026,#2027,#2028,#2029,#2030,
#2031,#2032,#2033,#2034,#2035,#2036,#2037,#2038,#2039,#2040,#2041));
#861=EDGE_LOOP('',(#2042));
#862=EDGE_LOOP('',(#2043));
#863=EDGE_LOOP('',(#2044,#2045,#2046,#2047));
#864=CIRCLE('',#2206,0.00800000000000008);
#865=CIRCLE('',#2207,0.00799999999999989);
#866=CIRCLE('',#2208,0.008);
#867=CIRCLE('',#2210,0.00799999999999989);
#868=CIRCLE('',#2211,0.00800000000000008);
#869=CIRCLE('',#2212,0.008);
#870=CIRCLE('',#2225,0.00800000000000008);
#871=CIRCLE('',#2226,0.00799999999999989);
#872=CIRCLE('',#2227,0.008);
#873=CIRCLE('',#2229,0.00799999999999989);
#874=CIRCLE('',#2230,0.00800000000000008);
#875=CIRCLE('',#2231,0.008);
#876=CIRCLE('',#2244,0.00800000000000008);
#877=CIRCLE('',#2245,0.00799999999999989);
#878=CIRCLE('',#2246,0.008);
#879=CIRCLE('',#2248,0.00799999999999989);
#880=CIRCLE('',#2249,0.00800000000000008);
#881=CIRCLE('',#2250,0.008);
#882=CIRCLE('',#2263,0.00800000000000008);
#883=CIRCLE('',#2264,0.00799999999999989);
#884=CIRCLE('',#2265,0.008);
#885=CIRCLE('',#2267,0.00799999999999989);
#886=CIRCLE('',#2268,0.00800000000000008);
#887=CIRCLE('',#2269,0.008);
#888=CIRCLE('',#2290,0.23);
#889=CIRCLE('',#2291,0.25);
#890=CIRCLE('',#2294,0.270000000000001);
#891=CIRCLE('',#2295,0.250000000000001);
#892=CIRCLE('',#2298,0.154999999999999);
#893=CIRCLE('',#2299,0.174999999999999);
#894=CIRCLE('',#2302,0.155);
#895=CIRCLE('',#2303,0.175);
#896=CIRCLE('',#2306,0.270000000000001);
#897=CIRCLE('',#2307,0.250000000000001);
#898=CIRCLE('',#2310,0.23);
#899=CIRCLE('',#2311,0.25);
#900=CIRCLE('',#2314,0.269999999999999);
#901=CIRCLE('',#2315,0.249999999999999);
#902=CIRCLE('',#2318,0.155);
#903=CIRCLE('',#2319,0.175);
#904=CIRCLE('',#2322,0.155);
#905=CIRCLE('',#2323,0.175);
#906=CIRCLE('',#2326,0.269999999999999);
#907=CIRCLE('',#2327,0.249999999999999);
#908=CIRCLE('',#2331,0.250000000000001);
#909=CIRCLE('',#2334,0.175);
#910=CIRCLE('',#2337,0.174999999999999);
#911=CIRCLE('',#2340,0.250000000000001);
#912=CIRCLE('',#2343,0.25);
#913=CIRCLE('',#2345,0.0987401574803151);
#914=CIRCLE('',#2346,0.0987401574803151);
#915=CIRCLE('',#2347,0.145);
#916=CIRCLE('',#2348,0.144999999999999);
#917=CIRCLE('',#2349,0.144999999999999);
#918=CIRCLE('',#2350,0.145);
#919=CIRCLE('',#2352,0.078740157480315);
#920=CIRCLE('',#2354,0.078740157480315);
#921=CIRCLE('',#2357,0.125);
#922=CIRCLE('',#2360,0.125);
#923=CIRCLE('',#2363,0.124999999999999);
#924=CIRCLE('',#2366,0.125);
#925=CIRCLE('',#2368,0.125);
#926=CIRCLE('',#2371,0.125);
#927=CIRCLE('',#2374,0.078740157480315);
#928=CIRCLE('',#2376,0.078740157480315);
#929=CIRCLE('',#2378,0.0262598425196847);
#930=CIRCLE('',#2379,0.0462598425196847);
#931=CIRCLE('',#2382,0.0262598425196843);
#932=CIRCLE('',#2383,0.0462598425196843);
#933=CIRCLE('',#2386,0.0262598425196845);
#934=CIRCLE('',#2387,0.0462598425196845);
#935=CIRCLE('',#2390,0.026259842519685);
#936=CIRCLE('',#2391,0.046259842519685);
#937=CIRCLE('',#2395,0.0462598425196843);
#938=CIRCLE('',#2398,0.0462598425196847);
#939=CIRCLE('',#2410,0.046259842519685);
#940=CIRCLE('',#2413,0.0462598425196845);
#941=CIRCLE('',#2415,0.125);
#942=CIRCLE('',#2416,0.124999999999999);
#943=CIRCLE('',#2422,0.25);
#944=CIRCLE('',#2425,0.249999999999999);
#945=CIRCLE('',#2428,0.175);
#946=CIRCLE('',#2431,0.175);
#947=CIRCLE('',#2434,0.249999999999999);
#948=VERTEX_POINT('',#3126);
#949=VERTEX_POINT('',#3127);
#950=VERTEX_POINT('',#3129);
#951=VERTEX_POINT('',#3133);
#952=VERTEX_POINT('',#3134);
#953=VERTEX_POINT('',#3136);
#954=VERTEX_POINT('',#3143);
#955=VERTEX_POINT('',#3144);
#956=VERTEX_POINT('',#3149);
#957=VERTEX_POINT('',#3150);
#958=VERTEX_POINT('',#3155);
#959=VERTEX_POINT('',#3156);
#960=VERTEX_POINT('',#3161);
#961=VERTEX_POINT('',#3162);
#962=VERTEX_POINT('',#3171);
#963=VERTEX_POINT('',#3172);
#964=VERTEX_POINT('',#3174);
#965=VERTEX_POINT('',#3178);
#966=VERTEX_POINT('',#3179);
#967=VERTEX_POINT('',#3181);
#968=VERTEX_POINT('',#3188);
#969=VERTEX_POINT('',#3189);
#970=VERTEX_POINT('',#3194);
#971=VERTEX_POINT('',#3195);
#972=VERTEX_POINT('',#3200);
#973=VERTEX_POINT('',#3201);
#974=VERTEX_POINT('',#3206);
#975=VERTEX_POINT('',#3207);
#976=VERTEX_POINT('',#3216);
#977=VERTEX_POINT('',#3217);
#978=VERTEX_POINT('',#3219);
#979=VERTEX_POINT('',#3223);
#980=VERTEX_POINT('',#3224);
#981=VERTEX_POINT('',#3226);
#982=VERTEX_POINT('',#3233);
#983=VERTEX_POINT('',#3234);
#984=VERTEX_POINT('',#3239);
#985=VERTEX_POINT('',#3240);
#986=VERTEX_POINT('',#3245);
#987=VERTEX_POINT('',#3246);
#988=VERTEX_POINT('',#3251);
#989=VERTEX_POINT('',#3252);
#990=VERTEX_POINT('',#3261);
#991=VERTEX_POINT('',#3262);
#992=VERTEX_POINT('',#3264);
#993=VERTEX_POINT('',#3268);
#994=VERTEX_POINT('',#3269);
#995=VERTEX_POINT('',#3271);
#996=VERTEX_POINT('',#3278);
#997=VERTEX_POINT('',#3279);
#998=VERTEX_POINT('',#3284);
#999=VERTEX_POINT('',#3285);
#1000=VERTEX_POINT('',#3290);
#1001=VERTEX_POINT('',#3291);
#1002=VERTEX_POINT('',#3296);
#1003=VERTEX_POINT('',#3297);
#1004=VERTEX_POINT('',#3322);
#1005=VERTEX_POINT('',#3323);
#1006=VERTEX_POINT('',#3325);
#1007=VERTEX_POINT('',#3327);
#1008=VERTEX_POINT('',#3331);
#1009=VERTEX_POINT('',#3332);
#1010=VERTEX_POINT('',#3337);
#1011=VERTEX_POINT('',#3338);
#1012=VERTEX_POINT('',#3343);
#1013=VERTEX_POINT('',#3344);
#1014=VERTEX_POINT('',#3349);
#1015=VERTEX_POINT('',#3350);
#1016=VERTEX_POINT('',#3355);
#1017=VERTEX_POINT('',#3356);
#1018=VERTEX_POINT('',#3361);
#1019=VERTEX_POINT('',#3362);
#1020=VERTEX_POINT('',#3367);
#1021=VERTEX_POINT('',#3368);
#1022=VERTEX_POINT('',#3373);
#1023=VERTEX_POINT('',#3374);
#1024=VERTEX_POINT('',#3379);
#1025=VERTEX_POINT('',#3380);
#1026=VERTEX_POINT('',#3385);
#1027=VERTEX_POINT('',#3386);
#1028=VERTEX_POINT('',#3391);
#1029=VERTEX_POINT('',#3392);
#1030=VERTEX_POINT('',#3397);
#1031=VERTEX_POINT('',#3398);
#1032=VERTEX_POINT('',#3403);
#1033=VERTEX_POINT('',#3404);
#1034=VERTEX_POINT('',#3409);
#1035=VERTEX_POINT('',#3410);
#1036=VERTEX_POINT('',#3415);
#1037=VERTEX_POINT('',#3416);
#1038=VERTEX_POINT('',#3421);
#1039=VERTEX_POINT('',#3422);
#1040=VERTEX_POINT('',#3427);
#1041=VERTEX_POINT('',#3428);
#1042=VERTEX_POINT('',#3433);
#1043=VERTEX_POINT('',#3434);
#1044=VERTEX_POINT('',#3442);
#1045=VERTEX_POINT('',#3444);
#1046=VERTEX_POINT('',#3448);
#1047=VERTEX_POINT('',#3452);
#1048=VERTEX_POINT('',#3456);
#1049=VERTEX_POINT('',#3460);
#1050=VERTEX_POINT('',#3464);
#1051=VERTEX_POINT('',#3468);
#1052=VERTEX_POINT('',#3472);
#1053=VERTEX_POINT('',#3476);
#1054=VERTEX_POINT('',#3480);
#1055=VERTEX_POINT('',#3484);
#1056=VERTEX_POINT('',#3486);
#1057=VERTEX_POINT('',#3488);
#1058=VERTEX_POINT('',#3489);
#1059=VERTEX_POINT('',#3491);
#1060=VERTEX_POINT('',#3493);
#1061=VERTEX_POINT('',#3495);
#1062=VERTEX_POINT('',#3497);
#1063=VERTEX_POINT('',#3499);
#1064=VERTEX_POINT('',#3501);
#1065=VERTEX_POINT('',#3505);
#1066=VERTEX_POINT('',#3509);
#1067=VERTEX_POINT('',#3513);
#1068=VERTEX_POINT('',#3515);
#1069=VERTEX_POINT('',#3519);
#1070=VERTEX_POINT('',#3523);
#1071=VERTEX_POINT('',#3527);
#1072=VERTEX_POINT('',#3531);
#1073=VERTEX_POINT('',#3535);
#1074=VERTEX_POINT('',#3539);
#1075=VERTEX_POINT('',#3545);
#1076=VERTEX_POINT('',#3547);
#1077=VERTEX_POINT('',#3551);
#1078=VERTEX_POINT('',#3555);
#1079=VERTEX_POINT('',#3559);
#1080=VERTEX_POINT('',#3563);
#1081=VERTEX_POINT('',#3567);
#1082=VERTEX_POINT('',#3571);
#1083=VERTEX_POINT('',#3572);
#1084=VERTEX_POINT('',#3574);
#1085=VERTEX_POINT('',#3576);
#1086=VERTEX_POINT('',#3580);
#1087=VERTEX_POINT('',#3581);
#1088=VERTEX_POINT('',#3586);
#1089=VERTEX_POINT('',#3587);
#1090=VERTEX_POINT('',#3592);
#1091=VERTEX_POINT('',#3593);
#1092=VERTEX_POINT('',#3598);
#1093=VERTEX_POINT('',#3599);
#1094=VERTEX_POINT('',#3604);
#1095=VERTEX_POINT('',#3605);
#1096=VERTEX_POINT('',#3610);
#1097=VERTEX_POINT('',#3611);
#1098=VERTEX_POINT('',#3619);
#1099=VERTEX_POINT('',#3621);
#1100=VERTEX_POINT('',#3625);
#1101=VERTEX_POINT('',#3629);
#1102=VERTEX_POINT('',#3633);
#1103=VERTEX_POINT('',#3637);
#1104=VERTEX_POINT('',#3638);
#1105=VERTEX_POINT('',#3640);
#1106=VERTEX_POINT('',#3642);
#1107=VERTEX_POINT('',#3646);
#1108=VERTEX_POINT('',#3648);
#1109=VERTEX_POINT('',#3652);
#1110=VERTEX_POINT('',#3656);
#1111=VERTEX_POINT('',#3662);
#1112=VERTEX_POINT('',#3664);
#1113=VERTEX_POINT('',#3668);
#1114=VERTEX_POINT('',#3672);
#1115=VERTEX_POINT('',#3678);
#1116=VERTEX_POINT('',#3682);
#1117=VERTEX_POINT('',#3686);
#1118=VERTEX_POINT('',#3692);
#1119=VERTEX_POINT('',#3694);
#1120=VERTEX_POINT('',#3696);
#1121=VERTEX_POINT('',#3707);
#1122=VERTEX_POINT('',#3711);
#1123=VERTEX_POINT('',#3715);
#1124=VERTEX_POINT('',#3719);
#1125=VERTEX_POINT('',#3723);
#1126=VERTEX_POINT('',#3727);
#1127=VERTEX_POINT('',#3731);
#1128=VERTEX_POINT('',#3735);
#1129=VERTEX_POINT('',#3739);
#1130=EDGE_CURVE('',#948,#949,#864,.F.);
#1131=EDGE_CURVE('',#950,#948,#865,.F.);
#1132=EDGE_CURVE('',#949,#950,#866,.F.);
#1133=EDGE_CURVE('',#951,#952,#867,.F.);
#1134=EDGE_CURVE('',#953,#951,#868,.F.);
#1135=EDGE_CURVE('',#952,#953,#869,.F.);
#1136=EDGE_CURVE('',#948,#953,#135,.T.);
#1137=EDGE_CURVE('',#951,#950,#136,.T.);
#1138=EDGE_CURVE('',#954,#955,#119,.F.);
#1139=EDGE_CURVE('',#955,#952,#137,.T.);
#1140=EDGE_CURVE('',#953,#954,#138,.T.);
#1141=EDGE_CURVE('',#956,#957,#120,.F.);
#1142=EDGE_CURVE('',#957,#951,#139,.T.);
#1143=EDGE_CURVE('',#952,#956,#140,.T.);
#1144=EDGE_CURVE('',#958,#959,#121,.F.);
#1145=EDGE_CURVE('',#959,#949,#141,.T.);
#1146=EDGE_CURVE('',#950,#958,#142,.T.);
#1147=EDGE_CURVE('',#960,#961,#122,.F.);
#1148=EDGE_CURVE('',#961,#948,#143,.T.);
#1149=EDGE_CURVE('',#949,#960,#144,.T.);
#1150=EDGE_CURVE('',#956,#955,#145,.T.);
#1151=EDGE_CURVE('',#954,#961,#146,.T.);
#1152=EDGE_CURVE('',#962,#963,#870,.F.);
#1153=EDGE_CURVE('',#964,#962,#871,.F.);
#1154=EDGE_CURVE('',#963,#964,#872,.F.);
#1155=EDGE_CURVE('',#965,#966,#873,.F.);
#1156=EDGE_CURVE('',#967,#965,#874,.F.);
#1157=EDGE_CURVE('',#966,#967,#875,.F.);
#1158=EDGE_CURVE('',#962,#967,#147,.T.);
#1159=EDGE_CURVE('',#965,#964,#148,.T.);
#1160=EDGE_CURVE('',#968,#969,#123,.F.);
#1161=EDGE_CURVE('',#969,#966,#149,.T.);
#1162=EDGE_CURVE('',#967,#968,#150,.T.);
#1163=EDGE_CURVE('',#970,#971,#124,.F.);
#1164=EDGE_CURVE('',#971,#965,#151,.T.);
#1165=EDGE_CURVE('',#966,#970,#152,.T.);
#1166=EDGE_CURVE('',#972,#973,#125,.F.);
#1167=EDGE_CURVE('',#973,#963,#153,.T.);
#1168=EDGE_CURVE('',#964,#972,#154,.T.);
#1169=EDGE_CURVE('',#974,#975,#126,.F.);
#1170=EDGE_CURVE('',#975,#962,#155,.T.);
#1171=EDGE_CURVE('',#963,#974,#156,.T.);
#1172=EDGE_CURVE('',#970,#969,#157,.T.);
#1173=EDGE_CURVE('',#968,#975,#158,.T.);
#1174=EDGE_CURVE('',#976,#977,#876,.F.);
#1175=EDGE_CURVE('',#978,#976,#877,.F.);
#1176=EDGE_CURVE('',#977,#978,#878,.F.);
#1177=EDGE_CURVE('',#979,#980,#879,.F.);
#1178=EDGE_CURVE('',#981,#979,#880,.F.);
#1179=EDGE_CURVE('',#980,#981,#881,.F.);
#1180=EDGE_CURVE('',#976,#981,#159,.T.);
#1181=EDGE_CURVE('',#979,#978,#160,.T.);
#1182=EDGE_CURVE('',#982,#983,#127,.F.);
#1183=EDGE_CURVE('',#983,#980,#161,.T.);
#1184=EDGE_CURVE('',#981,#982,#162,.T.);
#1185=EDGE_CURVE('',#984,#985,#128,.F.);
#1186=EDGE_CURVE('',#985,#979,#163,.T.);
#1187=EDGE_CURVE('',#980,#984,#164,.T.);
#1188=EDGE_CURVE('',#986,#987,#129,.F.);
#1189=EDGE_CURVE('',#987,#977,#165,.T.);
#1190=EDGE_CURVE('',#978,#986,#166,.T.);
#1191=EDGE_CURVE('',#988,#989,#130,.F.);
#1192=EDGE_CURVE('',#989,#976,#167,.T.);
#1193=EDGE_CURVE('',#977,#988,#168,.T.);
#1194=EDGE_CURVE('',#984,#983,#169,.T.);
#1195=EDGE_CURVE('',#982,#989,#170,.T.);
#1196=EDGE_CURVE('',#990,#991,#882,.F.);
#1197=EDGE_CURVE('',#992,#990,#883,.F.);
#1198=EDGE_CURVE('',#991,#992,#884,.F.);
#1199=EDGE_CURVE('',#993,#994,#885,.F.);
#1200=EDGE_CURVE('',#995,#993,#886,.F.);
#1201=EDGE_CURVE('',#994,#995,#887,.F.);
#1202=EDGE_CURVE('',#990,#995,#171,.T.);
#1203=EDGE_CURVE('',#993,#992,#172,.T.);
#1204=EDGE_CURVE('',#996,#997,#131,.F.);
#1205=EDGE_CURVE('',#997,#994,#173,.T.);
#1206=EDGE_CURVE('',#995,#996,#174,.T.);
#1207=EDGE_CURVE('',#998,#999,#132,.F.);
#1208=EDGE_CURVE('',#999,#993,#175,.T.);
#1209=EDGE_CURVE('',#994,#998,#176,.T.);
#1210=EDGE_CURVE('',#1000,#1001,#133,.F.);
#1211=EDGE_CURVE('',#1001,#991,#177,.T.);
#1212=EDGE_CURVE('',#992,#1000,#178,.T.);
#1213=EDGE_CURVE('',#1002,#1003,#134,.F.);
#1214=EDGE_CURVE('',#1003,#990,#179,.T.);
#1215=EDGE_CURVE('',#991,#1002,#180,.T.);
#1216=EDGE_CURVE('',#998,#997,#181,.T.);
#1217=EDGE_CURVE('',#996,#1003,#182,.T.);
#1218=EDGE_CURVE('',#986,#985,#183,.T.);
#1219=EDGE_CURVE('',#988,#987,#184,.T.);
#1220=EDGE_CURVE('',#972,#971,#185,.T.);
#1221=EDGE_CURVE('',#974,#973,#186,.T.);
#1222=EDGE_CURVE('',#958,#957,#187,.T.);
#1223=EDGE_CURVE('',#960,#959,#188,.T.);
#1224=EDGE_CURVE('',#1000,#999,#189,.T.);
#1225=EDGE_CURVE('',#1002,#1001,#190,.T.);
#1226=EDGE_CURVE('',#1004,#1005,#191,.T.);
#1227=EDGE_CURVE('',#1005,#1006,#888,.T.);
#1228=EDGE_CURVE('',#1006,#1007,#192,.T.);
#1229=EDGE_CURVE('',#1007,#1004,#889,.T.);
#1230=EDGE_CURVE('',#1008,#1009,#193,.T.);
#1231=EDGE_CURVE('',#1009,#1005,#194,.T.);
#1232=EDGE_CURVE('',#1004,#1008,#195,.T.);
#1233=EDGE_CURVE('',#1010,#1011,#196,.T.);
#1234=EDGE_CURVE('',#1011,#1009,#890,.T.);
#1235=EDGE_CURVE('',#1008,#1010,#891,.T.);
#1236=EDGE_CURVE('',#1012,#1013,#197,.T.);
#1237=EDGE_CURVE('',#1013,#1011,#198,.T.);
#1238=EDGE_CURVE('',#1010,#1012,#199,.T.);
#1239=EDGE_CURVE('',#1014,#1015,#200,.T.);
#1240=EDGE_CURVE('',#1015,#1013,#892,.T.);
#1241=EDGE_CURVE('',#1012,#1014,#893,.T.);
#1242=EDGE_CURVE('',#1016,#1017,#201,.T.);
#1243=EDGE_CURVE('',#1017,#1015,#202,.T.);
#1244=EDGE_CURVE('',#1014,#1016,#203,.T.);
#1245=EDGE_CURVE('',#1018,#1019,#204,.T.);
#1246=EDGE_CURVE('',#1019,#1017,#894,.T.);
#1247=EDGE_CURVE('',#1016,#1018,#895,.T.);
#1248=EDGE_CURVE('',#1020,#1021,#205,.T.);
#1249=EDGE_CURVE('',#1021,#1019,#206,.T.);
#1250=EDGE_CURVE('',#1018,#1020,#207,.T.);
#1251=EDGE_CURVE('',#1022,#1023,#208,.T.);
#1252=EDGE_CURVE('',#1023,#1021,#896,.T.);
#1253=EDGE_CURVE('',#1020,#1022,#897,.T.);
#1254=EDGE_CURVE('',#1024,#1025,#209,.T.);
#1255=EDGE_CURVE('',#1025,#1023,#210,.T.);
#1256=EDGE_CURVE('',#1022,#1024,#211,.T.);
#1257=EDGE_CURVE('',#1026,#1027,#212,.T.);
#1258=EDGE_CURVE('',#1027,#1025,#898,.T.);
#1259=EDGE_CURVE('',#1024,#1026,#899,.T.);
#1260=EDGE_CURVE('',#1028,#1029,#213,.T.);
#1261=EDGE_CURVE('',#1029,#1027,#214,.T.);
#1262=EDGE_CURVE('',#1026,#1028,#215,.T.);
#1263=EDGE_CURVE('',#1030,#1031,#216,.T.);
#1264=EDGE_CURVE('',#1031,#1029,#900,.T.);
#1265=EDGE_CURVE('',#1028,#1030,#901,.T.);
#1266=EDGE_CURVE('',#1032,#1033,#217,.T.);
#1267=EDGE_CURVE('',#1033,#1031,#218,.T.);
#1268=EDGE_CURVE('',#1030,#1032,#219,.T.);
#1269=EDGE_CURVE('',#1034,#1035,#220,.T.);
#1270=EDGE_CURVE('',#1035,#1033,#902,.T.);
#1271=EDGE_CURVE('',#1032,#1034,#903,.T.);
#1272=EDGE_CURVE('',#1036,#1037,#221,.T.);
#1273=EDGE_CURVE('',#1037,#1035,#222,.T.);
#1274=EDGE_CURVE('',#1034,#1036,#223,.T.);
#1275=EDGE_CURVE('',#1038,#1039,#224,.T.);
#1276=EDGE_CURVE('',#1039,#1037,#904,.T.);
#1277=EDGE_CURVE('',#1036,#1038,#905,.T.);
#1278=EDGE_CURVE('',#1040,#1041,#225,.T.);
#1279=EDGE_CURVE('',#1041,#1039,#226,.T.);
#1280=EDGE_CURVE('',#1038,#1040,#227,.T.);
#1281=EDGE_CURVE('',#1042,#1043,#228,.T.);
#1282=EDGE_CURVE('',#1043,#1041,#906,.T.);
#1283=EDGE_CURVE('',#1040,#1042,#907,.T.);
#1284=EDGE_CURVE('',#1006,#1043,#229,.T.);
#1285=EDGE_CURVE('',#1042,#1007,#230,.T.);
#1286=EDGE_CURVE('',#1022,#1044,#231,.T.);
#1287=EDGE_CURVE('',#1045,#1044,#232,.T.);
#1288=EDGE_CURVE('',#1024,#1045,#233,.T.);
#1289=EDGE_CURVE('',#1020,#1046,#234,.T.);
#1290=EDGE_CURVE('',#1044,#1046,#908,.T.);
#1291=EDGE_CURVE('',#1018,#1047,#235,.T.);
#1292=EDGE_CURVE('',#1046,#1047,#236,.T.);
#1293=EDGE_CURVE('',#1016,#1048,#237,.T.);
#1294=EDGE_CURVE('',#1047,#1048,#909,.T.);
#1295=EDGE_CURVE('',#1014,#1049,#238,.T.);
#1296=EDGE_CURVE('',#1048,#1049,#239,.T.);
#1297=EDGE_CURVE('',#1012,#1050,#240,.T.);
#1298=EDGE_CURVE('',#1049,#1050,#910,.T.);
#1299=EDGE_CURVE('',#1010,#1051,#241,.T.);
#1300=EDGE_CURVE('',#1050,#1051,#242,.T.);
#1301=EDGE_CURVE('',#1008,#1052,#243,.T.);
#1302=EDGE_CURVE('',#1051,#1052,#911,.T.);
#1303=EDGE_CURVE('',#1053,#1004,#244,.T.);
#1304=EDGE_CURVE('',#1052,#1053,#245,.T.);
#1305=EDGE_CURVE('',#1007,#1054,#246,.T.);
#1306=EDGE_CURVE('',#1053,#1054,#912,.T.);
#1307=EDGE_CURVE('',#1055,#1055,#913,.T.);
#1308=EDGE_CURVE('',#1056,#1056,#914,.T.);
#1309=EDGE_CURVE('',#1057,#1058,#247,.T.);
#1310=EDGE_CURVE('',#1059,#1057,#915,.T.);
#1311=EDGE_CURVE('',#1060,#1059,#248,.T.);
#1312=EDGE_CURVE('',#1061,#1060,#916,.T.);
#1313=EDGE_CURVE('',#1062,#1061,#249,.T.);
#1314=EDGE_CURVE('',#1063,#1062,#917,.T.);
#1315=EDGE_CURVE('',#1064,#1063,#250,.T.);
#1316=EDGE_CURVE('',#1058,#1064,#918,.T.);
#1317=EDGE_CURVE('',#1055,#1065,#251,.T.);
#1318=EDGE_CURVE('',#1065,#1065,#919,.T.);
#1319=EDGE_CURVE('',#1066,#1066,#920,.T.);
#1320=EDGE_CURVE('',#1066,#1065,#252,.T.);
#1321=EDGE_CURVE('',#1067,#1057,#253,.T.);
#1322=EDGE_CURVE('',#1058,#1068,#254,.T.);
#1323=EDGE_CURVE('',#1068,#1067,#255,.T.);
#1324=EDGE_CURVE('',#1069,#1059,#256,.T.);
#1325=EDGE_CURVE('',#1067,#1069,#921,.T.);
#1326=EDGE_CURVE('',#1070,#1060,#257,.T.);
#1327=EDGE_CURVE('',#1069,#1070,#258,.T.);
#1328=EDGE_CURVE('',#1071,#1061,#259,.T.);
#1329=EDGE_CURVE('',#1070,#1071,#922,.T.);
#1330=EDGE_CURVE('',#1072,#1062,#260,.T.);
#1331=EDGE_CURVE('',#1071,#1072,#261,.T.);
#1332=EDGE_CURVE('',#1073,#1063,#262,.T.);
#1333=EDGE_CURVE('',#1072,#1073,#923,.T.);
#1334=EDGE_CURVE('',#1074,#1064,#263,.T.);
#1335=EDGE_CURVE('',#1073,#1074,#264,.T.);
#1336=EDGE_CURVE('',#1074,#1068,#924,.T.);
#1337=EDGE_CURVE('',#1075,#1070,#265,.T.);
#1338=EDGE_CURVE('',#1076,#1075,#925,.T.);
#1339=EDGE_CURVE('',#1076,#1071,#266,.T.);
#1340=EDGE_CURVE('',#1077,#1069,#267,.T.);
#1341=EDGE_CURVE('',#1075,#1077,#268,.T.);
#1342=EDGE_CURVE('',#1078,#1067,#269,.T.);
#1343=EDGE_CURVE('',#1077,#1078,#926,.T.);
#1344=EDGE_CURVE('',#1079,#1068,#270,.T.);
#1345=EDGE_CURVE('',#1078,#1079,#271,.T.);
#1346=EDGE_CURVE('',#1056,#1080,#272,.T.);
#1347=EDGE_CURVE('',#1080,#1080,#927,.T.);
#1348=EDGE_CURVE('',#1081,#1081,#928,.T.);
#1349=EDGE_CURVE('',#1081,#1080,#273,.T.);
#1350=EDGE_CURVE('',#1082,#1083,#274,.T.);
#1351=EDGE_CURVE('',#1083,#1084,#929,.T.);
#1352=EDGE_CURVE('',#1084,#1085,#275,.T.);
#1353=EDGE_CURVE('',#1085,#1082,#930,.T.);
#1354=EDGE_CURVE('',#1086,#1087,#276,.T.);
#1355=EDGE_CURVE('',#1087,#1083,#277,.T.);
#1356=EDGE_CURVE('',#1082,#1086,#278,.T.);
#1357=EDGE_CURVE('',#1088,#1089,#279,.T.);
#1358=EDGE_CURVE('',#1089,#1087,#931,.T.);
#1359=EDGE_CURVE('',#1086,#1088,#932,.T.);
#1360=EDGE_CURVE('',#1090,#1091,#280,.T.);
#1361=EDGE_CURVE('',#1091,#1089,#281,.T.);
#1362=EDGE_CURVE('',#1088,#1090,#282,.T.);
#1363=EDGE_CURVE('',#1092,#1093,#283,.T.);
#1364=EDGE_CURVE('',#1093,#1091,#933,.T.);
#1365=EDGE_CURVE('',#1090,#1092,#934,.T.);
#1366=EDGE_CURVE('',#1094,#1095,#284,.T.);
#1367=EDGE_CURVE('',#1095,#1093,#285,.T.);
#1368=EDGE_CURVE('',#1092,#1094,#286,.T.);
#1369=EDGE_CURVE('',#1096,#1097,#287,.T.);
#1370=EDGE_CURVE('',#1097,#1095,#935,.T.);
#1371=EDGE_CURVE('',#1094,#1096,#936,.T.);
#1372=EDGE_CURVE('',#1084,#1097,#288,.T.);
#1373=EDGE_CURVE('',#1096,#1085,#289,.T.);
#1374=EDGE_CURVE('',#1098,#1088,#290,.T.);
#1375=EDGE_CURVE('',#1099,#1098,#291,.T.);
#1376=EDGE_CURVE('',#1099,#1090,#292,.T.);
#1377=EDGE_CURVE('',#1100,#1086,#293,.T.);
#1378=EDGE_CURVE('',#1098,#1100,#937,.T.);
#1379=EDGE_CURVE('',#1101,#1082,#294,.T.);
#1380=EDGE_CURVE('',#1100,#1101,#295,.T.);
#1381=EDGE_CURVE('',#1102,#1085,#296,.T.);
#1382=EDGE_CURVE('',#1101,#1102,#938,.T.);
#1383=EDGE_CURVE('',#1103,#1104,#297,.T.);
#1384=EDGE_CURVE('',#1105,#1103,#298,.T.);
#1385=EDGE_CURVE('',#1106,#1105,#299,.T.);
#1386=EDGE_CURVE('',#1104,#1106,#300,.T.);
#1387=EDGE_CURVE('',#1104,#1107,#301,.T.);
#1388=EDGE_CURVE('',#1107,#1108,#302,.T.);
#1389=EDGE_CURVE('',#1103,#1108,#303,.T.);
#1390=EDGE_CURVE('',#1106,#1109,#304,.T.);
#1391=EDGE_CURVE('',#1109,#1107,#305,.T.);
#1392=EDGE_CURVE('',#1105,#1110,#306,.T.);
#1393=EDGE_CURVE('',#1110,#1109,#307,.T.);
#1394=EDGE_CURVE('',#1108,#1110,#308,.T.);
#1395=EDGE_CURVE('',#1111,#1108,#309,.T.);
#1396=EDGE_CURVE('',#1112,#1111,#310,.T.);
#1397=EDGE_CURVE('',#1112,#1110,#311,.T.);
#1398=EDGE_CURVE('',#1113,#1107,#312,.T.);
#1399=EDGE_CURVE('',#1111,#1113,#313,.T.);
#1400=EDGE_CURVE('',#1114,#1109,#314,.T.);
#1401=EDGE_CURVE('',#1113,#1114,#315,.T.);
#1402=EDGE_CURVE('',#1114,#1112,#316,.T.);
#1403=EDGE_CURVE('',#1115,#1096,#317,.T.);
#1404=EDGE_CURVE('',#1102,#1115,#318,.T.);
#1405=EDGE_CURVE('',#1116,#1094,#319,.T.);
#1406=EDGE_CURVE('',#1115,#1116,#939,.T.);
#1407=EDGE_CURVE('',#1117,#1092,#320,.T.);
#1408=EDGE_CURVE('',#1116,#1117,#321,.T.);
#1409=EDGE_CURVE('',#1117,#1099,#940,.T.);
#1410=EDGE_CURVE('',#1079,#1118,#941,.T.);
#1411=EDGE_CURVE('',#1118,#1119,#322,.T.);
#1412=EDGE_CURVE('',#1119,#1120,#942,.T.);
#1413=EDGE_CURVE('',#1120,#1076,#323,.T.);
#1414=EDGE_CURVE('',#1118,#1074,#324,.T.);
#1415=EDGE_CURVE('',#1119,#1073,#325,.T.);
#1416=EDGE_CURVE('',#1120,#1072,#326,.T.);
#1417=EDGE_CURVE('',#1121,#1045,#943,.T.);
#1418=EDGE_CURVE('',#1026,#1121,#327,.T.);
#1419=EDGE_CURVE('',#1122,#1121,#328,.T.);
#1420=EDGE_CURVE('',#1028,#1122,#329,.T.);
#1421=EDGE_CURVE('',#1123,#1122,#944,.T.);
#1422=EDGE_CURVE('',#1030,#1123,#330,.T.);
#1423=EDGE_CURVE('',#1124,#1123,#331,.T.);
#1424=EDGE_CURVE('',#1032,#1124,#332,.T.);
#1425=EDGE_CURVE('',#1125,#1124,#945,.T.);
#1426=EDGE_CURVE('',#1034,#1125,#333,.T.);
#1427=EDGE_CURVE('',#1126,#1125,#334,.T.);
#1428=EDGE_CURVE('',#1036,#1126,#335,.T.);
#1429=EDGE_CURVE('',#1127,#1126,#946,.T.);
#1430=EDGE_CURVE('',#1038,#1127,#336,.T.);
#1431=EDGE_CURVE('',#1128,#1127,#337,.T.);
#1432=EDGE_CURVE('',#1040,#1128,#338,.T.);
#1433=EDGE_CURVE('',#1129,#1128,#947,.T.);
#1434=EDGE_CURVE('',#1042,#1129,#339,.T.);
#1435=EDGE_CURVE('',#1054,#1129,#340,.T.);
#1436=ORIENTED_EDGE('',*,*,#1130,.F.);
#1437=ORIENTED_EDGE('',*,*,#1131,.F.);
#1438=ORIENTED_EDGE('',*,*,#1132,.F.);
#1439=ORIENTED_EDGE('',*,*,#1133,.F.);
#1440=ORIENTED_EDGE('',*,*,#1134,.F.);
#1441=ORIENTED_EDGE('',*,*,#1135,.F.);
#1442=ORIENTED_EDGE('',*,*,#1131,.T.);
#1443=ORIENTED_EDGE('',*,*,#1136,.T.);
#1444=ORIENTED_EDGE('',*,*,#1134,.T.);
#1445=ORIENTED_EDGE('',*,*,#1137,.T.);
#1446=ORIENTED_EDGE('',*,*,#1138,.T.);
#1447=ORIENTED_EDGE('',*,*,#1139,.T.);
#1448=ORIENTED_EDGE('',*,*,#1135,.T.);
#1449=ORIENTED_EDGE('',*,*,#1140,.T.);
#1450=ORIENTED_EDGE('',*,*,#1141,.T.);
#1451=ORIENTED_EDGE('',*,*,#1142,.T.);
#1452=ORIENTED_EDGE('',*,*,#1133,.T.);
#1453=ORIENTED_EDGE('',*,*,#1143,.T.);
#1454=ORIENTED_EDGE('',*,*,#1144,.T.);
#1455=ORIENTED_EDGE('',*,*,#1145,.T.);
#1456=ORIENTED_EDGE('',*,*,#1132,.T.);
#1457=ORIENTED_EDGE('',*,*,#1146,.T.);
#1458=ORIENTED_EDGE('',*,*,#1147,.T.);
#1459=ORIENTED_EDGE('',*,*,#1148,.T.);
#1460=ORIENTED_EDGE('',*,*,#1130,.T.);
#1461=ORIENTED_EDGE('',*,*,#1149,.T.);
#1462=ORIENTED_EDGE('',*,*,#1143,.F.);
#1463=ORIENTED_EDGE('',*,*,#1139,.F.);
#1464=ORIENTED_EDGE('',*,*,#1150,.F.);
#1465=ORIENTED_EDGE('',*,*,#1140,.F.);
#1466=ORIENTED_EDGE('',*,*,#1136,.F.);
#1467=ORIENTED_EDGE('',*,*,#1148,.F.);
#1468=ORIENTED_EDGE('',*,*,#1151,.F.);
#1469=ORIENTED_EDGE('',*,*,#1152,.F.);
#1470=ORIENTED_EDGE('',*,*,#1153,.F.);
#1471=ORIENTED_EDGE('',*,*,#1154,.F.);
#1472=ORIENTED_EDGE('',*,*,#1155,.F.);
#1473=ORIENTED_EDGE('',*,*,#1156,.F.);
#1474=ORIENTED_EDGE('',*,*,#1157,.F.);
#1475=ORIENTED_EDGE('',*,*,#1153,.T.);
#1476=ORIENTED_EDGE('',*,*,#1158,.T.);
#1477=ORIENTED_EDGE('',*,*,#1156,.T.);
#1478=ORIENTED_EDGE('',*,*,#1159,.T.);
#1479=ORIENTED_EDGE('',*,*,#1160,.T.);
#1480=ORIENTED_EDGE('',*,*,#1161,.T.);
#1481=ORIENTED_EDGE('',*,*,#1157,.T.);
#1482=ORIENTED_EDGE('',*,*,#1162,.T.);
#1483=ORIENTED_EDGE('',*,*,#1163,.T.);
#1484=ORIENTED_EDGE('',*,*,#1164,.T.);
#1485=ORIENTED_EDGE('',*,*,#1155,.T.);
#1486=ORIENTED_EDGE('',*,*,#1165,.T.);
#1487=ORIENTED_EDGE('',*,*,#1166,.T.);
#1488=ORIENTED_EDGE('',*,*,#1167,.T.);
#1489=ORIENTED_EDGE('',*,*,#1154,.T.);
#1490=ORIENTED_EDGE('',*,*,#1168,.T.);
#1491=ORIENTED_EDGE('',*,*,#1169,.T.);
#1492=ORIENTED_EDGE('',*,*,#1170,.T.);
#1493=ORIENTED_EDGE('',*,*,#1152,.T.);
#1494=ORIENTED_EDGE('',*,*,#1171,.T.);
#1495=ORIENTED_EDGE('',*,*,#1165,.F.);
#1496=ORIENTED_EDGE('',*,*,#1161,.F.);
#1497=ORIENTED_EDGE('',*,*,#1172,.F.);
#1498=ORIENTED_EDGE('',*,*,#1162,.F.);
#1499=ORIENTED_EDGE('',*,*,#1158,.F.);
#1500=ORIENTED_EDGE('',*,*,#1170,.F.);
#1501=ORIENTED_EDGE('',*,*,#1173,.F.);
#1502=ORIENTED_EDGE('',*,*,#1174,.F.);
#1503=ORIENTED_EDGE('',*,*,#1175,.F.);
#1504=ORIENTED_EDGE('',*,*,#1176,.F.);
#1505=ORIENTED_EDGE('',*,*,#1177,.F.);
#1506=ORIENTED_EDGE('',*,*,#1178,.F.);
#1507=ORIENTED_EDGE('',*,*,#1179,.F.);
#1508=ORIENTED_EDGE('',*,*,#1175,.T.);
#1509=ORIENTED_EDGE('',*,*,#1180,.T.);
#1510=ORIENTED_EDGE('',*,*,#1178,.T.);
#1511=ORIENTED_EDGE('',*,*,#1181,.T.);
#1512=ORIENTED_EDGE('',*,*,#1182,.T.);
#1513=ORIENTED_EDGE('',*,*,#1183,.T.);
#1514=ORIENTED_EDGE('',*,*,#1179,.T.);
#1515=ORIENTED_EDGE('',*,*,#1184,.T.);
#1516=ORIENTED_EDGE('',*,*,#1185,.T.);
#1517=ORIENTED_EDGE('',*,*,#1186,.T.);
#1518=ORIENTED_EDGE('',*,*,#1177,.T.);
#1519=ORIENTED_EDGE('',*,*,#1187,.T.);
#1520=ORIENTED_EDGE('',*,*,#1188,.T.);
#1521=ORIENTED_EDGE('',*,*,#1189,.T.);
#1522=ORIENTED_EDGE('',*,*,#1176,.T.);
#1523=ORIENTED_EDGE('',*,*,#1190,.T.);
#1524=ORIENTED_EDGE('',*,*,#1191,.T.);
#1525=ORIENTED_EDGE('',*,*,#1192,.T.);
#1526=ORIENTED_EDGE('',*,*,#1174,.T.);
#1527=ORIENTED_EDGE('',*,*,#1193,.T.);
#1528=ORIENTED_EDGE('',*,*,#1187,.F.);
#1529=ORIENTED_EDGE('',*,*,#1183,.F.);
#1530=ORIENTED_EDGE('',*,*,#1194,.F.);
#1531=ORIENTED_EDGE('',*,*,#1184,.F.);
#1532=ORIENTED_EDGE('',*,*,#1180,.F.);
#1533=ORIENTED_EDGE('',*,*,#1192,.F.);
#1534=ORIENTED_EDGE('',*,*,#1195,.F.);
#1535=ORIENTED_EDGE('',*,*,#1196,.F.);
#1536=ORIENTED_EDGE('',*,*,#1197,.F.);
#1537=ORIENTED_EDGE('',*,*,#1198,.F.);
#1538=ORIENTED_EDGE('',*,*,#1199,.F.);
#1539=ORIENTED_EDGE('',*,*,#1200,.F.);
#1540=ORIENTED_EDGE('',*,*,#1201,.F.);
#1541=ORIENTED_EDGE('',*,*,#1197,.T.);
#1542=ORIENTED_EDGE('',*,*,#1202,.T.);
#1543=ORIENTED_EDGE('',*,*,#1200,.T.);
#1544=ORIENTED_EDGE('',*,*,#1203,.T.);
#1545=ORIENTED_EDGE('',*,*,#1204,.T.);
#1546=ORIENTED_EDGE('',*,*,#1205,.T.);
#1547=ORIENTED_EDGE('',*,*,#1201,.T.);
#1548=ORIENTED_EDGE('',*,*,#1206,.T.);
#1549=ORIENTED_EDGE('',*,*,#1207,.T.);
#1550=ORIENTED_EDGE('',*,*,#1208,.T.);
#1551=ORIENTED_EDGE('',*,*,#1199,.T.);
#1552=ORIENTED_EDGE('',*,*,#1209,.T.);
#1553=ORIENTED_EDGE('',*,*,#1210,.T.);
#1554=ORIENTED_EDGE('',*,*,#1211,.T.);
#1555=ORIENTED_EDGE('',*,*,#1198,.T.);
#1556=ORIENTED_EDGE('',*,*,#1212,.T.);
#1557=ORIENTED_EDGE('',*,*,#1213,.T.);
#1558=ORIENTED_EDGE('',*,*,#1214,.T.);
#1559=ORIENTED_EDGE('',*,*,#1196,.T.);
#1560=ORIENTED_EDGE('',*,*,#1215,.T.);
#1561=ORIENTED_EDGE('',*,*,#1209,.F.);
#1562=ORIENTED_EDGE('',*,*,#1205,.F.);
#1563=ORIENTED_EDGE('',*,*,#1216,.F.);
#1564=ORIENTED_EDGE('',*,*,#1206,.F.);
#1565=ORIENTED_EDGE('',*,*,#1202,.F.);
#1566=ORIENTED_EDGE('',*,*,#1214,.F.);
#1567=ORIENTED_EDGE('',*,*,#1217,.F.);
#1568=ORIENTED_EDGE('',*,*,#1186,.F.);
#1569=ORIENTED_EDGE('',*,*,#1218,.F.);
#1570=ORIENTED_EDGE('',*,*,#1190,.F.);
#1571=ORIENTED_EDGE('',*,*,#1181,.F.);
#1572=ORIENTED_EDGE('',*,*,#1189,.F.);
#1573=ORIENTED_EDGE('',*,*,#1219,.F.);
#1574=ORIENTED_EDGE('',*,*,#1193,.F.);
#1575=ORIENTED_EDGE('',*,*,#1164,.F.);
#1576=ORIENTED_EDGE('',*,*,#1220,.F.);
#1577=ORIENTED_EDGE('',*,*,#1168,.F.);
#1578=ORIENTED_EDGE('',*,*,#1159,.F.);
#1579=ORIENTED_EDGE('',*,*,#1167,.F.);
#1580=ORIENTED_EDGE('',*,*,#1221,.F.);
#1581=ORIENTED_EDGE('',*,*,#1171,.F.);
#1582=ORIENTED_EDGE('',*,*,#1142,.F.);
#1583=ORIENTED_EDGE('',*,*,#1222,.F.);
#1584=ORIENTED_EDGE('',*,*,#1146,.F.);
#1585=ORIENTED_EDGE('',*,*,#1137,.F.);
#1586=ORIENTED_EDGE('',*,*,#1145,.F.);
#1587=ORIENTED_EDGE('',*,*,#1223,.F.);
#1588=ORIENTED_EDGE('',*,*,#1149,.F.);
#1589=ORIENTED_EDGE('',*,*,#1208,.F.);
#1590=ORIENTED_EDGE('',*,*,#1224,.F.);
#1591=ORIENTED_EDGE('',*,*,#1212,.F.);
#1592=ORIENTED_EDGE('',*,*,#1203,.F.);
#1593=ORIENTED_EDGE('',*,*,#1211,.F.);
#1594=ORIENTED_EDGE('',*,*,#1225,.F.);
#1595=ORIENTED_EDGE('',*,*,#1215,.F.);
#1596=ORIENTED_EDGE('',*,*,#1226,.T.);
#1597=ORIENTED_EDGE('',*,*,#1227,.T.);
#1598=ORIENTED_EDGE('',*,*,#1228,.T.);
#1599=ORIENTED_EDGE('',*,*,#1229,.T.);
#1600=ORIENTED_EDGE('',*,*,#1230,.T.);
#1601=ORIENTED_EDGE('',*,*,#1231,.T.);
#1602=ORIENTED_EDGE('',*,*,#1226,.F.);
#1603=ORIENTED_EDGE('',*,*,#1232,.T.);
#1604=ORIENTED_EDGE('',*,*,#1233,.T.);
#1605=ORIENTED_EDGE('',*,*,#1234,.T.);
#1606=ORIENTED_EDGE('',*,*,#1230,.F.);
#1607=ORIENTED_EDGE('',*,*,#1235,.T.);
#1608=ORIENTED_EDGE('',*,*,#1236,.T.);
#1609=ORIENTED_EDGE('',*,*,#1237,.T.);
#1610=ORIENTED_EDGE('',*,*,#1233,.F.);
#1611=ORIENTED_EDGE('',*,*,#1238,.T.);
#1612=ORIENTED_EDGE('',*,*,#1239,.T.);
#1613=ORIENTED_EDGE('',*,*,#1240,.T.);
#1614=ORIENTED_EDGE('',*,*,#1236,.F.);
#1615=ORIENTED_EDGE('',*,*,#1241,.T.);
#1616=ORIENTED_EDGE('',*,*,#1242,.T.);
#1617=ORIENTED_EDGE('',*,*,#1243,.T.);
#1618=ORIENTED_EDGE('',*,*,#1239,.F.);
#1619=ORIENTED_EDGE('',*,*,#1244,.T.);
#1620=ORIENTED_EDGE('',*,*,#1245,.T.);
#1621=ORIENTED_EDGE('',*,*,#1246,.T.);
#1622=ORIENTED_EDGE('',*,*,#1242,.F.);
#1623=ORIENTED_EDGE('',*,*,#1247,.T.);
#1624=ORIENTED_EDGE('',*,*,#1248,.T.);
#1625=ORIENTED_EDGE('',*,*,#1249,.T.);
#1626=ORIENTED_EDGE('',*,*,#1245,.F.);
#1627=ORIENTED_EDGE('',*,*,#1250,.T.);
#1628=ORIENTED_EDGE('',*,*,#1251,.T.);
#1629=ORIENTED_EDGE('',*,*,#1252,.T.);
#1630=ORIENTED_EDGE('',*,*,#1248,.F.);
#1631=ORIENTED_EDGE('',*,*,#1253,.T.);
#1632=ORIENTED_EDGE('',*,*,#1254,.T.);
#1633=ORIENTED_EDGE('',*,*,#1255,.T.);
#1634=ORIENTED_EDGE('',*,*,#1251,.F.);
#1635=ORIENTED_EDGE('',*,*,#1256,.T.);
#1636=ORIENTED_EDGE('',*,*,#1257,.T.);
#1637=ORIENTED_EDGE('',*,*,#1258,.T.);
#1638=ORIENTED_EDGE('',*,*,#1254,.F.);
#1639=ORIENTED_EDGE('',*,*,#1259,.T.);
#1640=ORIENTED_EDGE('',*,*,#1260,.T.);
#1641=ORIENTED_EDGE('',*,*,#1261,.T.);
#1642=ORIENTED_EDGE('',*,*,#1257,.F.);
#1643=ORIENTED_EDGE('',*,*,#1262,.T.);
#1644=ORIENTED_EDGE('',*,*,#1263,.T.);
#1645=ORIENTED_EDGE('',*,*,#1264,.T.);
#1646=ORIENTED_EDGE('',*,*,#1260,.F.);
#1647=ORIENTED_EDGE('',*,*,#1265,.T.);
#1648=ORIENTED_EDGE('',*,*,#1266,.T.);
#1649=ORIENTED_EDGE('',*,*,#1267,.T.);
#1650=ORIENTED_EDGE('',*,*,#1263,.F.);
#1651=ORIENTED_EDGE('',*,*,#1268,.T.);
#1652=ORIENTED_EDGE('',*,*,#1269,.T.);
#1653=ORIENTED_EDGE('',*,*,#1270,.T.);
#1654=ORIENTED_EDGE('',*,*,#1266,.F.);
#1655=ORIENTED_EDGE('',*,*,#1271,.T.);
#1656=ORIENTED_EDGE('',*,*,#1272,.T.);
#1657=ORIENTED_EDGE('',*,*,#1273,.T.);
#1658=ORIENTED_EDGE('',*,*,#1269,.F.);
#1659=ORIENTED_EDGE('',*,*,#1274,.T.);
#1660=ORIENTED_EDGE('',*,*,#1275,.T.);
#1661=ORIENTED_EDGE('',*,*,#1276,.T.);
#1662=ORIENTED_EDGE('',*,*,#1272,.F.);
#1663=ORIENTED_EDGE('',*,*,#1277,.T.);
#1664=ORIENTED_EDGE('',*,*,#1278,.T.);
#1665=ORIENTED_EDGE('',*,*,#1279,.T.);
#1666=ORIENTED_EDGE('',*,*,#1275,.F.);
#1667=ORIENTED_EDGE('',*,*,#1280,.T.);
#1668=ORIENTED_EDGE('',*,*,#1281,.T.);
#1669=ORIENTED_EDGE('',*,*,#1282,.T.);
#1670=ORIENTED_EDGE('',*,*,#1278,.F.);
#1671=ORIENTED_EDGE('',*,*,#1283,.T.);
#1672=ORIENTED_EDGE('',*,*,#1228,.F.);
#1673=ORIENTED_EDGE('',*,*,#1284,.T.);
#1674=ORIENTED_EDGE('',*,*,#1281,.F.);
#1675=ORIENTED_EDGE('',*,*,#1285,.T.);
#1676=ORIENTED_EDGE('',*,*,#1256,.F.);
#1677=ORIENTED_EDGE('',*,*,#1286,.T.);
#1678=ORIENTED_EDGE('',*,*,#1287,.F.);
#1679=ORIENTED_EDGE('',*,*,#1288,.F.);
#1680=ORIENTED_EDGE('',*,*,#1253,.F.);
#1681=ORIENTED_EDGE('',*,*,#1289,.T.);
#1682=ORIENTED_EDGE('',*,*,#1290,.F.);
#1683=ORIENTED_EDGE('',*,*,#1286,.F.);
#1684=ORIENTED_EDGE('',*,*,#1250,.F.);
#1685=ORIENTED_EDGE('',*,*,#1291,.T.);
#1686=ORIENTED_EDGE('',*,*,#1292,.F.);
#1687=ORIENTED_EDGE('',*,*,#1289,.F.);
#1688=ORIENTED_EDGE('',*,*,#1247,.F.);
#1689=ORIENTED_EDGE('',*,*,#1293,.T.);
#1690=ORIENTED_EDGE('',*,*,#1294,.F.);
#1691=ORIENTED_EDGE('',*,*,#1291,.F.);
#1692=ORIENTED_EDGE('',*,*,#1244,.F.);
#1693=ORIENTED_EDGE('',*,*,#1295,.T.);
#1694=ORIENTED_EDGE('',*,*,#1296,.F.);
#1695=ORIENTED_EDGE('',*,*,#1293,.F.);
#1696=ORIENTED_EDGE('',*,*,#1241,.F.);
#1697=ORIENTED_EDGE('',*,*,#1297,.T.);
#1698=ORIENTED_EDGE('',*,*,#1298,.F.);
#1699=ORIENTED_EDGE('',*,*,#1295,.F.);
#1700=ORIENTED_EDGE('',*,*,#1238,.F.);
#1701=ORIENTED_EDGE('',*,*,#1299,.T.);
#1702=ORIENTED_EDGE('',*,*,#1300,.F.);
#1703=ORIENTED_EDGE('',*,*,#1297,.F.);
#1704=ORIENTED_EDGE('',*,*,#1235,.F.);
#1705=ORIENTED_EDGE('',*,*,#1301,.T.);
#1706=ORIENTED_EDGE('',*,*,#1302,.F.);
#1707=ORIENTED_EDGE('',*,*,#1299,.F.);
#1708=ORIENTED_EDGE('',*,*,#1232,.F.);
#1709=ORIENTED_EDGE('',*,*,#1303,.F.);
#1710=ORIENTED_EDGE('',*,*,#1304,.F.);
#1711=ORIENTED_EDGE('',*,*,#1301,.F.);
#1712=ORIENTED_EDGE('',*,*,#1229,.F.);
#1713=ORIENTED_EDGE('',*,*,#1305,.T.);
#1714=ORIENTED_EDGE('',*,*,#1306,.F.);
#1715=ORIENTED_EDGE('',*,*,#1303,.T.);
#1716=ORIENTED_EDGE('',*,*,#1227,.F.);
#1717=ORIENTED_EDGE('',*,*,#1231,.F.);
#1718=ORIENTED_EDGE('',*,*,#1234,.F.);
#1719=ORIENTED_EDGE('',*,*,#1237,.F.);
#1720=ORIENTED_EDGE('',*,*,#1240,.F.);
#1721=ORIENTED_EDGE('',*,*,#1243,.F.);
#1722=ORIENTED_EDGE('',*,*,#1246,.F.);
#1723=ORIENTED_EDGE('',*,*,#1249,.F.);
#1724=ORIENTED_EDGE('',*,*,#1252,.F.);
#1725=ORIENTED_EDGE('',*,*,#1255,.F.);
#1726=ORIENTED_EDGE('',*,*,#1258,.F.);
#1727=ORIENTED_EDGE('',*,*,#1261,.F.);
#1728=ORIENTED_EDGE('',*,*,#1264,.F.);
#1729=ORIENTED_EDGE('',*,*,#1267,.F.);
#1730=ORIENTED_EDGE('',*,*,#1270,.F.);
#1731=ORIENTED_EDGE('',*,*,#1273,.F.);
#1732=ORIENTED_EDGE('',*,*,#1276,.F.);
#1733=ORIENTED_EDGE('',*,*,#1279,.F.);
#1734=ORIENTED_EDGE('',*,*,#1282,.F.);
#1735=ORIENTED_EDGE('',*,*,#1284,.F.);
#1736=ORIENTED_EDGE('',*,*,#1307,.F.);
#1737=ORIENTED_EDGE('',*,*,#1308,.F.);
#1738=ORIENTED_EDGE('',*,*,#1309,.F.);
#1739=ORIENTED_EDGE('',*,*,#1310,.F.);
#1740=ORIENTED_EDGE('',*,*,#1311,.F.);
#1741=ORIENTED_EDGE('',*,*,#1312,.F.);
#1742=ORIENTED_EDGE('',*,*,#1313,.F.);
#1743=ORIENTED_EDGE('',*,*,#1314,.F.);
#1744=ORIENTED_EDGE('',*,*,#1315,.F.);
#1745=ORIENTED_EDGE('',*,*,#1316,.F.);
#1746=ORIENTED_EDGE('',*,*,#1307,.T.);
#1747=ORIENTED_EDGE('',*,*,#1317,.T.);
#1748=ORIENTED_EDGE('',*,*,#1318,.T.);
#1749=ORIENTED_EDGE('',*,*,#1317,.F.);
#1750=ORIENTED_EDGE('',*,*,#1319,.F.);
#1751=ORIENTED_EDGE('',*,*,#1320,.T.);
#1752=ORIENTED_EDGE('',*,*,#1318,.F.);
#1753=ORIENTED_EDGE('',*,*,#1320,.F.);
#1754=ORIENTED_EDGE('',*,*,#1321,.T.);
#1755=ORIENTED_EDGE('',*,*,#1309,.T.);
#1756=ORIENTED_EDGE('',*,*,#1322,.T.);
#1757=ORIENTED_EDGE('',*,*,#1323,.T.);
#1758=ORIENTED_EDGE('',*,*,#1324,.T.);
#1759=ORIENTED_EDGE('',*,*,#1310,.T.);
#1760=ORIENTED_EDGE('',*,*,#1321,.F.);
#1761=ORIENTED_EDGE('',*,*,#1325,.T.);
#1762=ORIENTED_EDGE('',*,*,#1326,.T.);
#1763=ORIENTED_EDGE('',*,*,#1311,.T.);
#1764=ORIENTED_EDGE('',*,*,#1324,.F.);
#1765=ORIENTED_EDGE('',*,*,#1327,.T.);
#1766=ORIENTED_EDGE('',*,*,#1328,.T.);
#1767=ORIENTED_EDGE('',*,*,#1312,.T.);
#1768=ORIENTED_EDGE('',*,*,#1326,.F.);
#1769=ORIENTED_EDGE('',*,*,#1329,.T.);
#1770=ORIENTED_EDGE('',*,*,#1330,.T.);
#1771=ORIENTED_EDGE('',*,*,#1313,.T.);
#1772=ORIENTED_EDGE('',*,*,#1328,.F.);
#1773=ORIENTED_EDGE('',*,*,#1331,.T.);
#1774=ORIENTED_EDGE('',*,*,#1332,.T.);
#1775=ORIENTED_EDGE('',*,*,#1314,.T.);
#1776=ORIENTED_EDGE('',*,*,#1330,.F.);
#1777=ORIENTED_EDGE('',*,*,#1333,.T.);
#1778=ORIENTED_EDGE('',*,*,#1334,.T.);
#1779=ORIENTED_EDGE('',*,*,#1315,.T.);
#1780=ORIENTED_EDGE('',*,*,#1332,.F.);
#1781=ORIENTED_EDGE('',*,*,#1335,.T.);
#1782=ORIENTED_EDGE('',*,*,#1322,.F.);
#1783=ORIENTED_EDGE('',*,*,#1316,.T.);
#1784=ORIENTED_EDGE('',*,*,#1334,.F.);
#1785=ORIENTED_EDGE('',*,*,#1336,.T.);
#1786=ORIENTED_EDGE('',*,*,#1329,.F.);
#1787=ORIENTED_EDGE('',*,*,#1337,.F.);
#1788=ORIENTED_EDGE('',*,*,#1338,.F.);
#1789=ORIENTED_EDGE('',*,*,#1339,.T.);
#1790=ORIENTED_EDGE('',*,*,#1327,.F.);
#1791=ORIENTED_EDGE('',*,*,#1340,.F.);
#1792=ORIENTED_EDGE('',*,*,#1341,.F.);
#1793=ORIENTED_EDGE('',*,*,#1337,.T.);
#1794=ORIENTED_EDGE('',*,*,#1325,.F.);
#1795=ORIENTED_EDGE('',*,*,#1342,.F.);
#1796=ORIENTED_EDGE('',*,*,#1343,.F.);
#1797=ORIENTED_EDGE('',*,*,#1340,.T.);
#1798=ORIENTED_EDGE('',*,*,#1323,.F.);
#1799=ORIENTED_EDGE('',*,*,#1344,.F.);
#1800=ORIENTED_EDGE('',*,*,#1345,.F.);
#1801=ORIENTED_EDGE('',*,*,#1342,.T.);
#1802=ORIENTED_EDGE('',*,*,#1308,.T.);
#1803=ORIENTED_EDGE('',*,*,#1346,.T.);
#1804=ORIENTED_EDGE('',*,*,#1347,.T.);
#1805=ORIENTED_EDGE('',*,*,#1346,.F.);
#1806=ORIENTED_EDGE('',*,*,#1348,.F.);
#1807=ORIENTED_EDGE('',*,*,#1349,.T.);
#1808=ORIENTED_EDGE('',*,*,#1347,.F.);
#1809=ORIENTED_EDGE('',*,*,#1349,.F.);
#1810=ORIENTED_EDGE('',*,*,#1350,.T.);
#1811=ORIENTED_EDGE('',*,*,#1351,.T.);
#1812=ORIENTED_EDGE('',*,*,#1352,.T.);
#1813=ORIENTED_EDGE('',*,*,#1353,.T.);
#1814=ORIENTED_EDGE('',*,*,#1354,.T.);
#1815=ORIENTED_EDGE('',*,*,#1355,.T.);
#1816=ORIENTED_EDGE('',*,*,#1350,.F.);
#1817=ORIENTED_EDGE('',*,*,#1356,.T.);
#1818=ORIENTED_EDGE('',*,*,#1357,.T.);
#1819=ORIENTED_EDGE('',*,*,#1358,.T.);
#1820=ORIENTED_EDGE('',*,*,#1354,.F.);
#1821=ORIENTED_EDGE('',*,*,#1359,.T.);
#1822=ORIENTED_EDGE('',*,*,#1360,.T.);
#1823=ORIENTED_EDGE('',*,*,#1361,.T.);
#1824=ORIENTED_EDGE('',*,*,#1357,.F.);
#1825=ORIENTED_EDGE('',*,*,#1362,.T.);
#1826=ORIENTED_EDGE('',*,*,#1363,.T.);
#1827=ORIENTED_EDGE('',*,*,#1364,.T.);
#1828=ORIENTED_EDGE('',*,*,#1360,.F.);
#1829=ORIENTED_EDGE('',*,*,#1365,.T.);
#1830=ORIENTED_EDGE('',*,*,#1366,.T.);
#1831=ORIENTED_EDGE('',*,*,#1367,.T.);
#1832=ORIENTED_EDGE('',*,*,#1363,.F.);
#1833=ORIENTED_EDGE('',*,*,#1368,.T.);
#1834=ORIENTED_EDGE('',*,*,#1369,.T.);
#1835=ORIENTED_EDGE('',*,*,#1370,.T.);
#1836=ORIENTED_EDGE('',*,*,#1366,.F.);
#1837=ORIENTED_EDGE('',*,*,#1371,.T.);
#1838=ORIENTED_EDGE('',*,*,#1352,.F.);
#1839=ORIENTED_EDGE('',*,*,#1372,.T.);
#1840=ORIENTED_EDGE('',*,*,#1369,.F.);
#1841=ORIENTED_EDGE('',*,*,#1373,.T.);
#1842=ORIENTED_EDGE('',*,*,#1362,.F.);
#1843=ORIENTED_EDGE('',*,*,#1374,.F.);
#1844=ORIENTED_EDGE('',*,*,#1375,.F.);
#1845=ORIENTED_EDGE('',*,*,#1376,.T.);
#1846=ORIENTED_EDGE('',*,*,#1219,.T.);
#1847=ORIENTED_EDGE('',*,*,#1188,.F.);
#1848=ORIENTED_EDGE('',*,*,#1218,.T.);
#1849=ORIENTED_EDGE('',*,*,#1185,.F.);
#1850=ORIENTED_EDGE('',*,*,#1194,.T.);
#1851=ORIENTED_EDGE('',*,*,#1182,.F.);
#1852=ORIENTED_EDGE('',*,*,#1195,.T.);
#1853=ORIENTED_EDGE('',*,*,#1191,.F.);
#1854=ORIENTED_EDGE('',*,*,#1359,.F.);
#1855=ORIENTED_EDGE('',*,*,#1377,.F.);
#1856=ORIENTED_EDGE('',*,*,#1378,.F.);
#1857=ORIENTED_EDGE('',*,*,#1374,.T.);
#1858=ORIENTED_EDGE('',*,*,#1356,.F.);
#1859=ORIENTED_EDGE('',*,*,#1379,.F.);
#1860=ORIENTED_EDGE('',*,*,#1380,.F.);
#1861=ORIENTED_EDGE('',*,*,#1377,.T.);
#1862=ORIENTED_EDGE('',*,*,#1225,.T.);
#1863=ORIENTED_EDGE('',*,*,#1210,.F.);
#1864=ORIENTED_EDGE('',*,*,#1224,.T.);
#1865=ORIENTED_EDGE('',*,*,#1207,.F.);
#1866=ORIENTED_EDGE('',*,*,#1216,.T.);
#1867=ORIENTED_EDGE('',*,*,#1204,.F.);
#1868=ORIENTED_EDGE('',*,*,#1217,.T.);
#1869=ORIENTED_EDGE('',*,*,#1213,.F.);
#1870=ORIENTED_EDGE('',*,*,#1353,.F.);
#1871=ORIENTED_EDGE('',*,*,#1381,.F.);
#1872=ORIENTED_EDGE('',*,*,#1382,.F.);
#1873=ORIENTED_EDGE('',*,*,#1379,.T.);
#1874=ORIENTED_EDGE('',*,*,#1351,.F.);
#1875=ORIENTED_EDGE('',*,*,#1355,.F.);
#1876=ORIENTED_EDGE('',*,*,#1358,.F.);
#1877=ORIENTED_EDGE('',*,*,#1361,.F.);
#1878=ORIENTED_EDGE('',*,*,#1364,.F.);
#1879=ORIENTED_EDGE('',*,*,#1367,.F.);
#1880=ORIENTED_EDGE('',*,*,#1370,.F.);
#1881=ORIENTED_EDGE('',*,*,#1372,.F.);
#1882=ORIENTED_EDGE('',*,*,#1383,.F.);
#1883=ORIENTED_EDGE('',*,*,#1384,.F.);
#1884=ORIENTED_EDGE('',*,*,#1385,.F.);
#1885=ORIENTED_EDGE('',*,*,#1386,.F.);
#1886=ORIENTED_EDGE('',*,*,#1383,.T.);
#1887=ORIENTED_EDGE('',*,*,#1387,.T.);
#1888=ORIENTED_EDGE('',*,*,#1388,.T.);
#1889=ORIENTED_EDGE('',*,*,#1389,.F.);
#1890=ORIENTED_EDGE('',*,*,#1386,.T.);
#1891=ORIENTED_EDGE('',*,*,#1390,.T.);
#1892=ORIENTED_EDGE('',*,*,#1391,.T.);
#1893=ORIENTED_EDGE('',*,*,#1387,.F.);
#1894=ORIENTED_EDGE('',*,*,#1385,.T.);
#1895=ORIENTED_EDGE('',*,*,#1392,.T.);
#1896=ORIENTED_EDGE('',*,*,#1393,.T.);
#1897=ORIENTED_EDGE('',*,*,#1390,.F.);
#1898=ORIENTED_EDGE('',*,*,#1394,.T.);
#1899=ORIENTED_EDGE('',*,*,#1392,.F.);
#1900=ORIENTED_EDGE('',*,*,#1384,.T.);
#1901=ORIENTED_EDGE('',*,*,#1389,.T.);
#1902=ORIENTED_EDGE('',*,*,#1394,.F.);
#1903=ORIENTED_EDGE('',*,*,#1395,.F.);
#1904=ORIENTED_EDGE('',*,*,#1396,.F.);
#1905=ORIENTED_EDGE('',*,*,#1397,.T.);
#1906=ORIENTED_EDGE('',*,*,#1388,.F.);
#1907=ORIENTED_EDGE('',*,*,#1398,.F.);
#1908=ORIENTED_EDGE('',*,*,#1399,.F.);
#1909=ORIENTED_EDGE('',*,*,#1395,.T.);
#1910=ORIENTED_EDGE('',*,*,#1391,.F.);
#1911=ORIENTED_EDGE('',*,*,#1400,.F.);
#1912=ORIENTED_EDGE('',*,*,#1401,.F.);
#1913=ORIENTED_EDGE('',*,*,#1398,.T.);
#1914=ORIENTED_EDGE('',*,*,#1393,.F.);
#1915=ORIENTED_EDGE('',*,*,#1397,.F.);
#1916=ORIENTED_EDGE('',*,*,#1402,.F.);
#1917=ORIENTED_EDGE('',*,*,#1400,.T.);
#1918=ORIENTED_EDGE('',*,*,#1373,.F.);
#1919=ORIENTED_EDGE('',*,*,#1403,.F.);
#1920=ORIENTED_EDGE('',*,*,#1404,.F.);
#1921=ORIENTED_EDGE('',*,*,#1381,.T.);
#1922=ORIENTED_EDGE('',*,*,#1223,.T.);
#1923=ORIENTED_EDGE('',*,*,#1144,.F.);
#1924=ORIENTED_EDGE('',*,*,#1222,.T.);
#1925=ORIENTED_EDGE('',*,*,#1141,.F.);
#1926=ORIENTED_EDGE('',*,*,#1150,.T.);
#1927=ORIENTED_EDGE('',*,*,#1138,.F.);
#1928=ORIENTED_EDGE('',*,*,#1151,.T.);
#1929=ORIENTED_EDGE('',*,*,#1147,.F.);
#1930=ORIENTED_EDGE('',*,*,#1371,.F.);
#1931=ORIENTED_EDGE('',*,*,#1405,.F.);
#1932=ORIENTED_EDGE('',*,*,#1406,.F.);
#1933=ORIENTED_EDGE('',*,*,#1403,.T.);
#1934=ORIENTED_EDGE('',*,*,#1368,.F.);
#1935=ORIENTED_EDGE('',*,*,#1407,.F.);
#1936=ORIENTED_EDGE('',*,*,#1408,.F.);
#1937=ORIENTED_EDGE('',*,*,#1405,.T.);
#1938=ORIENTED_EDGE('',*,*,#1221,.T.);
#1939=ORIENTED_EDGE('',*,*,#1166,.F.);
#1940=ORIENTED_EDGE('',*,*,#1220,.T.);
#1941=ORIENTED_EDGE('',*,*,#1163,.F.);
#1942=ORIENTED_EDGE('',*,*,#1172,.T.);
#1943=ORIENTED_EDGE('',*,*,#1160,.F.);
#1944=ORIENTED_EDGE('',*,*,#1173,.T.);
#1945=ORIENTED_EDGE('',*,*,#1169,.F.);
#1946=ORIENTED_EDGE('',*,*,#1365,.F.);
#1947=ORIENTED_EDGE('',*,*,#1376,.F.);
#1948=ORIENTED_EDGE('',*,*,#1409,.F.);
#1949=ORIENTED_EDGE('',*,*,#1407,.T.);
#1950=ORIENTED_EDGE('',*,*,#1410,.T.);
#1951=ORIENTED_EDGE('',*,*,#1411,.T.);
#1952=ORIENTED_EDGE('',*,*,#1412,.T.);
#1953=ORIENTED_EDGE('',*,*,#1413,.T.);
#1954=ORIENTED_EDGE('',*,*,#1338,.T.);
#1955=ORIENTED_EDGE('',*,*,#1341,.T.);
#1956=ORIENTED_EDGE('',*,*,#1343,.T.);
#1957=ORIENTED_EDGE('',*,*,#1345,.T.);
#1958=ORIENTED_EDGE('',*,*,#1404,.T.);
#1959=ORIENTED_EDGE('',*,*,#1406,.T.);
#1960=ORIENTED_EDGE('',*,*,#1408,.T.);
#1961=ORIENTED_EDGE('',*,*,#1409,.T.);
#1962=ORIENTED_EDGE('',*,*,#1375,.T.);
#1963=ORIENTED_EDGE('',*,*,#1378,.T.);
#1964=ORIENTED_EDGE('',*,*,#1380,.T.);
#1965=ORIENTED_EDGE('',*,*,#1382,.T.);
#1966=ORIENTED_EDGE('',*,*,#1336,.F.);
#1967=ORIENTED_EDGE('',*,*,#1414,.F.);
#1968=ORIENTED_EDGE('',*,*,#1410,.F.);
#1969=ORIENTED_EDGE('',*,*,#1344,.T.);
#1970=ORIENTED_EDGE('',*,*,#1335,.F.);
#1971=ORIENTED_EDGE('',*,*,#1415,.F.);
#1972=ORIENTED_EDGE('',*,*,#1411,.F.);
#1973=ORIENTED_EDGE('',*,*,#1414,.T.);
#1974=ORIENTED_EDGE('',*,*,#1333,.F.);
#1975=ORIENTED_EDGE('',*,*,#1416,.F.);
#1976=ORIENTED_EDGE('',*,*,#1412,.F.);
#1977=ORIENTED_EDGE('',*,*,#1415,.T.);
#1978=ORIENTED_EDGE('',*,*,#1331,.F.);
#1979=ORIENTED_EDGE('',*,*,#1339,.F.);
#1980=ORIENTED_EDGE('',*,*,#1413,.F.);
#1981=ORIENTED_EDGE('',*,*,#1416,.T.);
#1982=ORIENTED_EDGE('',*,*,#1259,.F.);
#1983=ORIENTED_EDGE('',*,*,#1288,.T.);
#1984=ORIENTED_EDGE('',*,*,#1417,.F.);
#1985=ORIENTED_EDGE('',*,*,#1418,.F.);
#1986=ORIENTED_EDGE('',*,*,#1262,.F.);
#1987=ORIENTED_EDGE('',*,*,#1418,.T.);
#1988=ORIENTED_EDGE('',*,*,#1419,.F.);
#1989=ORIENTED_EDGE('',*,*,#1420,.F.);
#1990=ORIENTED_EDGE('',*,*,#1265,.F.);
#1991=ORIENTED_EDGE('',*,*,#1420,.T.);
#1992=ORIENTED_EDGE('',*,*,#1421,.F.);
#1993=ORIENTED_EDGE('',*,*,#1422,.F.);
#1994=ORIENTED_EDGE('',*,*,#1268,.F.);
#1995=ORIENTED_EDGE('',*,*,#1422,.T.);
#1996=ORIENTED_EDGE('',*,*,#1423,.F.);
#1997=ORIENTED_EDGE('',*,*,#1424,.F.);
#1998=ORIENTED_EDGE('',*,*,#1271,.F.);
#1999=ORIENTED_EDGE('',*,*,#1424,.T.);
#2000=ORIENTED_EDGE('',*,*,#1425,.F.);
#2001=ORIENTED_EDGE('',*,*,#1426,.F.);
#2002=ORIENTED_EDGE('',*,*,#1274,.F.);
#2003=ORIENTED_EDGE('',*,*,#1426,.T.);
#2004=ORIENTED_EDGE('',*,*,#1427,.F.);
#2005=ORIENTED_EDGE('',*,*,#1428,.F.);
#2006=ORIENTED_EDGE('',*,*,#1277,.F.);
#2007=ORIENTED_EDGE('',*,*,#1428,.T.);
#2008=ORIENTED_EDGE('',*,*,#1429,.F.);
#2009=ORIENTED_EDGE('',*,*,#1430,.F.);
#2010=ORIENTED_EDGE('',*,*,#1280,.F.);
#2011=ORIENTED_EDGE('',*,*,#1430,.T.);
#2012=ORIENTED_EDGE('',*,*,#1431,.F.);
#2013=ORIENTED_EDGE('',*,*,#1432,.F.);
#2014=ORIENTED_EDGE('',*,*,#1283,.F.);
#2015=ORIENTED_EDGE('',*,*,#1432,.T.);
#2016=ORIENTED_EDGE('',*,*,#1433,.F.);
#2017=ORIENTED_EDGE('',*,*,#1434,.F.);
#2018=ORIENTED_EDGE('',*,*,#1285,.F.);
#2019=ORIENTED_EDGE('',*,*,#1434,.T.);
#2020=ORIENTED_EDGE('',*,*,#1435,.F.);
#2021=ORIENTED_EDGE('',*,*,#1305,.F.);
#2022=ORIENTED_EDGE('',*,*,#1306,.T.);
#2023=ORIENTED_EDGE('',*,*,#1435,.T.);
#2024=ORIENTED_EDGE('',*,*,#1433,.T.);
#2025=ORIENTED_EDGE('',*,*,#1431,.T.);
#2026=ORIENTED_EDGE('',*,*,#1429,.T.);
#2027=ORIENTED_EDGE('',*,*,#1427,.T.);
#2028=ORIENTED_EDGE('',*,*,#1425,.T.);
#2029=ORIENTED_EDGE('',*,*,#1423,.T.);
#2030=ORIENTED_EDGE('',*,*,#1421,.T.);
#2031=ORIENTED_EDGE('',*,*,#1419,.T.);
#2032=ORIENTED_EDGE('',*,*,#1417,.T.);
#2033=ORIENTED_EDGE('',*,*,#1287,.T.);
#2034=ORIENTED_EDGE('',*,*,#1290,.T.);
#2035=ORIENTED_EDGE('',*,*,#1292,.T.);
#2036=ORIENTED_EDGE('',*,*,#1294,.T.);
#2037=ORIENTED_EDGE('',*,*,#1296,.T.);
#2038=ORIENTED_EDGE('',*,*,#1298,.T.);
#2039=ORIENTED_EDGE('',*,*,#1300,.T.);
#2040=ORIENTED_EDGE('',*,*,#1302,.T.);
#2041=ORIENTED_EDGE('',*,*,#1304,.T.);
#2042=ORIENTED_EDGE('',*,*,#1319,.T.);
#2043=ORIENTED_EDGE('',*,*,#1348,.T.);
#2044=ORIENTED_EDGE('',*,*,#1396,.T.);
#2045=ORIENTED_EDGE('',*,*,#1399,.T.);
#2046=ORIENTED_EDGE('',*,*,#1401,.T.);
#2047=ORIENTED_EDGE('',*,*,#1402,.T.);
#2048=SPHERICAL_SURFACE('',#2205,0.00799999999999989);
#2049=SPHERICAL_SURFACE('',#2209,0.00800000000000008);
#2050=SPHERICAL_SURFACE('',#2224,0.00799999999999989);
#2051=SPHERICAL_SURFACE('',#2228,0.00800000000000008);
#2052=SPHERICAL_SURFACE('',#2243,0.00799999999999989);
#2053=SPHERICAL_SURFACE('',#2247,0.00800000000000008);
#2054=SPHERICAL_SURFACE('',#2262,0.00799999999999989);
#2055=SPHERICAL_SURFACE('',#2266,0.00800000000000008);
#2056=ADVANCED_FACE('',(#587),#2048,.T.);
#2057=ADVANCED_FACE('',(#588),#2049,.T.);
#2058=ADVANCED_FACE('',(#589),#547,.T.);
#2059=ADVANCED_FACE('',(#590),#548,.T.);
#2060=ADVANCED_FACE('',(#591),#549,.T.);
#2061=ADVANCED_FACE('',(#592),#550,.T.);
#2062=ADVANCED_FACE('',(#593),#551,.T.);
#2063=ADVANCED_FACE('',(#594),#54,.T.);
#2064=ADVANCED_FACE('',(#595),#55,.T.);
#2065=ADVANCED_FACE('',(#596),#2050,.T.);
#2066=ADVANCED_FACE('',(#597),#2051,.T.);
#2067=ADVANCED_FACE('',(#598),#552,.T.);
#2068=ADVANCED_FACE('',(#599),#553,.T.);
#2069=ADVANCED_FACE('',(#600),#554,.T.);
#2070=ADVANCED_FACE('',(#601),#555,.T.);
#2071=ADVANCED_FACE('',(#602),#556,.T.);
#2072=ADVANCED_FACE('',(#603),#56,.T.);
#2073=ADVANCED_FACE('',(#604),#57,.T.);
#2074=ADVANCED_FACE('',(#605),#2052,.T.);
#2075=ADVANCED_FACE('',(#606),#2053,.T.);
#2076=ADVANCED_FACE('',(#607),#557,.T.);
#2077=ADVANCED_FACE('',(#608),#558,.T.);
#2078=ADVANCED_FACE('',(#609),#559,.T.);
#2079=ADVANCED_FACE('',(#610),#560,.T.);
#2080=ADVANCED_FACE('',(#611),#561,.T.);
#2081=ADVANCED_FACE('',(#612),#58,.T.);
#2082=ADVANCED_FACE('',(#613),#59,.T.);
#2083=ADVANCED_FACE('',(#614),#2054,.T.);
#2084=ADVANCED_FACE('',(#615),#2055,.T.);
#2085=ADVANCED_FACE('',(#616),#562,.T.);
#2086=ADVANCED_FACE('',(#617),#563,.T.);
#2087=ADVANCED_FACE('',(#618),#564,.T.);
#2088=ADVANCED_FACE('',(#619),#565,.T.);
#2089=ADVANCED_FACE('',(#620),#566,.T.);
#2090=ADVANCED_FACE('',(#621),#60,.T.);
#2091=ADVANCED_FACE('',(#622),#61,.T.);
#2092=ADVANCED_FACE('',(#623),#62,.T.);
#2093=ADVANCED_FACE('',(#624),#63,.T.);
#2094=ADVANCED_FACE('',(#625),#64,.T.);
#2095=ADVANCED_FACE('',(#626),#65,.T.);
#2096=ADVANCED_FACE('',(#627),#66,.T.);
#2097=ADVANCED_FACE('',(#628),#67,.T.);
#2098=ADVANCED_FACE('',(#629),#68,.T.);
#2099=ADVANCED_FACE('',(#630),#69,.T.);
#2100=ADVANCED_FACE('',(#631),#34,.T.);
#2101=ADVANCED_FACE('',(#632),#70,.T.);
#2102=ADVANCED_FACE('',(#633),#35,.F.);
#2103=ADVANCED_FACE('',(#634),#71,.T.);
#2104=ADVANCED_FACE('',(#635),#36,.T.);
#2105=ADVANCED_FACE('',(#636),#72,.T.);
#2106=ADVANCED_FACE('',(#637),#37,.T.);
#2107=ADVANCED_FACE('',(#638),#73,.T.);
#2108=ADVANCED_FACE('',(#639),#38,.F.);
#2109=ADVANCED_FACE('',(#640),#74,.T.);
#2110=ADVANCED_FACE('',(#641),#39,.T.);
#2111=ADVANCED_FACE('',(#642),#75,.T.);
#2112=ADVANCED_FACE('',(#643),#40,.F.);
#2113=ADVANCED_FACE('',(#644),#76,.T.);
#2114=ADVANCED_FACE('',(#645),#41,.T.);
#2115=ADVANCED_FACE('',(#646),#77,.T.);
#2116=ADVANCED_FACE('',(#647),#42,.T.);
#2117=ADVANCED_FACE('',(#648),#78,.T.);
#2118=ADVANCED_FACE('',(#649),#43,.F.);
#2119=ADVANCED_FACE('',(#650),#79,.T.);
#2120=ADVANCED_FACE('',(#651),#80,.T.);
#2121=ADVANCED_FACE('',(#652),#567,.F.);
#2122=ADVANCED_FACE('',(#653),#81,.T.);
#2123=ADVANCED_FACE('',(#654),#568,.T.);
#2124=ADVANCED_FACE('',(#655),#82,.T.);
#2125=ADVANCED_FACE('',(#656),#569,.T.);
#2126=ADVANCED_FACE('',(#657),#83,.T.);
#2127=ADVANCED_FACE('',(#658),#570,.F.);
#2128=ADVANCED_FACE('',(#659),#84,.T.);
#2129=ADVANCED_FACE('',(#660),#571,.T.);
#2130=ADVANCED_FACE('',(#661,#23,#24,#25),#85,.F.);
#2131=ADVANCED_FACE('',(#662),#44,.F.);
#2132=ADVANCED_FACE('',(#663),#572,.F.);
#2133=ADVANCED_FACE('',(#664),#86,.T.);
#2134=ADVANCED_FACE('',(#665),#45,.F.);
#2135=ADVANCED_FACE('',(#666),#87,.T.);
#2136=ADVANCED_FACE('',(#667),#46,.F.);
#2137=ADVANCED_FACE('',(#668),#88,.T.);
#2138=ADVANCED_FACE('',(#669),#47,.F.);
#2139=ADVANCED_FACE('',(#670),#89,.T.);
#2140=ADVANCED_FACE('',(#671),#48,.F.);
#2141=ADVANCED_FACE('',(#672),#573,.F.);
#2142=ADVANCED_FACE('',(#673),#90,.T.);
#2143=ADVANCED_FACE('',(#674),#574,.F.);
#2144=ADVANCED_FACE('',(#675),#91,.T.);
#2145=ADVANCED_FACE('',(#676),#49,.F.);
#2146=ADVANCED_FACE('',(#677),#575,.F.);
#2147=ADVANCED_FACE('',(#678),#50,.T.);
#2148=ADVANCED_FACE('',(#679),#92,.T.);
#2149=ADVANCED_FACE('',(#680),#51,.T.);
#2150=ADVANCED_FACE('',(#681),#93,.T.);
#2151=ADVANCED_FACE('',(#682),#52,.T.);
#2152=ADVANCED_FACE('',(#683),#94,.T.);
#2153=ADVANCED_FACE('',(#684),#53,.T.);
#2154=ADVANCED_FACE('',(#685),#95,.T.);
#2155=ADVANCED_FACE('',(#686,#26),#96,.T.);
#2156=ADVANCED_FACE('',(#687),#576,.T.);
#2157=ADVANCED_FACE('',(#688,#27),#97,.T.);
#2158=ADVANCED_FACE('',(#689),#577,.T.);
#2159=ADVANCED_FACE('',(#690,#28),#98,.F.);
#2160=ADVANCED_FACE('',(#691),#99,.T.);
#2161=ADVANCED_FACE('',(#692),#100,.T.);
#2162=ADVANCED_FACE('',(#693),#101,.T.);
#2163=ADVANCED_FACE('',(#694),#102,.T.);
#2164=ADVANCED_FACE('',(#695),#103,.T.);
#2165=ADVANCED_FACE('',(#696),#104,.T.);
#2166=ADVANCED_FACE('',(#697),#105,.T.);
#2167=ADVANCED_FACE('',(#698),#106,.T.);
#2168=ADVANCED_FACE('',(#699,#29),#107,.T.);
#2169=ADVANCED_FACE('',(#700),#578,.T.);
#2170=ADVANCED_FACE('',(#701,#30),#108,.T.);
#2171=ADVANCED_FACE('',(#702),#579,.T.);
#2172=ADVANCED_FACE('',(#703,#31),#109,.F.);
#2173=ADVANCED_FACE('',(#704),#580,.F.);
#2174=ADVANCED_FACE('',(#705),#110,.T.);
#2175=ADVANCED_FACE('',(#706),#581,.F.);
#2176=ADVANCED_FACE('',(#707),#111,.T.);
#2177=ADVANCED_FACE('',(#708),#582,.T.);
#2178=ADVANCED_FACE('',(#709),#112,.T.);
#2179=ADVANCED_FACE('',(#710),#583,.F.);
#2180=ADVANCED_FACE('',(#711),#113,.T.);
#2181=ADVANCED_FACE('',(#712),#584,.T.);
#2182=ADVANCED_FACE('',(#713),#114,.T.);
#2183=ADVANCED_FACE('',(#714),#585,.T.);
#2184=ADVANCED_FACE('',(#715),#115,.T.);
#2185=ADVANCED_FACE('',(#716),#586,.F.);
#2186=ADVANCED_FACE('',(#717),#116,.T.);
#2187=ADVANCED_FACE('',(#718,#32,#33),#117,.T.);
#2188=ADVANCED_FACE('',(#719),#118,.F.);
#2189=CLOSED_SHELL('',(#2056,#2057,#2058,#2059,#2060,#2061,#2062,#2063,
#2064,#2065,#2066,#2067,#2068,#2069,#2070,#2071,#2072,#2073,#2074,#2075,
#2076,#2077,#2078,#2079,#2080,#2081,#2082,#2083,#2084,#2085,#2086,#2087,
#2088,#2089,#2090,#2091,#2092,#2093,#2094,#2095,#2096,#2097,#2098,#2099,
#2100,#2101,#2102,#2103,#2104,#2105,#2106,#2107,#2108,#2109,#2110,#2111,
#2112,#2113,#2114,#2115,#2116,#2117,#2118,#2119,#2120,#2121,#2122,#2123,
#2124,#2125,#2126,#2127,#2128,#2129,#2130,#2131,#2132,#2133,#2134,#2135,
#2136,#2137,#2138,#2139,#2140,#2141,#2142,#2143,#2144,#2145,#2146,#2147,
#2148,#2149,#2150,#2151,#2152,#2153,#2154,#2155,#2156,#2157,#2158,#2159,
#2160,#2161,#2162,#2163,#2164,#2165,#2166,#2167,#2168,#2169,#2170,#2171,
#2172,#2173,#2174,#2175,#2176,#2177,#2178,#2179,#2180,#2181,#2182,#2183,
#2184,#2185,#2186,#2187,#2188));
#2190=DERIVED_UNIT_ELEMENT(#2192,1.);
#2191=DERIVED_UNIT_ELEMENT(#3759,-3.);
#2192=(
MASS_UNIT()
NAMED_UNIT(*)
SI_UNIT(.KILO.,.GRAM.)
);
#2193=DERIVED_UNIT((#2190,#2191));
#2194=MEASURE_REPRESENTATION_ITEM('density measure',
POSITIVE_RATIO_MEASURE(7850.),#2193);
#2195=PROPERTY_DEFINITION_REPRESENTATION(#2200,#2197);
#2196=PROPERTY_DEFINITION_REPRESENTATION(#2201,#2198);
#2197=REPRESENTATION('material name',(#2199),#3754);
#2198=REPRESENTATION('density',(#2194),#3754);
#2199=DESCRIPTIVE_REPRESENTATION_ITEM('Steel','Steel');
#2200=PROPERTY_DEFINITION('material property','material name',#3777);
#2201=PROPERTY_DEFINITION('material property','density of part',#3777);
#2202=AXIS2_PLACEMENT_3D('',#3122,#2440,#2441);
#2203=AXIS2_PLACEMENT_3D('',#3123,#2442,#2443);
#2204=AXIS2_PLACEMENT_3D('',#3124,#2444,#2445);
#2205=AXIS2_PLACEMENT_3D('',#3125,#2446,#2447);
#2206=AXIS2_PLACEMENT_3D('',#3128,#2448,#2449);
#2207=AXIS2_PLACEMENT_3D('',#3130,#2450,#2451);
#2208=AXIS2_PLACEMENT_3D('',#3131,#2452,#2453);
#2209=AXIS2_PLACEMENT_3D('',#3132,#2454,#2455);
#2210=AXIS2_PLACEMENT_3D('',#3135,#2456,#2457);
#2211=AXIS2_PLACEMENT_3D('',#3137,#2458,#2459);
#2212=AXIS2_PLACEMENT_3D('',#3138,#2460,#2461);
#2213=AXIS2_PLACEMENT_3D('',#3139,#2462,#2463);
#2214=AXIS2_PLACEMENT_3D('',#3142,#2466,#2467);
#2215=AXIS2_PLACEMENT_3D('',#3145,#2468,#2469);
#2216=AXIS2_PLACEMENT_3D('',#3148,#2472,#2473);
#2217=AXIS2_PLACEMENT_3D('',#3151,#2474,#2475);
#2218=AXIS2_PLACEMENT_3D('',#3154,#2478,#2479);
#2219=AXIS2_PLACEMENT_3D('',#3157,#2480,#2481);
#2220=AXIS2_PLACEMENT_3D('',#3160,#2484,#2485);
#2221=AXIS2_PLACEMENT_3D('',#3163,#2486,#2487);
#2222=AXIS2_PLACEMENT_3D('',#3166,#2490,#2491);
#2223=AXIS2_PLACEMENT_3D('',#3168,#2493,#2494);
#2224=AXIS2_PLACEMENT_3D('',#3170,#2496,#2497);
#2225=AXIS2_PLACEMENT_3D('',#3173,#2498,#2499);
#2226=AXIS2_PLACEMENT_3D('',#3175,#2500,#2501);
#2227=AXIS2_PLACEMENT_3D('',#3176,#2502,#2503);
#2228=AXIS2_PLACEMENT_3D('',#3177,#2504,#2505);
#2229=AXIS2_PLACEMENT_3D('',#3180,#2506,#2507);
#2230=AXIS2_PLACEMENT_3D('',#3182,#2508,#2509);
#2231=AXIS2_PLACEMENT_3D('',#3183,#2510,#2511);
#2232=AXIS2_PLACEMENT_3D('',#3184,#2512,#2513);
#2233=AXIS2_PLACEMENT_3D('',#3187,#2516,#2517);
#2234=AXIS2_PLACEMENT_3D('',#3190,#2518,#2519);
#2235=AXIS2_PLACEMENT_3D('',#3193,#2522,#2523);
#2236=AXIS2_PLACEMENT_3D('',#3196,#2524,#2525);
#2237=AXIS2_PLACEMENT_3D('',#3199,#2528,#2529);
#2238=AXIS2_PLACEMENT_3D('',#3202,#2530,#2531);
#2239=AXIS2_PLACEMENT_3D('',#3205,#2534,#2535);
#2240=AXIS2_PLACEMENT_3D('',#3208,#2536,#2537);
#2241=AXIS2_PLACEMENT_3D('',#3211,#2540,#2541);
#2242=AXIS2_PLACEMENT_3D('',#3213,#2543,#2544);
#2243=AXIS2_PLACEMENT_3D('',#3215,#2546,#2547);
#2244=AXIS2_PLACEMENT_3D('',#3218,#2548,#2549);
#2245=AXIS2_PLACEMENT_3D('',#3220,#2550,#2551);
#2246=AXIS2_PLACEMENT_3D('',#3221,#2552,#2553);
#2247=AXIS2_PLACEMENT_3D('',#3222,#2554,#2555);
#2248=AXIS2_PLACEMENT_3D('',#3225,#2556,#2557);
#2249=AXIS2_PLACEMENT_3D('',#3227,#2558,#2559);
#2250=AXIS2_PLACEMENT_3D('',#3228,#2560,#2561);
#2251=AXIS2_PLACEMENT_3D('',#3229,#2562,#2563);
#2252=AXIS2_PLACEMENT_3D('',#3232,#2566,#2567);
#2253=AXIS2_PLACEMENT_3D('',#3235,#2568,#2569);
#2254=AXIS2_PLACEMENT_3D('',#3238,#2572,#2573);
#2255=AXIS2_PLACEMENT_3D('',#3241,#2574,#2575);
#2256=AXIS2_PLACEMENT_3D('',#3244,#2578,#2579);
#2257=AXIS2_PLACEMENT_3D('',#3247,#2580,#2581);
#2258=AXIS2_PLACEMENT_3D('',#3250,#2584,#2585);
#2259=AXIS2_PLACEMENT_3D('',#3253,#2586,#2587);
#2260=AXIS2_PLACEMENT_3D('',#3256,#2590,#2591);
#2261=AXIS2_PLACEMENT_3D('',#3258,#2593,#2594);
#2262=AXIS2_PLACEMENT_3D('',#3260,#2596,#2597);
#2263=AXIS2_PLACEMENT_3D('',#3263,#2598,#2599);
#2264=AXIS2_PLACEMENT_3D('',#3265,#2600,#2601);
#2265=AXIS2_PLACEMENT_3D('',#3266,#2602,#2603);
#2266=AXIS2_PLACEMENT_3D('',#3267,#2604,#2605);
#2267=AXIS2_PLACEMENT_3D('',#3270,#2606,#2607);
#2268=AXIS2_PLACEMENT_3D('',#3272,#2608,#2609);
#2269=AXIS2_PLACEMENT_3D('',#3273,#2610,#2611);
#2270=AXIS2_PLACEMENT_3D('',#3274,#2612,#2613);
#2271=AXIS2_PLACEMENT_3D('',#3277,#2616,#2617);
#2272=AXIS2_PLACEMENT_3D('',#3280,#2618,#2619);
#2273=AXIS2_PLACEMENT_3D('',#3283,#2622,#2623);
#2274=AXIS2_PLACEMENT_3D('',#3286,#2624,#2625);
#2275=AXIS2_PLACEMENT_3D('',#3289,#2628,#2629);
#2276=AXIS2_PLACEMENT_3D('',#3292,#2630,#2631);
#2277=AXIS2_PLACEMENT_3D('',#3295,#2634,#2635);
#2278=AXIS2_PLACEMENT_3D('',#3298,#2636,#2637);
#2279=AXIS2_PLACEMENT_3D('',#3301,#2640,#2641);
#2280=AXIS2_PLACEMENT_3D('',#3303,#2643,#2644);
#2281=AXIS2_PLACEMENT_3D('',#3305,#2646,#2647);
#2282=AXIS2_PLACEMENT_3D('',#3307,#2649,#2650);
#2283=AXIS2_PLACEMENT_3D('',#3309,#2652,#2653);
#2284=AXIS2_PLACEMENT_3D('',#3311,#2655,#2656);
#2285=AXIS2_PLACEMENT_3D('',#3313,#2658,#2659);
#2286=AXIS2_PLACEMENT_3D('',#3315,#2661,#2662);
#2287=AXIS2_PLACEMENT_3D('',#3317,#2664,#2665);
#2288=AXIS2_PLACEMENT_3D('',#3319,#2667,#2668);
#2289=AXIS2_PLACEMENT_3D('',#3321,#2670,#2671);
#2290=AXIS2_PLACEMENT_3D('',#3326,#2673,#2674);
#2291=AXIS2_PLACEMENT_3D('',#3329,#2676,#2677);
#2292=AXIS2_PLACEMENT_3D('',#3330,#2678,#2679);
#2293=AXIS2_PLACEMENT_3D('',#3336,#2683,#2684);
#2294=AXIS2_PLACEMENT_3D('',#3340,#2686,#2687);
#2295=AXIS2_PLACEMENT_3D('',#3341,#2688,#2689);
#2296=AXIS2_PLACEMENT_3D('',#3342,#2690,#2691);
#2297=AXIS2_PLACEMENT_3D('',#3348,#2695,#2696);
#2298=AXIS2_PLACEMENT_3D('',#3352,#2698,#2699);
#2299=AXIS2_PLACEMENT_3D('',#3353,#2700,#2701);
#2300=AXIS2_PLACEMENT_3D('',#3354,#2702,#2703);
#2301=AXIS2_PLACEMENT_3D('',#3360,#2707,#2708);
#2302=AXIS2_PLACEMENT_3D('',#3364,#2710,#2711);
#2303=AXIS2_PLACEMENT_3D('',#3365,#2712,#2713);
#2304=AXIS2_PLACEMENT_3D('',#3366,#2714,#2715);
#2305=AXIS2_PLACEMENT_3D('',#3372,#2719,#2720);
#2306=AXIS2_PLACEMENT_3D('',#3376,#2722,#2723);
#2307=AXIS2_PLACEMENT_3D('',#3377,#2724,#2725);
#2308=AXIS2_PLACEMENT_3D('',#3378,#2726,#2727);
#2309=AXIS2_PLACEMENT_3D('',#3384,#2731,#2732);
#2310=AXIS2_PLACEMENT_3D('',#3388,#2734,#2735);
#2311=AXIS2_PLACEMENT_3D('',#3389,#2736,#2737);
#2312=AXIS2_PLACEMENT_3D('',#3390,#2738,#2739);
#2313=AXIS2_PLACEMENT_3D('',#3396,#2743,#2744);
#2314=AXIS2_PLACEMENT_3D('',#3400,#2746,#2747);
#2315=AXIS2_PLACEMENT_3D('',#3401,#2748,#2749);
#2316=AXIS2_PLACEMENT_3D('',#3402,#2750,#2751);
#2317=AXIS2_PLACEMENT_3D('',#3408,#2755,#2756);
#2318=AXIS2_PLACEMENT_3D('',#3412,#2758,#2759);
#2319=AXIS2_PLACEMENT_3D('',#3413,#2760,#2761);
#2320=AXIS2_PLACEMENT_3D('',#3414,#2762,#2763);
#2321=AXIS2_PLACEMENT_3D('',#3420,#2767,#2768);
#2322=AXIS2_PLACEMENT_3D('',#3424,#2770,#2771);
#2323=AXIS2_PLACEMENT_3D('',#3425,#2772,#2773);
#2324=AXIS2_PLACEMENT_3D('',#3426,#2774,#2775);
#2325=AXIS2_PLACEMENT_3D('',#3432,#2779,#2780);
#2326=AXIS2_PLACEMENT_3D('',#3436,#2782,#2783);
#2327=AXIS2_PLACEMENT_3D('',#3437,#2784,#2785);
#2328=AXIS2_PLACEMENT_3D('',#3438,#2786,#2787);
#2329=AXIS2_PLACEMENT_3D('',#3441,#2790,#2791);
#2330=AXIS2_PLACEMENT_3D('',#3447,#2795,#2796);
#2331=AXIS2_PLACEMENT_3D('',#3450,#2798,#2799);
#2332=AXIS2_PLACEMENT_3D('',#3451,#2800,#2801);
#2333=AXIS2_PLACEMENT_3D('',#3455,#2804,#2805);
#2334=AXIS2_PLACEMENT_3D('',#3458,#2807,#2808);
#2335=AXIS2_PLACEMENT_3D('',#3459,#2809,#2810);
#2336=AXIS2_PLACEMENT_3D('',#3463,#2813,#2814);
#2337=AXIS2_PLACEMENT_3D('',#3466,#2816,#2817);
#2338=AXIS2_PLACEMENT_3D('',#3467,#2818,#2819);
#2339=AXIS2_PLACEMENT_3D('',#3471,#2822,#2823);
#2340=AXIS2_PLACEMENT_3D('',#3474,#2825,#2826);
#2341=AXIS2_PLACEMENT_3D('',#3475,#2827,#2828);
#2342=AXIS2_PLACEMENT_3D('',#3479,#2831,#2832);
#2343=AXIS2_PLACEMENT_3D('',#3482,#2834,#2835);
#2344=AXIS2_PLACEMENT_3D('',#3483,#2836,#2837);
#2345=AXIS2_PLACEMENT_3D('',#3485,#2838,#2839);
#2346=AXIS2_PLACEMENT_3D('',#3487,#2840,#2841);
#2347=AXIS2_PLACEMENT_3D('',#3492,#2843,#2844);
#2348=AXIS2_PLACEMENT_3D('',#3496,#2846,#2847);
#2349=AXIS2_PLACEMENT_3D('',#3500,#2849,#2850);
#2350=AXIS2_PLACEMENT_3D('',#3503,#2852,#2853);
#2351=AXIS2_PLACEMENT_3D('',#3504,#2854,#2855);
#2352=AXIS2_PLACEMENT_3D('',#3507,#2857,#2858);
#2353=AXIS2_PLACEMENT_3D('',#3508,#2859,#2860);
#2354=AXIS2_PLACEMENT_3D('',#3510,#2861,#2862);
#2355=AXIS2_PLACEMENT_3D('',#3512,#2864,#2865);
#2356=AXIS2_PLACEMENT_3D('',#3518,#2869,#2870);
#2357=AXIS2_PLACEMENT_3D('',#3521,#2872,#2873);
#2358=AXIS2_PLACEMENT_3D('',#3522,#2874,#2875);
#2359=AXIS2_PLACEMENT_3D('',#3526,#2878,#2879);
#2360=AXIS2_PLACEMENT_3D('',#3529,#2881,#2882);
#2361=AXIS2_PLACEMENT_3D('',#3530,#2883,#2884);
#2362=AXIS2_PLACEMENT_3D('',#3534,#2887,#2888);
#2363=AXIS2_PLACEMENT_3D('',#3537,#2890,#2891);
#2364=AXIS2_PLACEMENT_3D('',#3538,#2892,#2893);
#2365=AXIS2_PLACEMENT_3D('',#3542,#2896,#2897);
#2366=AXIS2_PLACEMENT_3D('',#3543,#2898,#2899);
#2367=AXIS2_PLACEMENT_3D('',#3544,#2900,#2901);
#2368=AXIS2_PLACEMENT_3D('',#3548,#2903,#2904);
#2369=AXIS2_PLACEMENT_3D('',#3550,#2906,#2907);
#2370=AXIS2_PLACEMENT_3D('',#3554,#2910,#2911);
#2371=AXIS2_PLACEMENT_3D('',#3557,#2913,#2914);
#2372=AXIS2_PLACEMENT_3D('',#3558,#2915,#2916);
#2373=AXIS2_PLACEMENT_3D('',#3562,#2919,#2920);
#2374=AXIS2_PLACEMENT_3D('',#3565,#2922,#2923);
#2375=AXIS2_PLACEMENT_3D('',#3566,#2924,#2925);
#2376=AXIS2_PLACEMENT_3D('',#3568,#2926,#2927);
#2377=AXIS2_PLACEMENT_3D('',#3570,#2929,#2930);
#2378=AXIS2_PLACEMENT_3D('',#3575,#2932,#2933);
#2379=AXIS2_PLACEMENT_3D('',#3578,#2935,#2936);
#2380=AXIS2_PLACEMENT_3D('',#3579,#2937,#2938);
#2381=AXIS2_PLACEMENT_3D('',#3585,#2942,#2943);
#2382=AXIS2_PLACEMENT_3D('',#3589,#2945,#2946);
#2383=AXIS2_PLACEMENT_3D('',#3590,#2947,#2948);
#2384=AXIS2_PLACEMENT_3D('',#3591,#2949,#2950);
#2385=AXIS2_PLACEMENT_3D('',#3597,#2954,#2955);
#2386=AXIS2_PLACEMENT_3D('',#3601,#2957,#2958);
#2387=AXIS2_PLACEMENT_3D('',#3602,#2959,#2960);
#2388=AXIS2_PLACEMENT_3D('',#3603,#2961,#2962);
#2389=AXIS2_PLACEMENT_3D('',#3609,#2966,#2967);
#2390=AXIS2_PLACEMENT_3D('',#3613,#2969,#2970);
#2391=AXIS2_PLACEMENT_3D('',#3614,#2971,#2972);
#2392=AXIS2_PLACEMENT_3D('',#3615,#2973,#2974);
#2393=AXIS2_PLACEMENT_3D('',#3618,#2977,#2978);
#2394=AXIS2_PLACEMENT_3D('',#3624,#2982,#2983);
#2395=AXIS2_PLACEMENT_3D('',#3627,#2985,#2986);
#2396=AXIS2_PLACEMENT_3D('',#3628,#2987,#2988);
#2397=AXIS2_PLACEMENT_3D('',#3632,#2991,#2992);
#2398=AXIS2_PLACEMENT_3D('',#3635,#2994,#2995);
#2399=AXIS2_PLACEMENT_3D('',#3636,#2996,#2997);
#2400=AXIS2_PLACEMENT_3D('',#3645,#3002,#3003);
#2401=AXIS2_PLACEMENT_3D('',#3651,#3007,#3008);
#2402=AXIS2_PLACEMENT_3D('',#3655,#3011,#3012);
#2403=AXIS2_PLACEMENT_3D('',#3659,#3015,#3016);
#2404=AXIS2_PLACEMENT_3D('',#3661,#3018,#3019);
#2405=AXIS2_PLACEMENT_3D('',#3667,#3023,#3024);
#2406=AXIS2_PLACEMENT_3D('',#3671,#3027,#3028);
#2407=AXIS2_PLACEMENT_3D('',#3675,#3031,#3032);
#2408=AXIS2_PLACEMENT_3D('',#3677,#3034,#3035);
#2409=AXIS2_PLACEMENT_3D('',#3681,#3038,#3039);
#2410=AXIS2_PLACEMENT_3D('',#3684,#3041,#3042);
#2411=AXIS2_PLACEMENT_3D('',#3685,#3043,#3044);
#2412=AXIS2_PLACEMENT_3D('',#3689,#3047,#3048);
#2413=AXIS2_PLACEMENT_3D('',#3690,#3049,#3050);
#2414=AXIS2_PLACEMENT_3D('',#3691,#3051,#3052);
#2415=AXIS2_PLACEMENT_3D('',#3693,#3053,#3054);
#2416=AXIS2_PLACEMENT_3D('',#3697,#3056,#3057);
#2417=AXIS2_PLACEMENT_3D('',#3699,#3059,#3060);
#2418=AXIS2_PLACEMENT_3D('',#3701,#3062,#3063);
#2419=AXIS2_PLACEMENT_3D('',#3703,#3065,#3066);
#2420=AXIS2_PLACEMENT_3D('',#3705,#3068,#3069);
#2421=AXIS2_PLACEMENT_3D('',#3706,#3070,#3071);
#2422=AXIS2_PLACEMENT_3D('',#3708,#3072,#3073);
#2423=AXIS2_PLACEMENT_3D('',#3710,#3075,#3076);
#2424=AXIS2_PLACEMENT_3D('',#3714,#3079,#3080);
#2425=AXIS2_PLACEMENT_3D('',#3716,#3081,#3082);
#2426=AXIS2_PLACEMENT_3D('',#3718,#3084,#3085);
#2427=AXIS2_PLACEMENT_3D('',#3722,#3088,#3089);
#2428=AXIS2_PLACEMENT_3D('',#3724,#3090,#3091);
#2429=AXIS2_PLACEMENT_3D('',#3726,#3093,#3094);
#2430=AXIS2_PLACEMENT_3D('',#3730,#3097,#3098);
#2431=AXIS2_PLACEMENT_3D('',#3732,#3099,#3100);
#2432=AXIS2_PLACEMENT_3D('',#3734,#3102,#3103);
#2433=AXIS2_PLACEMENT_3D('',#3738,#3106,#3107);
#2434=AXIS2_PLACEMENT_3D('',#3740,#3108,#3109);
#2435=AXIS2_PLACEMENT_3D('',#3742,#3111,#3112);
#2436=AXIS2_PLACEMENT_3D('',#3744,#3114,#3115);
#2437=AXIS2_PLACEMENT_3D('',#3745,#3116,#3117);
#2438=AXIS2_PLACEMENT_3D('',#3746,#3118,#3119);
#2439=AXIS2_PLACEMENT_3D('',#3747,#3120,#3121);
#2440=DIRECTION('axis',(0.,0.,1.));
#2441=DIRECTION('refdir',(1.,0.,0.));
#2442=DIRECTION('axis',(0.,0.,1.));
#2443=DIRECTION('refdir',(1.,0.,0.));
#2444=DIRECTION('axis',(0.,0.,1.));
#2445=DIRECTION('refdir',(1.,0.,0.));
#2446=DIRECTION('center_axis',(0.,0.,1.));
#2447=DIRECTION('ref_axis',(1.,0.,0.));
#2448=DIRECTION('center_axis',(0.,0.294713348676347,0.955585706314182));
#2449=DIRECTION('ref_axis',(0.,0.955585706314182,-0.294713348676347));
#2450=DIRECTION('center_axis',(1.,-1.57082657025221E-15,-4.58531727206649E-16));
#2451=DIRECTION('ref_axis',(1.36592399683215E-15,0.646977448195086,0.7625091353728));
#2452=DIRECTION('center_axis',(0.,0.7625091353728,-0.646977448195086));
#2453=DIRECTION('ref_axis',(1.,0.,0.));
#2454=DIRECTION('center_axis',(0.,0.,1.));
#2455=DIRECTION('ref_axis',(1.,0.,0.));
#2456=DIRECTION('center_axis',(0.,0.7625091353728,-0.646977448195086));
#2457=DIRECTION('ref_axis',(0.,0.646977448195086,0.7625091353728));
#2458=DIRECTION('center_axis',(-1.,1.57082657025221E-15,4.58531727206649E-16));
#2459=DIRECTION('ref_axis',(1.36592399683212E-15,0.955585706314182,-0.294713348676347));
#2460=DIRECTION('center_axis',(0.,0.294713348676347,0.955585706314182));
#2461=DIRECTION('ref_axis',(-1.,0.,0.));
#2462=DIRECTION('center_axis',(1.,-6.12323399573677E-17,0.));
#2463=DIRECTION('ref_axis',(5.87792833596115E-17,0.9599385455551,0.280210614998004));
#2464=DIRECTION('',(-1.,6.12323399573677E-17,0.));
#2465=DIRECTION('',(1.,-6.12323399573677E-17,0.));
#2466=DIRECTION('center_axis',(-1.80459879561239E-17,-0.29471334867634,
-0.955585706314184));
#2467=DIRECTION('ref_axis',(-0.707106781186544,0.675701132939698,-0.208393807355241));
#2468=DIRECTION('center_axis',(0.,-1.,0.));
#2469=DIRECTION('ref_axis',(5.0319504392971E-17,0.,-1.));
#2470=DIRECTION('',(1.80459879561239E-17,0.29471334867634,0.955585706314184));
#2471=DIRECTION('',(-1.80459879561239E-17,-0.29471334867634,-0.955585706314184));
#2472=DIRECTION('center_axis',(4.66902185977456E-17,0.762509135372798,-0.646977448195089));
#2473=DIRECTION('ref_axis',(-0.707106781186552,0.45748214089351,0.539175380338794));
#2474=DIRECTION('center_axis',(0.,-1.,0.));
#2475=DIRECTION('ref_axis',(5.20764762904712E-16,0.,1.));
#2476=DIRECTION('',(4.66902185977456E-17,0.762509135372798,-0.646977448195089));
#2477=DIRECTION('',(-4.66902185977456E-17,-0.762509135372798,0.646977448195089));
#2478=DIRECTION('center_axis',(-4.66902185977456E-17,-0.762509135372798,
0.646977448195089));
#2479=DIRECTION('ref_axis',(0.707106781186552,0.45748214089351,0.539175380338794));
#2480=DIRECTION('center_axis',(0.,-1.,0.));
#2481=DIRECTION('ref_axis',(-5.20764762904712E-16,0.,1.));
#2482=DIRECTION('',(4.66902185977456E-17,0.762509135372798,-0.646977448195089));
#2483=DIRECTION('',(-4.66902185977456E-17,-0.762509135372798,0.646977448195089));
#2484=DIRECTION('center_axis',(1.80459879561239E-17,0.29471334867634,0.955585706314184));
#2485=DIRECTION('ref_axis',(0.707106781186544,0.675701132939698,-0.208393807355241));
#2486=DIRECTION('center_axis',(0.,-1.,0.));
#2487=DIRECTION('ref_axis',(-5.0319504392971E-17,0.,-1.));
#2488=DIRECTION('',(1.80459879561239E-17,0.29471334867634,0.955585706314184));
#2489=DIRECTION('',(-1.80459879561239E-17,-0.29471334867634,-0.955585706314184));
#2490=DIRECTION('center_axis',(-1.,6.12323399573677E-17,0.));
#2491=DIRECTION('ref_axis',(0.,0.,1.));
#2492=DIRECTION('',(0.,0.,-1.));
#2493=DIRECTION('center_axis',(5.85127488274314E-17,0.955585706314184,-0.29471334867634));
#2494=DIRECTION('ref_axis',(-1.80459879561239E-17,-0.29471334867634,-0.955585706314184));
#2495=DIRECTION('',(1.,0.,1.9854122349813E-16));
#2496=DIRECTION('center_axis',(0.,0.,1.));
#2497=DIRECTION('ref_axis',(1.,0.,0.));
#2498=DIRECTION('center_axis',(-0.294713348676347,0.,0.955585706314182));
#2499=DIRECTION('ref_axis',(-0.955585706314182,0.,-0.294713348676347));
#2500=DIRECTION('center_axis',(0.,1.,0.));
#2501=DIRECTION('ref_axis',(-0.646977448195086,0.,0.7625091353728));
#2502=DIRECTION('center_axis',(-0.7625091353728,0.,-0.646977448195086));
#2503=DIRECTION('ref_axis',(0.,1.,0.));
#2504=DIRECTION('center_axis',(0.,0.,1.));
#2505=DIRECTION('ref_axis',(1.,0.,0.));
#2506=DIRECTION('center_axis',(-0.7625091353728,0.,-0.646977448195086));
#2507=DIRECTION('ref_axis',(-0.646977448195086,0.,0.7625091353728));
#2508=DIRECTION('center_axis',(0.,-1.,0.));
#2509=DIRECTION('ref_axis',(-0.955585706314182,0.,-0.294713348676347));
#2510=DIRECTION('center_axis',(-0.294713348676347,0.,0.955585706314182));
#2511=DIRECTION('ref_axis',(0.,-1.,0.));
#2512=DIRECTION('center_axis',(1.22464679914735E-16,1.,0.));
#2513=DIRECTION('ref_axis',(-0.9599385455551,1.17558566719223E-16,0.280210614998004));
#2514=DIRECTION('',(-1.22464679914735E-16,-1.,0.));
#2515=DIRECTION('',(1.22464679914735E-16,1.,0.));
#2516=DIRECTION('center_axis',(0.29471334867634,-3.60919759122478E-17,-0.955585706314184));
#2517=DIRECTION('ref_axis',(-0.675701132939698,-0.707106781186544,-0.208393807355241));
#2518=DIRECTION('center_axis',(1.,1.16558847729675E-16,0.));
#2519=DIRECTION('ref_axis',(1.77906313911083E-17,-2.51597521964855E-17,
-1.));
#2520=DIRECTION('',(-0.29471334867634,3.60919759122478E-17,0.955585706314184));
#2521=DIRECTION('',(0.29471334867634,-3.60919759122478E-17,-0.955585706314184));
#2522=DIRECTION('center_axis',(-0.762509135372798,9.33804371954913E-17,
-0.646977448195089));
#2523=DIRECTION('ref_axis',(-0.45748214089351,-0.707106781186552,0.539175380338794));
#2524=DIRECTION('center_axis',(1.,1.16558847729675E-16,0.));
#2525=DIRECTION('ref_axis',(-6.43208596086678E-31,1.95286786089267E-16,
1.));
#2526=DIRECTION('',(-0.762509135372798,9.33804371954913E-17,-0.646977448195089));
#2527=DIRECTION('',(0.762509135372798,-9.33804371954913E-17,0.646977448195089));
#2528=DIRECTION('center_axis',(0.762509135372798,-9.33804371954913E-17,
0.646977448195089));
#2529=DIRECTION('ref_axis',(-0.45748214089351,0.707106781186552,0.539175380338794));
#2530=DIRECTION('center_axis',(1.,1.16558847729675E-16,0.));
#2531=DIRECTION('ref_axis',(6.72116847596191E-31,-5.85860358267801E-16,
1.));
#2532=DIRECTION('',(-0.762509135372798,9.33804371954913E-17,-0.646977448195089));
#2533=DIRECTION('',(0.762509135372798,-9.33804371954913E-17,0.646977448195089));
#2534=DIRECTION('center_axis',(-0.29471334867634,3.60919759122478E-17,0.955585706314184));
#2535=DIRECTION('ref_axis',(-0.675701132939698,0.707106781186544,-0.208393807355241));
#2536=DIRECTION('center_axis',(1.,1.16558847729675E-16,0.));
#2537=DIRECTION('ref_axis',(-1.77906313911081E-17,-1.50958513178913E-16,
-1.));
#2538=DIRECTION('',(-0.29471334867634,3.60919759122478E-17,0.955585706314184));
#2539=DIRECTION('',(0.29471334867634,-3.60919759122478E-17,-0.955585706314184));
#2540=DIRECTION('center_axis',(-1.22464679914735E-16,-1.,0.));
#2541=DIRECTION('ref_axis',(0.,0.,1.));
#2542=DIRECTION('',(0.,0.,-1.));
#2543=DIRECTION('center_axis',(-0.955585706314184,1.17025497654863E-16,
-0.29471334867634));
#2544=DIRECTION('ref_axis',(0.29471334867634,-3.60919759122478E-17,-0.955585706314184));
#2545=DIRECTION('',(-1.16558847729675E-16,1.,7.7501568054399E-16));
#2546=DIRECTION('center_axis',(0.,0.,1.));
#2547=DIRECTION('ref_axis',(1.,0.,0.));
#2548=DIRECTION('center_axis',(0.,-0.294713348676347,0.955585706314182));
#2549=DIRECTION('ref_axis',(0.,-0.955585706314182,-0.294713348676347));
#2550=DIRECTION('center_axis',(-1.,1.57082657025221E-15,-4.58531727206649E-16));
#2551=DIRECTION('ref_axis',(-1.36592399683215E-15,-0.646977448195086,0.7625091353728));
#2552=DIRECTION('center_axis',(0.,-0.7625091353728,-0.646977448195086));
#2553=DIRECTION('ref_axis',(-1.,0.,0.));
#2554=DIRECTION('center_axis',(0.,0.,1.));
#2555=DIRECTION('ref_axis',(1.,0.,0.));
#2556=DIRECTION('center_axis',(0.,-0.7625091353728,-0.646977448195086));
#2557=DIRECTION('ref_axis',(0.,-0.646977448195086,0.7625091353728));
#2558=DIRECTION('center_axis',(1.,-1.57082657025221E-15,4.58531727206649E-16));
#2559=DIRECTION('ref_axis',(-1.36592399683212E-15,-0.955585706314182,-0.294713348676347));
#2560=DIRECTION('center_axis',(0.,-0.294713348676347,0.955585706314182));
#2561=DIRECTION('ref_axis',(1.,0.,0.));
#2562=DIRECTION('center_axis',(-1.,1.83697019872103E-16,0.));
#2563=DIRECTION('ref_axis',(-1.76337850078832E-16,-0.9599385455551,0.280210614998004));
#2564=DIRECTION('',(1.,-1.83697019872103E-16,-7.26524496929792E-33));
#2565=DIRECTION('',(-1.,1.83697019872103E-16,0.));
#2566=DIRECTION('center_axis',(5.41379638683717E-17,0.29471334867634,-0.955585706314184));
#2567=DIRECTION('ref_axis',(0.707106781186544,-0.675701132939698,-0.208393807355241));
#2568=DIRECTION('center_axis',(0.,1.,0.));
#2569=DIRECTION('ref_axis',(-2.51597521964855E-17,0.,-1.));
#2570=DIRECTION('',(-5.41379638683716E-17,-0.29471334867634,0.955585706314184));
#2571=DIRECTION('',(5.41379638683716E-17,0.29471334867634,-0.955585706314184));
#2572=DIRECTION('center_axis',(-1.40070655793237E-16,-0.762509135372798,
-0.646977448195089));
#2573=DIRECTION('ref_axis',(0.707106781186552,-0.45748214089351,0.539175380338794));
#2574=DIRECTION('center_axis',(0.,1.,0.));
#2575=DIRECTION('ref_axis',(-1.95286786089267E-16,0.,1.));
#2576=DIRECTION('',(-1.40070655793237E-16,-0.762509135372798,-0.646977448195089));
#2577=DIRECTION('',(1.40070655793237E-16,0.762509135372798,0.646977448195089));
#2578=DIRECTION('center_axis',(1.40070655793237E-16,0.762509135372798,0.646977448195089));
#2579=DIRECTION('ref_axis',(-0.707106781186552,-0.45748214089351,0.539175380338794));
#2580=DIRECTION('center_axis',(0.,1.,0.));
#2581=DIRECTION('ref_axis',(5.85860358267801E-16,0.,1.));
#2582=DIRECTION('',(-1.40070655793237E-16,-0.762509135372798,-0.646977448195089));
#2583=DIRECTION('',(1.40070655793237E-16,0.762509135372798,0.646977448195089));
#2584=DIRECTION('center_axis',(-5.41379638683717E-17,-0.29471334867634,
0.955585706314184));
#2585=DIRECTION('ref_axis',(-0.707106781186544,-0.675701132939698,-0.208393807355241));
#2586=DIRECTION('center_axis',(0.,1.,0.));
#2587=DIRECTION('ref_axis',(1.00639008785942E-16,0.,-1.));
#2588=DIRECTION('',(-5.41379638683717E-17,-0.29471334867634,0.955585706314184));
#2589=DIRECTION('',(5.41379638683716E-17,0.29471334867634,-0.955585706314184));
#2590=DIRECTION('center_axis',(1.,-1.83697019872103E-16,0.));
#2591=DIRECTION('ref_axis',(0.,0.,1.));
#2592=DIRECTION('',(0.,0.,-1.));
#2593=DIRECTION('center_axis',(-1.75538246482294E-16,-0.955585706314184,
-0.29471334867634));
#2594=DIRECTION('ref_axis',(5.41379638683716E-17,0.29471334867634,-0.955585706314184));
#2595=DIRECTION('',(-1.,0.,5.95623670494388E-16));
#2596=DIRECTION('center_axis',(0.,0.,1.));
#2597=DIRECTION('ref_axis',(1.,0.,0.));
#2598=DIRECTION('center_axis',(0.294713348676347,0.,0.955585706314182));
#2599=DIRECTION('ref_axis',(0.955585706314182,0.,-0.294713348676347));
#2600=DIRECTION('center_axis',(0.,-1.,0.));
#2601=DIRECTION('ref_axis',(0.646977448195086,0.,0.7625091353728));
#2602=DIRECTION('center_axis',(0.7625091353728,0.,-0.646977448195086));
#2603=DIRECTION('ref_axis',(0.,-1.,0.));
#2604=DIRECTION('center_axis',(0.,0.,1.));
#2605=DIRECTION('ref_axis',(1.,0.,0.));
#2606=DIRECTION('center_axis',(0.7625091353728,0.,-0.646977448195086));
#2607=DIRECTION('ref_axis',(0.646977448195086,0.,0.7625091353728));
#2608=DIRECTION('center_axis',(0.,1.,0.));
#2609=DIRECTION('ref_axis',(0.955585706314182,0.,-0.294713348676347));
#2610=DIRECTION('center_axis',(0.294713348676347,0.,0.955585706314182));
#2611=DIRECTION('ref_axis',(0.,1.,0.));
#2612=DIRECTION('center_axis',(0.,-1.,0.));
#2613=DIRECTION('ref_axis',(0.9599385455551,0.,0.280210614998004));
#2614=DIRECTION('',(0.,1.,0.));
#2615=DIRECTION('',(0.,-1.,0.));
#2616=DIRECTION('center_axis',(-0.29471334867634,0.,-0.955585706314184));
#2617=DIRECTION('ref_axis',(0.675701132939698,0.707106781186544,-0.208393807355241));
#2618=DIRECTION('center_axis',(-1.,2.3311769545935E-16,0.));
#2619=DIRECTION('ref_axis',(3.29608646952338E-31,-1.00639008785942E-16,
-1.));
#2620=DIRECTION('',(0.29471334867634,0.,0.955585706314184));
#2621=DIRECTION('',(-0.29471334867634,0.,-0.955585706314184));
#2622=DIRECTION('center_axis',(0.762509135372798,0.,-0.646977448195089));
#2623=DIRECTION('ref_axis',(0.45748214089351,0.707106781186552,0.539175380338794));
#2624=DIRECTION('center_axis',(-1.,2.3311769545935E-16,0.));
#2625=DIRECTION('ref_axis',(-1.34423369519238E-30,-5.20764762904712E-16,
1.));
#2626=DIRECTION('',(0.762509135372798,0.,-0.646977448195089));
#2627=DIRECTION('',(-0.762509135372798,0.,0.646977448195089));
#2628=DIRECTION('center_axis',(-0.762509135372798,0.,0.646977448195089));
#2629=DIRECTION('ref_axis',(0.45748214089351,-0.707106781186552,0.539175380338794));
#2630=DIRECTION('center_axis',(-1.,2.3311769545935E-16,0.));
#2631=DIRECTION('ref_axis',(1.19969243764481E-30,-1.30191190726178E-16,
1.));
#2632=DIRECTION('',(0.762509135372798,0.,-0.646977448195089));
#2633=DIRECTION('',(-0.762509135372798,0.,0.646977448195089));
#2634=DIRECTION('center_axis',(0.29471334867634,0.,0.955585706314184));
#2635=DIRECTION('ref_axis',(0.675701132939698,-0.707106781186544,-0.208393807355241));
#2636=DIRECTION('center_axis',(-1.,2.3311769545935E-16,0.));
#2637=DIRECTION('ref_axis',(-3.6312817037122E-31,-2.51597521964855E-17,
-1.));
#2638=DIRECTION('',(0.29471334867634,0.,0.955585706314184));
#2639=DIRECTION('',(-0.29471334867634,0.,-0.955585706314184));
#2640=DIRECTION('center_axis',(0.,1.,0.));
#2641=DIRECTION('ref_axis',(0.,0.,1.));
#2642=DIRECTION('',(0.,0.,-1.));
#2643=DIRECTION('center_axis',(0.955585706314184,0.,-0.29471334867634));
#2644=DIRECTION('ref_axis',(-0.29471334867634,0.,-0.955585706314184));
#2645=DIRECTION('',(-2.3311769545935E-16,-1.,-7.55866467095462E-16));
#2646=DIRECTION('center_axis',(-1.18847829157896E-16,-0.646977448195089,
0.762509135372798));
#2647=DIRECTION('ref_axis',(-1.40070655793237E-16,-0.762509135372798,-0.646977448195089));
#2648=DIRECTION('',(1.,0.,1.55864138073296E-16));
#2649=DIRECTION('center_axis',(-1.,1.83697019872103E-16,0.));
#2650=DIRECTION('ref_axis',(0.,0.,-1.));
#2651=DIRECTION('',(0.,0.,1.));
#2652=DIRECTION('center_axis',(-0.646977448195089,7.92318861052638E-17,
0.762509135372798));
#2653=DIRECTION('ref_axis',(-0.762509135372798,9.33804371954913E-17,-0.646977448195089));
#2654=DIRECTION('',(1.16558847729675E-16,-1.,2.02807841637678E-16));
#2655=DIRECTION('center_axis',(1.22464679914735E-16,1.,0.));
#2656=DIRECTION('ref_axis',(0.,0.,-1.));
#2657=DIRECTION('',(0.,0.,1.));
#2658=DIRECTION('center_axis',(3.96159430526319E-17,0.646977448195089,0.762509135372798));
#2659=DIRECTION('ref_axis',(4.66902185977456E-17,0.762509135372798,-0.646977448195089));
#2660=DIRECTION('',(-1.,0.,5.19547126910988E-17));
#2661=DIRECTION('center_axis',(1.,-6.12323399573677E-17,0.));
#2662=DIRECTION('ref_axis',(0.,0.,-1.));
#2663=DIRECTION('',(0.,0.,1.));
#2664=DIRECTION('center_axis',(0.646977448195089,0.,0.762509135372798));
#2665=DIRECTION('ref_axis',(0.762509135372798,0.,-0.646977448195089));
#2666=DIRECTION('',(2.3311769545935E-16,1.,-1.9779683251096E-16));
#2667=DIRECTION('center_axis',(0.,-1.,0.));
#2668=DIRECTION('ref_axis',(0.,0.,-1.));
#2669=DIRECTION('',(0.,0.,1.));
#2670=DIRECTION('center_axis',(0.,0.,1.));
#2671=DIRECTION('ref_axis',(0.56434177593453,-0.82554125271549,0.));
#2672=DIRECTION('',(-0.399049896670163,0.58374581794436,-0.707106781186549));
#2673=DIRECTION('center_axis',(0.,0.,1.));
#2674=DIRECTION('ref_axis',(0.56434177593453,-0.82554125271549,0.));
#2675=DIRECTION('',(0.399049896670163,0.58374581794436,0.707106781186549));
#2676=DIRECTION('center_axis',(0.,0.,-1.));
#2677=DIRECTION('ref_axis',(0.56434177593453,-0.82554125271549,0.));
#2678=DIRECTION('center_axis',(0.399049896670168,-0.583745817944363,-0.707106781186544));
#2679=DIRECTION('ref_axis',(-0.870889303984558,0.,-0.491479216453038));
#2680=DIRECTION('',(-0.399049896670165,0.583745817944357,-0.707106781186551));
#2681=DIRECTION('',(0.82554125271549,0.564341775934531,0.));
#2682=DIRECTION('',(-0.82554125271549,-0.564341775934531,0.));
#2683=DIRECTION('center_axis',(0.,0.,-1.));
#2684=DIRECTION('ref_axis',(-0.564341775934533,0.825541252715488,0.));
#2685=DIRECTION('',(-0.707106781186544,0.,-0.707106781186551));
#2686=DIRECTION('center_axis',(0.,0.,-1.));
#2687=DIRECTION('ref_axis',(-0.564341775934533,0.825541252715488,0.));
#2688=DIRECTION('center_axis',(0.,0.,1.));
#2689=DIRECTION('ref_axis',(-0.564341775934533,0.825541252715488,0.));
#2690=DIRECTION('center_axis',(0.707106781186548,0.,-0.707106781186548));
#2691=DIRECTION('ref_axis',(-0.707106781186548,0.,-0.707106781186548));
#2692=DIRECTION('',(-0.707106781186548,0.,-0.707106781186548));
#2693=DIRECTION('',(0.,1.,0.));
#2694=DIRECTION('',(0.,-1.,0.));
#2695=DIRECTION('center_axis',(0.,0.,1.));
#2696=DIRECTION('ref_axis',(-9.99075837682935E-16,-1.,0.));
#2697=DIRECTION('',(0.,0.707106781186544,-0.707106781186551));
#2698=DIRECTION('center_axis',(0.,0.,1.));
#2699=DIRECTION('ref_axis',(-9.99075837682935E-16,-1.,0.));
#2700=DIRECTION('center_axis',(0.,0.,-1.));
#2701=DIRECTION('ref_axis',(-9.99075837682935E-16,-1.,0.));
#2702=DIRECTION('center_axis',(0.,-0.707106781186548,-0.707106781186548));
#2703=DIRECTION('ref_axis',(-1.,0.,0.));
#2704=DIRECTION('',(0.,0.707106781186548,-0.707106781186548));
#2705=DIRECTION('',(1.,0.,0.));
#2706=DIRECTION('',(-1.,0.,0.));
#2707=DIRECTION('center_axis',(0.,0.,1.));
#2708=DIRECTION('ref_axis',(-1.,0.,0.));
#2709=DIRECTION('',(0.707106781186544,0.,-0.707106781186551));
#2710=DIRECTION('center_axis',(0.,0.,1.));
#2711=DIRECTION('ref_axis',(-1.,0.,0.));
#2712=DIRECTION('center_axis',(0.,0.,-1.));
#2713=DIRECTION('ref_axis',(-1.,0.,0.));
#2714=DIRECTION('center_axis',(-0.707106781186548,0.,-0.707106781186548));
#2715=DIRECTION('ref_axis',(-0.707106781186548,0.,0.707106781186548));
#2716=DIRECTION('',(0.707106781186548,0.,-0.707106781186548));
#2717=DIRECTION('',(0.,-1.,0.));
#2718=DIRECTION('',(0.,1.,0.));
#2719=DIRECTION('center_axis',(0.,0.,-1.));
#2720=DIRECTION('ref_axis',(1.,2.09805925913415E-15,0.));
#2721=DIRECTION('',(0.399049896670164,0.583745817944359,-0.70710678118655));
#2722=DIRECTION('center_axis',(0.,0.,-1.));
#2723=DIRECTION('ref_axis',(1.,2.09805925913415E-15,0.));
#2724=DIRECTION('center_axis',(0.,0.,1.));
#2725=DIRECTION('ref_axis',(1.,2.09805925913415E-15,0.));
#2726=DIRECTION('center_axis',(-0.399049896670167,-0.583745817944362,-0.707106781186545));
#2727=DIRECTION('ref_axis',(-0.870889303984559,0.,0.491479216453037));
#2728=DIRECTION('',(0.399049896670165,0.583745817944357,-0.707106781186551));
#2729=DIRECTION('',(0.82554125271549,-0.564341775934531,0.));
#2730=DIRECTION('',(-0.82554125271549,0.564341775934531,0.));
#2731=DIRECTION('center_axis',(0.,0.,1.));
#2732=DIRECTION('ref_axis',(-0.564341775934531,0.82554125271549,0.));
#2733=DIRECTION('',(0.399049896670168,-0.58374581794436,-0.707106781186546));
#2734=DIRECTION('center_axis',(0.,0.,1.));
#2735=DIRECTION('ref_axis',(-0.564341775934531,0.82554125271549,0.));
#2736=DIRECTION('center_axis',(0.,0.,-1.));
#2737=DIRECTION('ref_axis',(-0.56434177593453,0.82554125271549,0.));
#2738=DIRECTION('center_axis',(-0.399049896670167,0.583745817944361,-0.707106781186546));
#2739=DIRECTION('ref_axis',(-0.870889303984559,0.,0.491479216453036));
#2740=DIRECTION('',(0.399049896670164,-0.583745817944359,-0.70710678118655));
#2741=DIRECTION('',(-0.825541252715489,-0.564341775934531,0.));
#2742=DIRECTION('',(0.825541252715489,0.564341775934531,0.));
#2743=DIRECTION('center_axis',(0.,0.,-1.));
#2744=DIRECTION('ref_axis',(0.56434177593453,-0.82554125271549,0.));
#2745=DIRECTION('',(0.707106781186544,3.09073318638539E-15,-0.707106781186551));
#2746=DIRECTION('center_axis',(0.,0.,-1.));
#2747=DIRECTION('ref_axis',(0.56434177593453,-0.82554125271549,0.));
#2748=DIRECTION('center_axis',(0.,0.,1.));
#2749=DIRECTION('ref_axis',(0.56434177593453,-0.82554125271549,0.));
#2750=DIRECTION('center_axis',(-0.707106781186548,0.,-0.707106781186548));
#2751=DIRECTION('ref_axis',(-0.707106781186548,0.,0.707106781186548));
#2752=DIRECTION('',(0.707106781186548,0.,-0.707106781186548));
#2753=DIRECTION('',(0.,-1.,0.));
#2754=DIRECTION('',(0.,1.,0.));
#2755=DIRECTION('center_axis',(0.,0.,1.));
#2756=DIRECTION('ref_axis',(1.99815167536586E-15,1.,0.));
#2757=DIRECTION('',(0.,-0.707106781186544,-0.707106781186551));
#2758=DIRECTION('center_axis',(0.,0.,1.));
#2759=DIRECTION('ref_axis',(1.99815167536586E-15,1.,0.));
#2760=DIRECTION('center_axis',(0.,0.,-1.));
#2761=DIRECTION('ref_axis',(1.99815167536586E-15,1.,0.));
#2762=DIRECTION('center_axis',(0.,0.707106781186548,-0.707106781186548));
#2763=DIRECTION('ref_axis',(-1.,0.,0.));
#2764=DIRECTION('',(0.,-0.707106781186548,-0.707106781186548));
#2765=DIRECTION('',(-1.,0.,0.));
#2766=DIRECTION('',(1.,0.,0.));
#2767=DIRECTION('center_axis',(0.,0.,1.));
#2768=DIRECTION('ref_axis',(1.,-9.99075837682933E-16,0.));
#2769=DIRECTION('',(-0.707106781186544,0.,-0.707106781186551));
#2770=DIRECTION('center_axis',(0.,0.,1.));
#2771=DIRECTION('ref_axis',(1.,-9.99075837682933E-16,0.));
#2772=DIRECTION('center_axis',(0.,0.,-1.));
#2773=DIRECTION('ref_axis',(1.,-9.99075837682933E-16,0.));
#2774=DIRECTION('center_axis',(0.707106781186548,0.,-0.707106781186548));
#2775=DIRECTION('ref_axis',(-0.707106781186548,0.,-0.707106781186548));
#2776=DIRECTION('',(-0.707106781186548,0.,-0.707106781186548));
#2777=DIRECTION('',(0.,1.,0.));
#2778=DIRECTION('',(0.,-1.,0.));
#2779=DIRECTION('center_axis',(0.,0.,-1.));
#2780=DIRECTION('ref_axis',(-1.,1.04902962956708E-15,0.));
#2781=DIRECTION('',(-0.399049896670163,-0.583745817944361,-0.707106781186548));
#2782=DIRECTION('center_axis',(0.,0.,-1.));
#2783=DIRECTION('ref_axis',(-1.,1.04902962956708E-15,0.));
#2784=DIRECTION('center_axis',(0.,0.,1.));
#2785=DIRECTION('ref_axis',(-1.,1.04902962956708E-15,0.));
#2786=DIRECTION('center_axis',(0.399049896670168,0.583745817944363,-0.707106781186544));
#2787=DIRECTION('ref_axis',(-0.870889303984558,0.,-0.491479216453038));
#2788=DIRECTION('',(-0.825541252715489,0.564341775934531,0.));
#2789=DIRECTION('',(0.825541252715489,-0.564341775934531,0.));
#2790=DIRECTION('center_axis',(-0.564341775934531,-0.825541252715489,0.));
#2791=DIRECTION('ref_axis',(0.82554125271549,-0.564341775934531,0.));
#2792=DIRECTION('',(0.,0.,1.));
#2793=DIRECTION('',(0.82554125271549,-0.564341775934531,0.));
#2794=DIRECTION('',(0.,0.,1.));
#2795=DIRECTION('center_axis',(0.,0.,1.));
#2796=DIRECTION('ref_axis',(1.,2.09805925913415E-15,0.));
#2797=DIRECTION('',(0.,0.,1.));
#2798=DIRECTION('center_axis',(0.,0.,-1.));
#2799=DIRECTION('ref_axis',(1.,2.09805925913415E-15,0.));
#2800=DIRECTION('center_axis',(-1.,0.,0.));
#2801=DIRECTION('ref_axis',(0.,-1.,0.));
#2802=DIRECTION('',(0.,0.,1.));
#2803=DIRECTION('',(0.,-1.,0.));
#2804=DIRECTION('center_axis',(0.,0.,1.));
#2805=DIRECTION('ref_axis',(-1.,0.,0.));
#2806=DIRECTION('',(0.,0.,1.));
#2807=DIRECTION('center_axis',(0.,0.,1.));
#2808=DIRECTION('ref_axis',(-1.,0.,0.));
#2809=DIRECTION('center_axis',(0.,-1.,0.));
#2810=DIRECTION('ref_axis',(1.,0.,0.));
#2811=DIRECTION('',(0.,0.,1.));
#2812=DIRECTION('',(1.,0.,0.));
#2813=DIRECTION('center_axis',(0.,0.,1.));
#2814=DIRECTION('ref_axis',(-9.99075837682935E-16,-1.,0.));
#2815=DIRECTION('',(0.,0.,1.));
#2816=DIRECTION('center_axis',(0.,0.,1.));
#2817=DIRECTION('ref_axis',(-9.99075837682935E-16,-1.,0.));
#2818=DIRECTION('center_axis',(1.,0.,0.));
#2819=DIRECTION('ref_axis',(0.,1.,0.));
#2820=DIRECTION('',(0.,0.,1.));
#2821=DIRECTION('',(0.,1.,0.));
#2822=DIRECTION('center_axis',(0.,0.,1.));
#2823=DIRECTION('ref_axis',(-0.564341775934533,0.825541252715488,0.));
#2824=DIRECTION('',(0.,0.,1.));
#2825=DIRECTION('center_axis',(0.,0.,-1.));
#2826=DIRECTION('ref_axis',(-0.564341775934533,0.825541252715488,0.));
#2827=DIRECTION('center_axis',(0.564341775934531,-0.825541252715489,0.));
#2828=DIRECTION('ref_axis',(0.82554125271549,0.564341775934531,0.));
#2829=DIRECTION('',(0.,0.,-1.));
#2830=DIRECTION('',(0.82554125271549,0.564341775934531,0.));
#2831=DIRECTION('center_axis',(0.,0.,1.));
#2832=DIRECTION('ref_axis',(0.56434177593453,-0.82554125271549,0.));
#2833=DIRECTION('',(0.,0.,1.));
#2834=DIRECTION('center_axis',(0.,0.,1.));
#2835=DIRECTION('ref_axis',(0.56434177593453,-0.82554125271549,0.));
#2836=DIRECTION('center_axis',(0.,0.,1.));
#2837=DIRECTION('ref_axis',(-1.,0.,0.));
#2838=DIRECTION('center_axis',(0.,0.,-1.));
#2839=DIRECTION('ref_axis',(-1.,0.,0.));
#2840=DIRECTION('center_axis',(0.,0.,-1.));
#2841=DIRECTION('ref_axis',(-1.,0.,0.));
#2842=DIRECTION('',(1.,0.,0.));
#2843=DIRECTION('center_axis',(0.,0.,-1.));
#2844=DIRECTION('ref_axis',(2.09805925913415E-15,1.,0.));
#2845=DIRECTION('',(-1.16558847729675E-16,1.,0.));
#2846=DIRECTION('center_axis',(0.,0.,-1.));
#2847=DIRECTION('ref_axis',(-1.,6.99353086378054E-16,0.));
#2848=DIRECTION('',(-1.,0.,0.));
#2849=DIRECTION('center_axis',(0.,0.,-1.));
#2850=DIRECTION('ref_axis',(-2.09805925913416E-15,-1.,0.));
#2851=DIRECTION('',(-1.16558847729675E-16,-1.,0.));
#2852=DIRECTION('center_axis',(0.,0.,-1.));
#2853=DIRECTION('ref_axis',(1.,-6.99353086378054E-16,0.));
#2854=DIRECTION('center_axis',(0.,0.,-1.));
#2855=DIRECTION('ref_axis',(-1.,0.,0.));
#2856=DIRECTION('',(-0.707106781186548,8.65956056235493E-17,0.707106781186548));
#2857=DIRECTION('center_axis',(0.,0.,1.));
#2858=DIRECTION('ref_axis',(-1.,0.,0.));
#2859=DIRECTION('center_axis',(0.,0.,1.));
#2860=DIRECTION('ref_axis',(-1.,0.,0.));
#2861=DIRECTION('center_axis',(0.,0.,-1.));
#2862=DIRECTION('ref_axis',(-1.,0.,0.));
#2863=DIRECTION('',(0.,0.,-1.));
#2864=DIRECTION('center_axis',(0.,-0.707106781186548,-0.707106781186548));
#2865=DIRECTION('ref_axis',(-1.,0.,0.));
#2866=DIRECTION('',(3.09073318638537E-15,0.707106781186548,-0.707106781186548));
#2867=DIRECTION('',(0.,-0.707106781186548,0.707106781186548));
#2868=DIRECTION('',(-1.,0.,0.));
#2869=DIRECTION('center_axis',(0.,0.,-1.));
#2870=DIRECTION('ref_axis',(2.09805925913415E-15,1.,0.));
#2871=DIRECTION('',(-0.707106781186544,-3.09073318638539E-15,-0.707106781186551));
#2872=DIRECTION('center_axis',(0.,0.,1.));
#2873=DIRECTION('ref_axis',(2.09805925913415E-15,1.,0.));
#2874=DIRECTION('center_axis',(0.707106781186548,8.24195516369436E-17,-0.707106781186548));
#2875=DIRECTION('ref_axis',(-0.707106781186548,0.,-0.707106781186548));
#2876=DIRECTION('',(-0.707106781186548,0.,-0.707106781186548));
#2877=DIRECTION('',(1.16558847729675E-16,-1.,0.));
#2878=DIRECTION('center_axis',(0.,0.,-1.));
#2879=DIRECTION('ref_axis',(-1.,6.99353086378054E-16,0.));
#2880=DIRECTION('',(0.,-0.707106781186544,-0.707106781186551));
#2881=DIRECTION('center_axis',(0.,0.,1.));
#2882=DIRECTION('ref_axis',(-1.,6.99353086378054E-16,0.));
#2883=DIRECTION('center_axis',(0.,0.707106781186548,-0.707106781186548));
#2884=DIRECTION('ref_axis',(-1.,0.,0.));
#2885=DIRECTION('',(0.,-0.707106781186548,-0.707106781186548));
#2886=DIRECTION('',(1.,0.,0.));
#2887=DIRECTION('center_axis',(0.,0.,-1.));
#2888=DIRECTION('ref_axis',(-2.09805925913417E-15,-1.,0.));
#2889=DIRECTION('',(0.707106781186544,3.09073318638539E-15,-0.707106781186551));
#2890=DIRECTION('center_axis',(0.,0.,1.));
#2891=DIRECTION('ref_axis',(-2.09805925913416E-15,-1.,0.));
#2892=DIRECTION('center_axis',(-0.707106781186544,8.24195516369432E-17,
-0.707106781186551));
#2893=DIRECTION('ref_axis',(-0.707106781186551,0.,0.707106781186544));
#2894=DIRECTION('',(0.707106781186551,0.,-0.707106781186544));
#2895=DIRECTION('',(1.16558847729675E-16,1.,0.));
#2896=DIRECTION('center_axis',(0.,0.,-1.));
#2897=DIRECTION('ref_axis',(1.,-6.99353086378054E-16,0.));
#2898=DIRECTION('center_axis',(0.,0.,1.));
#2899=DIRECTION('ref_axis',(1.,-6.99353086378054E-16,0.));
#2900=DIRECTION('center_axis',(0.,0.,-1.));
#2901=DIRECTION('ref_axis',(-1.,6.99353086378054E-16,0.));
#2902=DIRECTION('',(0.,0.,-1.));
#2903=DIRECTION('center_axis',(0.,0.,-1.));
#2904=DIRECTION('ref_axis',(-1.,6.99353086378054E-16,0.));
#2905=DIRECTION('',(0.,0.,-1.));
#2906=DIRECTION('center_axis',(1.,1.16558847729675E-16,0.));
#2907=DIRECTION('ref_axis',(1.16558847729675E-16,-1.,0.));
#2908=DIRECTION('',(0.,0.,-1.));
#2909=DIRECTION('',(-1.16558847729675E-16,1.,0.));
#2910=DIRECTION('center_axis',(0.,0.,-1.));
#2911=DIRECTION('ref_axis',(2.09805925913415E-15,1.,0.));
#2912=DIRECTION('',(0.,0.,-1.));
#2913=DIRECTION('center_axis',(0.,0.,-1.));
#2914=DIRECTION('ref_axis',(2.09805925913415E-15,1.,0.));
#2915=DIRECTION('center_axis',(0.,-1.,0.));
#2916=DIRECTION('ref_axis',(-1.,0.,0.));
#2917=DIRECTION('',(0.,0.,-1.));
#2918=DIRECTION('',(1.,0.,0.));
#2919=DIRECTION('center_axis',(0.,0.,-1.));
#2920=DIRECTION('ref_axis',(-1.,0.,0.));
#2921=DIRECTION('',(-0.707106781186548,8.65956056235493E-17,0.707106781186548));
#2922=DIRECTION('center_axis',(0.,0.,1.));
#2923=DIRECTION('ref_axis',(-1.,0.,0.));
#2924=DIRECTION('center_axis',(0.,0.,1.));
#2925=DIRECTION('ref_axis',(-1.,0.,0.));
#2926=DIRECTION('center_axis',(0.,0.,-1.));
#2927=DIRECTION('ref_axis',(-1.,0.,0.));
#2928=DIRECTION('',(0.,0.,-1.));
#2929=DIRECTION('center_axis',(0.,0.,1.));
#2930=DIRECTION('ref_axis',(1.,-1.88974131851092E-15,0.));
#2931=DIRECTION('',(-0.707106781186548,0.,-0.707106781186548));
#2932=DIRECTION('center_axis',(0.,0.,1.));
#2933=DIRECTION('ref_axis',(1.,-1.88974131851092E-15,0.));
#2934=DIRECTION('',(0.,0.707106781186546,0.707106781186549));
#2935=DIRECTION('center_axis',(0.,0.,-1.));
#2936=DIRECTION('ref_axis',(1.,-1.88974131851092E-15,0.));
#2937=DIRECTION('center_axis',(0.707106781186548,-1.64839103273887E-16,
-0.707106781186548));
#2938=DIRECTION('ref_axis',(-0.707106781186548,0.,-0.707106781186548));
#2939=DIRECTION('',(-0.707106781186546,0.,-0.707106781186549));
#2940=DIRECTION('',(2.3311769545935E-16,1.,0.));
#2941=DIRECTION('',(-2.3311769545935E-16,-1.,0.));
#2942=DIRECTION('center_axis',(0.,0.,1.));
#2943=DIRECTION('ref_axis',(-5.6692239555328E-15,-1.,0.));
#2944=DIRECTION('',(3.09073318638537E-15,0.707106781186548,-0.707106781186548));
#2945=DIRECTION('center_axis',(0.,0.,1.));
#2946=DIRECTION('ref_axis',(-5.6692239555328E-15,-1.,0.));
#2947=DIRECTION('center_axis',(0.,0.,-1.));
#2948=DIRECTION('ref_axis',(-5.6692239555328E-15,-1.,0.));
#2949=DIRECTION('center_axis',(0.,-0.707106781186549,-0.707106781186546));
#2950=DIRECTION('ref_axis',(-1.,0.,0.));
#2951=DIRECTION('',(0.,0.707106781186546,-0.707106781186549));
#2952=DIRECTION('',(1.,0.,0.));
#2953=DIRECTION('',(-1.,0.,0.));
#2954=DIRECTION('center_axis',(0.,0.,1.));
#2955=DIRECTION('ref_axis',(-1.,3.77948263702185E-15,0.));
#2956=DIRECTION('',(0.707106781186546,-3.09073318638538E-15,-0.707106781186549));
#2957=DIRECTION('center_axis',(0.,0.,1.));
#2958=DIRECTION('ref_axis',(-1.,3.77948263702185E-15,0.));
#2959=DIRECTION('center_axis',(0.,0.,-1.));
#2960=DIRECTION('ref_axis',(-1.,3.77948263702185E-15,0.));
#2961=DIRECTION('center_axis',(-0.707106781186551,-8.24195516369439E-17,
-0.707106781186544));
#2962=DIRECTION('ref_axis',(-0.707106781186544,0.,0.707106781186551));
#2963=DIRECTION('',(0.707106781186546,-3.09073318638538E-15,-0.707106781186549));
#2964=DIRECTION('',(1.16558847729675E-16,-1.,0.));
#2965=DIRECTION('',(-1.16558847729675E-16,1.,0.));
#2966=DIRECTION('center_axis',(0.,0.,1.));
#2967=DIRECTION('ref_axis',(5.66922395553272E-15,1.,0.));
#2968=DIRECTION('',(-3.09073318638538E-15,-0.707106781186546,-0.707106781186549));
#2969=DIRECTION('center_axis',(0.,0.,1.));
#2970=DIRECTION('ref_axis',(5.66922395553272E-15,1.,0.));
#2971=DIRECTION('center_axis',(0.,0.,-1.));
#2972=DIRECTION('ref_axis',(5.66922395553272E-15,1.,0.));
#2973=DIRECTION('center_axis',(0.,0.707106781186549,-0.707106781186546));
#2974=DIRECTION('ref_axis',(-1.,0.,0.));
#2975=DIRECTION('',(-1.,0.,0.));
#2976=DIRECTION('',(1.,0.,0.));
#2977=DIRECTION('center_axis',(0.,-1.,0.));
#2978=DIRECTION('ref_axis',(-1.,0.,0.));
#2979=DIRECTION('',(0.,0.,-1.));
#2980=DIRECTION('',(1.,0.,0.));
#2981=DIRECTION('',(0.,0.,-1.));
#2982=DIRECTION('center_axis',(0.,0.,-1.));
#2983=DIRECTION('ref_axis',(-5.6692239555328E-15,-1.,0.));
#2984=DIRECTION('',(0.,0.,-1.));
#2985=DIRECTION('center_axis',(0.,0.,1.));
#2986=DIRECTION('ref_axis',(-5.6692239555328E-15,-1.,0.));
#2987=DIRECTION('center_axis',(1.,-2.3311769545935E-16,0.));
#2988=DIRECTION('ref_axis',(-2.3311769545935E-16,-1.,0.));
#2989=DIRECTION('',(0.,0.,-1.));
#2990=DIRECTION('',(2.3311769545935E-16,1.,0.));
#2991=DIRECTION('center_axis',(0.,0.,-1.));
#2992=DIRECTION('ref_axis',(1.,-1.88974131851092E-15,0.));
#2993=DIRECTION('',(0.,0.,-1.));
#2994=DIRECTION('center_axis',(0.,0.,1.));
#2995=DIRECTION('ref_axis',(1.,-1.88974131851092E-15,0.));
#2996=DIRECTION('center_axis',(0.,0.,1.));
#2997=DIRECTION('ref_axis',(-1.,0.,0.));
#2998=DIRECTION('',(-1.,0.,0.));
#2999=DIRECTION('',(-2.38277242038934E-16,-1.,0.));
#3000=DIRECTION('',(1.,0.,0.));
#3001=DIRECTION('',(-1.19138621019467E-16,1.,0.));
#3002=DIRECTION('center_axis',(0.,0.707106781186549,-0.707106781186546));
#3003=DIRECTION('ref_axis',(-1.,0.,0.));
#3004=DIRECTION('',(0.577350269189622,0.577350269189627,0.577350269189627));
#3005=DIRECTION('',(1.,0.,0.));
#3006=DIRECTION('',(-0.577350269189625,0.577350269189625,0.577350269189628));
#3007=DIRECTION('center_axis',(0.707106781186551,8.42437268240795E-17,-0.707106781186544));
#3008=DIRECTION('ref_axis',(-0.707106781186544,0.,-0.707106781186551));
#3009=DIRECTION('',(0.577350269189625,-0.577350269189625,0.577350269189628));
#3010=DIRECTION('',(1.19138621019467E-16,-1.,0.));
#3011=DIRECTION('center_axis',(0.,-0.707106781186549,-0.707106781186546));
#3012=DIRECTION('ref_axis',(-1.,0.,0.));
#3013=DIRECTION('',(-0.577350269189626,-0.577350269189623,0.577350269189628));
#3014=DIRECTION('',(-1.,0.,0.));
#3015=DIRECTION('center_axis',(-0.707106781186549,1.68487453648159E-16,
-0.707106781186546));
#3016=DIRECTION('ref_axis',(-0.707106781186546,0.,0.707106781186549));
#3017=DIRECTION('',(2.38277242038934E-16,1.,0.));
#3018=DIRECTION('center_axis',(-1.,2.38277242038934E-16,0.));
#3019=DIRECTION('ref_axis',(2.38277242038934E-16,1.,0.));
#3020=DIRECTION('',(0.,0.,-1.));
#3021=DIRECTION('',(-2.38277242038934E-16,-1.,0.));
#3022=DIRECTION('',(0.,0.,-1.));
#3023=DIRECTION('center_axis',(0.,1.,0.));
#3024=DIRECTION('ref_axis',(1.,0.,0.));
#3025=DIRECTION('',(0.,0.,-1.));
#3026=DIRECTION('',(-1.,0.,0.));
#3027=DIRECTION('center_axis',(1.,1.19138621019467E-16,0.));
#3028=DIRECTION('ref_axis',(1.19138621019467E-16,-1.,0.));
#3029=DIRECTION('',(0.,0.,-1.));
#3030=DIRECTION('',(-1.19138621019467E-16,1.,0.));
#3031=DIRECTION('center_axis',(0.,-1.,0.));
#3032=DIRECTION('ref_axis',(-1.,0.,0.));
#3033=DIRECTION('',(1.,0.,0.));
#3034=DIRECTION('center_axis',(0.,1.,0.));
#3035=DIRECTION('ref_axis',(1.,0.,0.));
#3036=DIRECTION('',(0.,0.,-1.));
#3037=DIRECTION('',(-1.,0.,0.));
#3038=DIRECTION('center_axis',(0.,0.,-1.));
#3039=DIRECTION('ref_axis',(5.66922395553272E-15,1.,0.));
#3040=DIRECTION('',(0.,0.,-1.));
#3041=DIRECTION('center_axis',(0.,0.,1.));
#3042=DIRECTION('ref_axis',(5.66922395553272E-15,1.,0.));
#3043=DIRECTION('center_axis',(-1.,-1.16558847729675E-16,0.));
#3044=DIRECTION('ref_axis',(-1.16558847729675E-16,1.,0.));
#3045=DIRECTION('',(0.,0.,-1.));
#3046=DIRECTION('',(1.16558847729675E-16,-1.,0.));
#3047=DIRECTION('center_axis',(0.,0.,-1.));
#3048=DIRECTION('ref_axis',(-1.,3.77948263702185E-15,0.));
#3049=DIRECTION('center_axis',(0.,0.,1.));
#3050=DIRECTION('ref_axis',(-1.,3.77948263702185E-15,0.));
#3051=DIRECTION('center_axis',(0.,0.,1.));
#3052=DIRECTION('ref_axis',(-1.,0.,0.));
#3053=DIRECTION('center_axis',(0.,0.,-1.));
#3054=DIRECTION('ref_axis',(1.,-6.99353086378054E-16,0.));
#3055=DIRECTION('',(-1.16558847729675E-16,-1.,0.));
#3056=DIRECTION('center_axis',(0.,0.,-1.));
#3057=DIRECTION('ref_axis',(-2.09805925913416E-15,-1.,0.));
#3058=DIRECTION('',(-1.,0.,0.));
#3059=DIRECTION('center_axis',(0.,0.,-1.));
#3060=DIRECTION('ref_axis',(1.,-6.99353086378054E-16,0.));
#3061=DIRECTION('',(0.,0.,-1.));
#3062=DIRECTION('center_axis',(-1.,1.16558847729675E-16,0.));
#3063=DIRECTION('ref_axis',(1.16558847729675E-16,1.,0.));
#3064=DIRECTION('',(0.,0.,-1.));
#3065=DIRECTION('center_axis',(0.,0.,-1.));
#3066=DIRECTION('ref_axis',(-2.09805925913416E-15,-1.,0.));
#3067=DIRECTION('',(0.,0.,-1.));
#3068=DIRECTION('center_axis',(0.,1.,0.));
#3069=DIRECTION('ref_axis',(1.,0.,0.));
#3070=DIRECTION('center_axis',(0.,0.,1.));
#3071=DIRECTION('ref_axis',(-0.564341775934531,0.82554125271549,0.));
#3072=DIRECTION('center_axis',(0.,0.,1.));
#3073=DIRECTION('ref_axis',(-0.564341775934531,0.82554125271549,0.));
#3074=DIRECTION('',(0.,0.,1.));
#3075=DIRECTION('center_axis',(-0.564341775934531,0.825541252715489,0.));
#3076=DIRECTION('ref_axis',(-0.825541252715489,-0.564341775934531,0.));
#3077=DIRECTION('',(-0.825541252715489,-0.564341775934531,0.));
#3078=DIRECTION('',(0.,0.,1.));
#3079=DIRECTION('center_axis',(0.,0.,1.));
#3080=DIRECTION('ref_axis',(0.56434177593453,-0.82554125271549,0.));
#3081=DIRECTION('center_axis',(0.,0.,-1.));
#3082=DIRECTION('ref_axis',(0.56434177593453,-0.82554125271549,0.));
#3083=DIRECTION('',(0.,0.,1.));
#3084=DIRECTION('center_axis',(-1.,0.,0.));
#3085=DIRECTION('ref_axis',(0.,-1.,0.));
#3086=DIRECTION('',(0.,-1.,0.));
#3087=DIRECTION('',(0.,0.,1.));
#3088=DIRECTION('center_axis',(0.,0.,1.));
#3089=DIRECTION('ref_axis',(1.99815167536586E-15,1.,0.));
#3090=DIRECTION('center_axis',(0.,0.,1.));
#3091=DIRECTION('ref_axis',(1.99815167536586E-15,1.,0.));
#3092=DIRECTION('',(0.,0.,1.));
#3093=DIRECTION('center_axis',(0.,1.,0.));
#3094=DIRECTION('ref_axis',(-1.,0.,0.));
#3095=DIRECTION('',(-1.,0.,0.));
#3096=DIRECTION('',(0.,0.,1.));
#3097=DIRECTION('center_axis',(0.,0.,1.));
#3098=DIRECTION('ref_axis',(1.,-9.99075837682933E-16,0.));
#3099=DIRECTION('center_axis',(0.,0.,1.));
#3100=DIRECTION('ref_axis',(1.,-9.99075837682933E-16,0.));
#3101=DIRECTION('',(0.,0.,1.));
#3102=DIRECTION('center_axis',(1.,0.,0.));
#3103=DIRECTION('ref_axis',(0.,1.,0.));
#3104=DIRECTION('',(0.,1.,0.));
#3105=DIRECTION('',(0.,0.,1.));
#3106=DIRECTION('center_axis',(0.,0.,1.));
#3107=DIRECTION('ref_axis',(-1.,1.04902962956708E-15,0.));
#3108=DIRECTION('center_axis',(0.,0.,-1.));
#3109=DIRECTION('ref_axis',(-1.,1.04902962956708E-15,0.));
#3110=DIRECTION('',(0.,0.,1.));
#3111=DIRECTION('center_axis',(0.564341775934532,0.825541252715489,0.));
#3112=DIRECTION('ref_axis',(-0.825541252715489,0.564341775934531,0.));
#3113=DIRECTION('',(-0.825541252715489,0.564341775934531,0.));
#3114=DIRECTION('center_axis',(0.,0.,1.));
#3115=DIRECTION('ref_axis',(-1.,0.,0.));
#3116=DIRECTION('center_axis',(0.,0.,1.));
#3117=DIRECTION('ref_axis',(-1.,0.,0.));
#3118=DIRECTION('',(0.,0.,1.));
#3119=DIRECTION('',(1.,0.,0.));
#3120=DIRECTION('',(0.,0.,1.));
#3121=DIRECTION('',(1.,0.,0.));
#3122=CARTESIAN_POINT('',(0.,0.,0.));
#3123=CARTESIAN_POINT('',(0.,0.,0.));
#3124=CARTESIAN_POINT('',(0.,0.,0.));
#3125=CARTESIAN_POINT('Origin',(0.092,0.79822754750179,1.1954112912343));
#3126=CARTESIAN_POINT('',(0.092,0.805872233152304,1.19305358444489));
#3127=CARTESIAN_POINT('',(0.1,0.79822754750179,1.1954112912343));
#3128=CARTESIAN_POINT('Origin',(0.092,0.79822754750179,1.1954112912343));
#3129=CARTESIAN_POINT('',(0.092,0.803403367087351,1.20151136431728));
#3130=CARTESIAN_POINT('Origin',(0.092,0.79822754750179,1.1954112912343));
#3131=CARTESIAN_POINT('Origin',(0.092,0.79822754750179,1.1954112912343));
#3132=CARTESIAN_POINT('Origin',(-0.092,0.79822754750179,1.1954112912343));
#3133=CARTESIAN_POINT('',(-0.0919999999999999,0.803403367087351,1.20151136431728));
#3134=CARTESIAN_POINT('',(-0.1,0.79822754750179,1.1954112912343));
#3135=CARTESIAN_POINT('Origin',(-0.0919999999999999,0.79822754750179,1.1954112912343));
#3136=CARTESIAN_POINT('',(-0.0919999999999999,0.805872233152304,1.19305358444489));
#3137=CARTESIAN_POINT('Origin',(-0.092,0.79822754750179,1.1954112912343));
#3138=CARTESIAN_POINT('Origin',(-0.0919999999999999,0.79822754750179,1.1954112912343));
#3139=CARTESIAN_POINT('Origin',(4.88773405519655E-17,0.79822754750179,1.1954112912343));
#3140=CARTESIAN_POINT('',(4.93454425425849E-17,0.805872233152304,1.19305358444489));
#3141=CARTESIAN_POINT('',(4.91942680963865E-17,0.803403367087351,1.20151136431728));
#3142=CARTESIAN_POINT('Origin',(-0.0919999999999999,0.796503308399236,1.18982057656844));
#3143=CARTESIAN_POINT('',(-0.0919999999999999,0.796259842519685,1.16188613603004));
#3144=CARTESIAN_POINT('',(-0.1,0.796259842519685,1.18903115689838));
#3145=CARTESIAN_POINT('Origin',(-0.0919999999999999,0.796259842519685,1.18903115689838));
#3146=CARTESIAN_POINT('',(-0.1,0.796503308399236,1.18982057656844));
#3147=CARTESIAN_POINT('',(-0.0919999999999999,0.80414799404975,1.18746286977903));
#3148=CARTESIAN_POINT('Origin',(-0.0919999999999999,0.796216842503284,1.19711734396031));
#3149=CARTESIAN_POINT('',(-0.1,0.796259842519685,1.1970808590979));
#3150=CARTESIAN_POINT('',(-0.0919999999999999,0.796259842519685,1.20757253667773));
#3151=CARTESIAN_POINT('Origin',(-0.0919999999999999,0.796259842519685,1.1970808590979));
#3152=CARTESIAN_POINT('',(-0.0919999999999999,0.801392662088844,1.20321741704329));
#3153=CARTESIAN_POINT('',(-0.1,0.796216842503284,1.19711734396031));
#3154=CARTESIAN_POINT('Origin',(0.092,0.796216842503284,1.19711734396031));
#3155=CARTESIAN_POINT('',(0.092,0.796259842519685,1.20757253667773));
#3156=CARTESIAN_POINT('',(0.1,0.796259842519685,1.1970808590979));
#3157=CARTESIAN_POINT('Origin',(0.092,0.796259842519685,1.1970808590979));
#3158=CARTESIAN_POINT('',(0.1,0.796216842503284,1.19711734396031));
#3159=CARTESIAN_POINT('',(0.092,0.801392662088844,1.20321741704329));
#3160=CARTESIAN_POINT('Origin',(0.092,0.796503308399236,1.18982057656844));
#3161=CARTESIAN_POINT('',(0.1,0.796259842519685,1.18903115689838));
#3162=CARTESIAN_POINT('',(0.092,0.796259842519685,1.16188613603004));
#3163=CARTESIAN_POINT('Origin',(0.092,0.796259842519685,1.18903115689838));
#3164=CARTESIAN_POINT('',(0.092,0.80414799404975,1.18746286977903));
#3165=CARTESIAN_POINT('',(0.1,0.796503308399236,1.18982057656844));
#3166=CARTESIAN_POINT('Origin',(-0.1,0.798808877022775,1.17746406805561));
#3167=CARTESIAN_POINT('',(-0.1,0.796259842519685,1.2383383332404));
#3168=CARTESIAN_POINT('Origin',(4.94406830910047E-17,0.807427629344676,
1.19809683876561));
#3169=CARTESIAN_POINT('',(-0.375,0.796259842519685,1.16188613603004));
#3170=CARTESIAN_POINT('Origin',(-0.79822754750179,0.0920000000000001,1.1954112912343));
#3171=CARTESIAN_POINT('',(-0.805872233152304,0.0920000000000001,1.19305358444489));
#3172=CARTESIAN_POINT('',(-0.79822754750179,0.1,1.1954112912343));
#3173=CARTESIAN_POINT('Origin',(-0.79822754750179,0.0920000000000001,1.1954112912343));
#3174=CARTESIAN_POINT('',(-0.803403367087351,0.0920000000000001,1.20151136431728));
#3175=CARTESIAN_POINT('Origin',(-0.79822754750179,0.0920000000000001,1.1954112912343));
#3176=CARTESIAN_POINT('Origin',(-0.79822754750179,0.0920000000000001,1.1954112912343));
#3177=CARTESIAN_POINT('Origin',(-0.79822754750179,-0.0919999999999999,1.1954112912343));
#3178=CARTESIAN_POINT('',(-0.803403367087351,-0.0919999999999999,1.20151136431728));
#3179=CARTESIAN_POINT('',(-0.79822754750179,-0.0999999999999999,1.1954112912343));
#3180=CARTESIAN_POINT('Origin',(-0.79822754750179,-0.0919999999999999,1.1954112912343));
#3181=CARTESIAN_POINT('',(-0.805872233152304,-0.0919999999999999,1.19305358444489));
#3182=CARTESIAN_POINT('Origin',(-0.79822754750179,-0.0919999999999999,1.1954112912343));
#3183=CARTESIAN_POINT('Origin',(-0.79822754750179,-0.0919999999999999,1.1954112912343));
#3184=CARTESIAN_POINT('Origin',(-0.79822754750179,9.77546811039309E-17,
1.1954112912343));
#3185=CARTESIAN_POINT('',(-0.805872233152304,9.86908850851699E-17,1.19305358444489));
#3186=CARTESIAN_POINT('',(-0.803403367087351,9.83885361927731E-17,1.20151136431728));
#3187=CARTESIAN_POINT('Origin',(-0.796503308399236,-0.0919999999999999,
1.18982057656844));
#3188=CARTESIAN_POINT('',(-0.796259842519685,-0.0919999999999999,1.16188613603004));
#3189=CARTESIAN_POINT('',(-0.796259842519685,-0.0999999999999999,1.18903115689838));
#3190=CARTESIAN_POINT('Origin',(-0.796259842519685,-0.0919999999999999,
1.18903115689838));
#3191=CARTESIAN_POINT('',(-0.796503308399236,-0.0999999999999999,1.18982057656844));
#3192=CARTESIAN_POINT('',(-0.80414799404975,-0.0919999999999999,1.18746286977903));
#3193=CARTESIAN_POINT('Origin',(-0.796216842503284,-0.0919999999999999,
1.19711734396031));
#3194=CARTESIAN_POINT('',(-0.796259842519685,-0.0999999999999999,1.1970808590979));
#3195=CARTESIAN_POINT('',(-0.796259842519685,-0.0919999999999999,1.20757253667773));
#3196=CARTESIAN_POINT('Origin',(-0.796259842519685,-0.0919999999999999,
1.1970808590979));
#3197=CARTESIAN_POINT('',(-0.801392662088844,-0.0919999999999999,1.20321741704329));
#3198=CARTESIAN_POINT('',(-0.796216842503284,-0.0999999999999999,1.19711734396031));
#3199=CARTESIAN_POINT('Origin',(-0.796216842503284,0.0920000000000001,1.19711734396031));
#3200=CARTESIAN_POINT('',(-0.796259842519685,0.0920000000000001,1.20757253667773));
#3201=CARTESIAN_POINT('',(-0.796259842519685,0.1,1.1970808590979));
#3202=CARTESIAN_POINT('Origin',(-0.796259842519685,0.0920000000000001,1.1970808590979));
#3203=CARTESIAN_POINT('',(-0.796216842503284,0.1,1.19711734396031));
#3204=CARTESIAN_POINT('',(-0.801392662088844,0.0920000000000001,1.20321741704329));
#3205=CARTESIAN_POINT('Origin',(-0.796503308399236,0.0920000000000001,1.18982057656844));
#3206=CARTESIAN_POINT('',(-0.796259842519685,0.1,1.18903115689838));
#3207=CARTESIAN_POINT('',(-0.796259842519685,0.0920000000000001,1.16188613603004));
#3208=CARTESIAN_POINT('Origin',(-0.796259842519685,0.0920000000000001,1.18903115689838));
#3209=CARTESIAN_POINT('',(-0.80414799404975,0.0920000000000001,1.18746286977903));
#3210=CARTESIAN_POINT('',(-0.796503308399236,0.1,1.18982057656844));
#3211=CARTESIAN_POINT('Origin',(-0.798808877022775,-0.0999999999999999,
1.17746406805561));
#3212=CARTESIAN_POINT('',(-0.796259842519685,-0.0999999999999999,1.2383383332404));
#3213=CARTESIAN_POINT('Origin',(-0.807427629344676,9.88813661820093E-17,
1.19809683876561));
#3214=CARTESIAN_POINT('',(-0.796259842519685,-0.375,1.16188613603004));
#3215=CARTESIAN_POINT('Origin',(-0.0920000000000001,-0.79822754750179,1.1954112912343));
#3216=CARTESIAN_POINT('',(-0.0920000000000002,-0.805872233152304,1.19305358444489));
#3217=CARTESIAN_POINT('',(-0.1,-0.79822754750179,1.1954112912343));
#3218=CARTESIAN_POINT('Origin',(-0.0920000000000002,-0.79822754750179,1.1954112912343));
#3219=CARTESIAN_POINT('',(-0.0920000000000002,-0.803403367087351,1.20151136431728));
#3220=CARTESIAN_POINT('Origin',(-0.0920000000000001,-0.79822754750179,1.1954112912343));
#3221=CARTESIAN_POINT('Origin',(-0.0920000000000002,-0.79822754750179,1.1954112912343));
#3222=CARTESIAN_POINT('Origin',(0.0919999999999998,-0.79822754750179,1.1954112912343));
#3223=CARTESIAN_POINT('',(0.0919999999999998,-0.803403367087351,1.20151136431728));
#3224=CARTESIAN_POINT('',(0.0999999999999998,-0.79822754750179,1.1954112912343));
#3225=CARTESIAN_POINT('Origin',(0.0919999999999998,-0.79822754750179,1.1954112912343));
#3226=CARTESIAN_POINT('',(0.0919999999999998,-0.805872233152304,1.19305358444489));
#3227=CARTESIAN_POINT('Origin',(0.0919999999999998,-0.79822754750179,1.1954112912343));
#3228=CARTESIAN_POINT('Origin',(0.0919999999999998,-0.79822754750179,1.1954112912343));
#3229=CARTESIAN_POINT('Origin',(-1.46632021655896E-16,-0.79822754750179,
1.1954112912343));
#3230=CARTESIAN_POINT('',(-1.48036327627755E-16,-0.805872233152304,1.19305358444489));
#3231=CARTESIAN_POINT('',(-1.4758280428916E-16,-0.803403367087351,1.20151136431728));
#3232=CARTESIAN_POINT('Origin',(0.0919999999999998,-0.796503308399236,1.18982057656844));
#3233=CARTESIAN_POINT('',(0.0919999999999998,-0.796259842519685,1.16188613603003));
#3234=CARTESIAN_POINT('',(0.0999999999999998,-0.796259842519685,1.18903115689838));
#3235=CARTESIAN_POINT('Origin',(0.0919999999999998,-0.796259842519685,1.18903115689838));
#3236=CARTESIAN_POINT('',(0.0999999999999998,-0.796503308399236,1.18982057656844));
#3237=CARTESIAN_POINT('',(0.0919999999999998,-0.80414799404975,1.18746286977903));
#3238=CARTESIAN_POINT('Origin',(0.0919999999999998,-0.796216842503284,1.19711734396031));
#3239=CARTESIAN_POINT('',(0.0999999999999998,-0.796259842519685,1.1970808590979));
#3240=CARTESIAN_POINT('',(0.0919999999999999,-0.796259842519685,1.20757253667773));
#3241=CARTESIAN_POINT('Origin',(0.0919999999999998,-0.796259842519685,1.1970808590979));
#3242=CARTESIAN_POINT('',(0.0919999999999998,-0.801392662088844,1.20321741704329));
#3243=CARTESIAN_POINT('',(0.0999999999999998,-0.796216842503284,1.19711734396031));
#3244=CARTESIAN_POINT('Origin',(-0.0920000000000002,-0.796216842503284,
1.19711734396031));
#3245=CARTESIAN_POINT('',(-0.0920000000000001,-0.796259842519685,1.20757253667773));
#3246=CARTESIAN_POINT('',(-0.1,-0.796259842519685,1.1970808590979));
#3247=CARTESIAN_POINT('Origin',(-0.0920000000000002,-0.796259842519685,
1.1970808590979));
#3248=CARTESIAN_POINT('',(-0.1,-0.796216842503284,1.19711734396031));
#3249=CARTESIAN_POINT('',(-0.0920000000000002,-0.801392662088844,1.20321741704329));
#3250=CARTESIAN_POINT('Origin',(-0.0920000000000002,-0.796503308399236,
1.18982057656844));
#3251=CARTESIAN_POINT('',(-0.1,-0.796259842519685,1.18903115689838));
#3252=CARTESIAN_POINT('',(-0.0920000000000002,-0.796259842519685,1.16188613603003));
#3253=CARTESIAN_POINT('Origin',(-0.0920000000000002,-0.796259842519685,
1.18903115689838));
#3254=CARTESIAN_POINT('',(-0.0920000000000002,-0.80414799404975,1.18746286977903));
#3255=CARTESIAN_POINT('',(-0.1,-0.796503308399236,1.18982057656844));
#3256=CARTESIAN_POINT('Origin',(0.0999999999999998,-0.798808877022775,1.17746406805561));
#3257=CARTESIAN_POINT('',(0.0999999999999998,-0.796259842519685,1.2383383332404));
#3258=CARTESIAN_POINT('Origin',(-1.48322049273014E-16,-0.807427629344676,
1.19809683876561));
#3259=CARTESIAN_POINT('',(0.375,-0.796259842519685,1.16188613603003));
#3260=CARTESIAN_POINT('Origin',(0.79822754750179,-0.092,1.1954112912343));
#3261=CARTESIAN_POINT('',(0.805872233152304,-0.092,1.19305358444489));
#3262=CARTESIAN_POINT('',(0.79822754750179,-0.1,1.1954112912343));
#3263=CARTESIAN_POINT('Origin',(0.79822754750179,-0.092,1.1954112912343));
#3264=CARTESIAN_POINT('',(0.803403367087351,-0.092,1.20151136431728));
#3265=CARTESIAN_POINT('Origin',(0.79822754750179,-0.092,1.1954112912343));
#3266=CARTESIAN_POINT('Origin',(0.79822754750179,-0.092,1.1954112912343));
#3267=CARTESIAN_POINT('Origin',(0.79822754750179,0.092,1.1954112912343));
#3268=CARTESIAN_POINT('',(0.803403367087351,0.092,1.20151136431728));
#3269=CARTESIAN_POINT('',(0.79822754750179,0.1,1.1954112912343));
#3270=CARTESIAN_POINT('Origin',(0.79822754750179,0.092,1.1954112912343));
#3271=CARTESIAN_POINT('',(0.805872233152304,0.092,1.19305358444489));
#3272=CARTESIAN_POINT('Origin',(0.79822754750179,0.092,1.1954112912343));
#3273=CARTESIAN_POINT('Origin',(0.79822754750179,0.092,1.1954112912343));
#3274=CARTESIAN_POINT('Origin',(0.79822754750179,0.,1.1954112912343));
#3275=CARTESIAN_POINT('',(0.805872233152304,0.,1.19305358444489));
#3276=CARTESIAN_POINT('',(0.803403367087351,0.,1.20151136431728));
#3277=CARTESIAN_POINT('Origin',(0.796503308399236,0.092,1.18982057656844));
#3278=CARTESIAN_POINT('',(0.796259842519685,0.092,1.16188613603003));
#3279=CARTESIAN_POINT('',(0.796259842519685,0.1,1.18903115689838));
#3280=CARTESIAN_POINT('Origin',(0.796259842519685,0.092,1.18903115689838));
#3281=CARTESIAN_POINT('',(0.796503308399236,0.1,1.18982057656844));
#3282=CARTESIAN_POINT('',(0.80414799404975,0.092,1.18746286977903));
#3283=CARTESIAN_POINT('Origin',(0.796216842503284,0.092,1.19711734396031));
#3284=CARTESIAN_POINT('',(0.796259842519685,0.1,1.1970808590979));
#3285=CARTESIAN_POINT('',(0.796259842519685,0.092,1.20757253667773));
#3286=CARTESIAN_POINT('Origin',(0.796259842519685,0.092,1.1970808590979));
#3287=CARTESIAN_POINT('',(0.801392662088844,0.092,1.20321741704329));
#3288=CARTESIAN_POINT('',(0.796216842503284,0.1,1.19711734396031));
#3289=CARTESIAN_POINT('Origin',(0.796216842503284,-0.092,1.19711734396031));
#3290=CARTESIAN_POINT('',(0.796259842519685,-0.0919999999999999,1.20757253667773));
#3291=CARTESIAN_POINT('',(0.796259842519685,-0.1,1.1970808590979));
#3292=CARTESIAN_POINT('Origin',(0.796259842519685,-0.092,1.1970808590979));
#3293=CARTESIAN_POINT('',(0.796216842503284,-0.1,1.19711734396031));
#3294=CARTESIAN_POINT('',(0.801392662088844,-0.092,1.20321741704329));
#3295=CARTESIAN_POINT('Origin',(0.796503308399236,-0.092,1.18982057656844));
#3296=CARTESIAN_POINT('',(0.796259842519685,-0.1,1.18903115689838));
#3297=CARTESIAN_POINT('',(0.796259842519685,-0.092,1.16188613603003));
#3298=CARTESIAN_POINT('Origin',(0.796259842519685,-0.092,1.18903115689838));
#3299=CARTESIAN_POINT('',(0.80414799404975,-0.092,1.18746286977903));
#3300=CARTESIAN_POINT('',(0.796503308399236,-0.1,1.18982057656844));
#3301=CARTESIAN_POINT('Origin',(0.798808877022775,0.1,1.17746406805561));
#3302=CARTESIAN_POINT('',(0.796259842519685,0.1,1.2383383332404));
#3303=CARTESIAN_POINT('Origin',(0.807427629344676,0.,1.19809683876561));
#3304=CARTESIAN_POINT('',(0.796259842519685,0.375,1.16188613603003));
#3305=CARTESIAN_POINT('Origin',(-1.45155571039916E-16,-0.790190124700874,
1.21272260028157));
#3306=CARTESIAN_POINT('',(0.375,-0.796259842519685,1.20757253667773));
#3307=CARTESIAN_POINT('Origin',(-0.1,-0.798808877022775,1.17746406805561));
#3308=CARTESIAN_POINT('',(-0.1,-0.796259842519685,1.2383383332404));
#3309=CARTESIAN_POINT('Origin',(-0.790190124700874,9.67703806932774E-17,
1.21272260028157));
#3310=CARTESIAN_POINT('',(-0.796259842519685,-0.375,1.20757253667773));
#3311=CARTESIAN_POINT('Origin',(-0.798808877022775,0.1,1.17746406805561));
#3312=CARTESIAN_POINT('',(-0.796259842519685,0.1,1.2383383332404));
#3313=CARTESIAN_POINT('Origin',(4.83851903466387E-17,0.790190124700874,
1.21272260028157));
#3314=CARTESIAN_POINT('',(-0.375,0.796259842519685,1.20757253667773));
#3315=CARTESIAN_POINT('Origin',(0.1,0.798808877022775,1.17746406805561));
#3316=CARTESIAN_POINT('',(0.1,0.796259842519685,1.2383383332404));
#3317=CARTESIAN_POINT('Origin',(0.790190124700874,0.,1.21272260028157));
#3318=CARTESIAN_POINT('',(0.796259842519685,0.375,1.20757253667773));
#3319=CARTESIAN_POINT('Origin',(0.798808877022775,-0.1,1.17746406805561));
#3320=CARTESIAN_POINT('',(0.796259842519685,-0.1,1.2383383332404));
#3321=CARTESIAN_POINT('Origin',(1.25,-1.52983487645199E-16,1.2467125984252));
#3322=CARTESIAN_POINT('',(1.39108544398363,-0.206385313178873,1.2567125984252));
#3323=CARTESIAN_POINT('',(1.37979860846494,-0.189874488124563,1.2367125984252));
#3324=CARTESIAN_POINT('',(1.39108544398363,-0.206385313178873,1.2567125984252));
#3325=CARTESIAN_POINT('',(1.37979860846494,0.189874488124563,1.2367125984252));
#3326=CARTESIAN_POINT('Origin',(1.25,-1.52983487645199E-16,1.2367125984252));
#3327=CARTESIAN_POINT('',(1.39108544398363,0.206385313178872,1.2567125984252));
#3328=CARTESIAN_POINT('',(1.37979860846494,0.189874488124563,1.2367125984252));
#3329=CARTESIAN_POINT('Origin',(1.25,-1.52983487645199E-16,1.2567125984252));
#3330=CARTESIAN_POINT('Origin',(0.780907607281242,-0.611390929676811,1.2467125984252));
#3331=CARTESIAN_POINT('',(1.03391455601637,-0.450548100398213,1.2567125984252));
#3332=CARTESIAN_POINT('',(1.02262772049768,-0.434037275343904,1.2367125984252));
#3333=CARTESIAN_POINT('',(1.03391455601637,-0.450548100398213,1.2567125984252));
#3334=CARTESIAN_POINT('',(0.775264189521897,-0.603135517149656,1.2367125984252));
#3335=CARTESIAN_POINT('',(0.786551025040587,-0.619646342203966,1.2567125984252));
#3336=CARTESIAN_POINT('Origin',(1.175,-0.656933413577086,1.2467125984252));
#3337=CARTESIAN_POINT('',(0.924999999999999,-0.656933413577086,1.2567125984252));
#3338=CARTESIAN_POINT('',(0.905,-0.656933413577086,1.2367125984252));
#3339=CARTESIAN_POINT('',(0.924999999999999,-0.656933413577086,1.2567125984252));
#3340=CARTESIAN_POINT('Origin',(1.175,-0.656933413577086,1.2367125984252));
#3341=CARTESIAN_POINT('Origin',(1.175,-0.656933413577086,1.2567125984252));
#3342=CARTESIAN_POINT('Origin',(0.914999999999999,-0.375,1.2467125984252));
#3343=CARTESIAN_POINT('',(0.924999999999999,-0.75,1.2567125984252));
#3344=CARTESIAN_POINT('',(0.904999999999999,-0.75,1.2367125984252));
#3345=CARTESIAN_POINT('',(0.924999999999999,-0.75,1.2567125984252));
#3346=CARTESIAN_POINT('',(0.904999999999999,-0.375,1.2367125984252));
#3347=CARTESIAN_POINT('',(0.924999999999999,-0.375,1.2567125984252));
#3348=CARTESIAN_POINT('Origin',(0.75,-0.750000000000001,1.2467125984252));
#3349=CARTESIAN_POINT('',(0.75,-0.925,1.2567125984252));
#3350=CARTESIAN_POINT('',(0.75,-0.905,1.2367125984252));
#3351=CARTESIAN_POINT('',(0.75,-0.925,1.2567125984252));
#3352=CARTESIAN_POINT('Origin',(0.75,-0.750000000000001,1.2367125984252));
#3353=CARTESIAN_POINT('Origin',(0.75,-0.750000000000001,1.2567125984252));
#3354=CARTESIAN_POINT('Origin',(-0.375,-0.915,1.2467125984252));
#3355=CARTESIAN_POINT('',(-0.75,-0.925,1.2567125984252));
#3356=CARTESIAN_POINT('',(-0.75,-0.905,1.2367125984252));
#3357=CARTESIAN_POINT('',(-0.75,-0.925,1.2567125984252));
#3358=CARTESIAN_POINT('',(-0.375,-0.905,1.2367125984252));
#3359=CARTESIAN_POINT('',(-0.375,-0.925,1.2567125984252));
#3360=CARTESIAN_POINT('Origin',(-0.75,-0.75,1.2467125984252));
#3361=CARTESIAN_POINT('',(-0.925,-0.75,1.2567125984252));
#3362=CARTESIAN_POINT('',(-0.905,-0.75,1.2367125984252));
#3363=CARTESIAN_POINT('',(-0.925,-0.75,1.2567125984252));
#3364=CARTESIAN_POINT('Origin',(-0.75,-0.75,1.2367125984252));
#3365=CARTESIAN_POINT('Origin',(-0.75,-0.75,1.2567125984252));
#3366=CARTESIAN_POINT('Origin',(-0.915,-0.328466706788543,1.2467125984252));
#3367=CARTESIAN_POINT('',(-0.925,-0.656933413577085,1.2567125984252));
#3368=CARTESIAN_POINT('',(-0.905,-0.656933413577085,1.2367125984252));
#3369=CARTESIAN_POINT('',(-0.925,-0.656933413577085,1.2567125984252));
#3370=CARTESIAN_POINT('',(-0.905,-0.328466706788543,1.2367125984252));
#3371=CARTESIAN_POINT('',(-0.925,-0.328466706788543,1.2567125984252));
#3372=CARTESIAN_POINT('Origin',(-1.175,-0.656933413577086,1.2467125984252));
#3373=CARTESIAN_POINT('',(-1.03391455601637,-0.450548100398213,1.2567125984252));
#3374=CARTESIAN_POINT('',(-1.02262772049768,-0.434037275343903,1.2367125984252));
#3375=CARTESIAN_POINT('',(-1.03391455601637,-0.450548100398213,1.2567125984252));
#3376=CARTESIAN_POINT('Origin',(-1.175,-0.656933413577086,1.2367125984252));
#3377=CARTESIAN_POINT('Origin',(-1.175,-0.656933413577086,1.2567125984252));
#3378=CARTESIAN_POINT('Origin',(-0.959493051264875,-0.489309536067141,1.2467125984252));
#3379=CARTESIAN_POINT('',(-1.39108544398363,-0.206385313178873,1.2567125984252));
#3380=CARTESIAN_POINT('',(-1.37979860846494,-0.189874488124563,1.2367125984252));
#3381=CARTESIAN_POINT('',(-1.39108544398363,-0.206385313178873,1.2567125984252));
#3382=CARTESIAN_POINT('',(-0.95384963350553,-0.481054123539986,1.2367125984252));
#3383=CARTESIAN_POINT('',(-0.96513646902422,-0.497564948594296,1.2567125984252));
#3384=CARTESIAN_POINT('Origin',(-1.25,-1.45698559662094E-16,1.2467125984252));
#3385=CARTESIAN_POINT('',(-1.39108544398363,0.206385313178872,1.2567125984252));
#3386=CARTESIAN_POINT('',(-1.37979860846494,0.189874488124562,1.2367125984252));
#3387=CARTESIAN_POINT('',(-1.39108544398363,0.206385313178872,1.2567125984252));
#3388=CARTESIAN_POINT('Origin',(-1.25,-1.45698559662094E-16,1.2367125984252));
#3389=CARTESIAN_POINT('Origin',(-1.25,-1.45698559662094E-16,1.2567125984252));
#3390=CARTESIAN_POINT('Origin',(-0.780907607281243,0.611390929676811,1.2467125984252));
#3391=CARTESIAN_POINT('',(-1.03391455601637,0.450548100398213,1.2567125984252));
#3392=CARTESIAN_POINT('',(-1.02262772049768,0.434037275343903,1.2367125984252));
#3393=CARTESIAN_POINT('',(-1.03391455601637,0.450548100398213,1.2567125984252));
#3394=CARTESIAN_POINT('',(-0.775264189521897,0.603135517149656,1.2367125984252));
#3395=CARTESIAN_POINT('',(-0.786551025040588,0.619646342203966,1.2567125984252));
#3396=CARTESIAN_POINT('Origin',(-1.175,0.656933413577085,1.2467125984252));
#3397=CARTESIAN_POINT('',(-0.925,0.656933413577085,1.2567125984252));
#3398=CARTESIAN_POINT('',(-0.905,0.656933413577085,1.2367125984252));
#3399=CARTESIAN_POINT('',(-0.925,0.656933413577085,1.2567125984252));
#3400=CARTESIAN_POINT('Origin',(-1.175,0.656933413577085,1.2367125984252));
#3401=CARTESIAN_POINT('Origin',(-1.175,0.656933413577085,1.2567125984252));
#3402=CARTESIAN_POINT('Origin',(-0.915,0.375,1.2467125984252));
#3403=CARTESIAN_POINT('',(-0.925,0.75,1.2567125984252));
#3404=CARTESIAN_POINT('',(-0.905,0.75,1.2367125984252));
#3405=CARTESIAN_POINT('',(-0.925,0.75,1.2567125984252));
#3406=CARTESIAN_POINT('',(-0.905,0.375,1.2367125984252));
#3407=CARTESIAN_POINT('',(-0.925,0.375,1.2567125984252));
#3408=CARTESIAN_POINT('Origin',(-0.75,0.75,1.2467125984252));
#3409=CARTESIAN_POINT('',(-0.75,0.925,1.2567125984252));
#3410=CARTESIAN_POINT('',(-0.75,0.905,1.2367125984252));
#3411=CARTESIAN_POINT('',(-0.75,0.925,1.2567125984252));
#3412=CARTESIAN_POINT('Origin',(-0.75,0.75,1.2367125984252));
#3413=CARTESIAN_POINT('Origin',(-0.75,0.75,1.2567125984252));
#3414=CARTESIAN_POINT('Origin',(0.375,0.915,1.2467125984252));
#3415=CARTESIAN_POINT('',(0.75,0.925,1.2567125984252));
#3416=CARTESIAN_POINT('',(0.75,0.905,1.2367125984252));
#3417=CARTESIAN_POINT('',(0.75,0.925,1.2567125984252));
#3418=CARTESIAN_POINT('',(0.375,0.905,1.2367125984252));
#3419=CARTESIAN_POINT('',(0.375,0.925,1.2567125984252));
#3420=CARTESIAN_POINT('Origin',(0.75,0.75,1.2467125984252));
#3421=CARTESIAN_POINT('',(0.925,0.75,1.2567125984252));
#3422=CARTESIAN_POINT('',(0.905,0.75,1.2367125984252));
#3423=CARTESIAN_POINT('',(0.925,0.75,1.2567125984252));
#3424=CARTESIAN_POINT('Origin',(0.75,0.75,1.2367125984252));
#3425=CARTESIAN_POINT('Origin',(0.75,0.75,1.2567125984252));
#3426=CARTESIAN_POINT('Origin',(0.915,0.328466706788543,1.2467125984252));
#3427=CARTESIAN_POINT('',(0.925,0.656933413577086,1.2567125984252));
#3428=CARTESIAN_POINT('',(0.905,0.656933413577086,1.2367125984252));
#3429=CARTESIAN_POINT('',(0.925,0.656933413577086,1.2567125984252));
#3430=CARTESIAN_POINT('',(0.905,0.328466706788543,1.2367125984252));
#3431=CARTESIAN_POINT('',(0.925,0.328466706788543,1.2567125984252));
#3432=CARTESIAN_POINT('Origin',(1.175,0.656933413577085,1.2467125984252));
#3433=CARTESIAN_POINT('',(1.03391455601637,0.450548100398213,1.2567125984252));
#3434=CARTESIAN_POINT('',(1.02262772049768,0.434037275343903,1.2367125984252));
#3435=CARTESIAN_POINT('',(1.03391455601637,0.450548100398213,1.2567125984252));
#3436=CARTESIAN_POINT('Origin',(1.175,0.656933413577085,1.2367125984252));
#3437=CARTESIAN_POINT('Origin',(1.175,0.656933413577085,1.2567125984252));
#3438=CARTESIAN_POINT('Origin',(0.959493051264875,0.48930953606714,1.2467125984252));
#3439=CARTESIAN_POINT('',(0.95384963350553,0.481054123539986,1.2367125984252));
#3440=CARTESIAN_POINT('',(0.965136469024221,0.497564948594295,1.2567125984252));
#3441=CARTESIAN_POINT('Origin',(-1.39108544398363,-0.206385313178873,1.2992125984252));
#3442=CARTESIAN_POINT('',(-1.03391455601637,-0.450548100398213,1.3992125984252));
#3443=CARTESIAN_POINT('',(-1.03391455601637,-0.450548100398213,1.2992125984252));
#3444=CARTESIAN_POINT('',(-1.39108544398363,-0.206385313178873,1.3992125984252));
#3445=CARTESIAN_POINT('',(-1.39108544398363,-0.206385313178873,1.3992125984252));
#3446=CARTESIAN_POINT('',(-1.39108544398363,-0.206385313178873,1.2992125984252));
#3447=CARTESIAN_POINT('Origin',(-1.175,-0.656933413577086,1.2992125984252));
#3448=CARTESIAN_POINT('',(-0.925,-0.656933413577085,1.3992125984252));
#3449=CARTESIAN_POINT('',(-0.925,-0.656933413577085,1.2992125984252));
#3450=CARTESIAN_POINT('Origin',(-1.175,-0.656933413577086,1.3992125984252));
#3451=CARTESIAN_POINT('Origin',(-0.925,-0.656933413577085,1.2992125984252));
#3452=CARTESIAN_POINT('',(-0.925,-0.75,1.3992125984252));
#3453=CARTESIAN_POINT('',(-0.925,-0.75,1.2992125984252));
#3454=CARTESIAN_POINT('',(-0.925,-0.656933413577085,1.3992125984252));
#3455=CARTESIAN_POINT('Origin',(-0.75,-0.75,1.2992125984252));
#3456=CARTESIAN_POINT('',(-0.75,-0.925,1.3992125984252));
#3457=CARTESIAN_POINT('',(-0.75,-0.925,1.2992125984252));
#3458=CARTESIAN_POINT('Origin',(-0.75,-0.75,1.3992125984252));
#3459=CARTESIAN_POINT('Origin',(-0.75,-0.925,1.2992125984252));
#3460=CARTESIAN_POINT('',(0.75,-0.925,1.3992125984252));
#3461=CARTESIAN_POINT('',(0.75,-0.925,1.2992125984252));
#3462=CARTESIAN_POINT('',(-0.75,-0.925,1.3992125984252));
#3463=CARTESIAN_POINT('Origin',(0.75,-0.750000000000001,1.2992125984252));
#3464=CARTESIAN_POINT('',(0.924999999999999,-0.75,1.3992125984252));
#3465=CARTESIAN_POINT('',(0.924999999999999,-0.75,1.2992125984252));
#3466=CARTESIAN_POINT('Origin',(0.75,-0.750000000000001,1.3992125984252));
#3467=CARTESIAN_POINT('Origin',(0.924999999999999,-0.75,1.2992125984252));
#3468=CARTESIAN_POINT('',(0.924999999999999,-0.656933413577086,1.3992125984252));
#3469=CARTESIAN_POINT('',(0.924999999999999,-0.656933413577086,1.2992125984252));
#3470=CARTESIAN_POINT('',(0.924999999999999,-0.75,1.3992125984252));
#3471=CARTESIAN_POINT('Origin',(1.175,-0.656933413577086,1.2992125984252));
#3472=CARTESIAN_POINT('',(1.03391455601637,-0.450548100398213,1.3992125984252));
#3473=CARTESIAN_POINT('',(1.03391455601637,-0.450548100398213,1.2992125984252));
#3474=CARTESIAN_POINT('Origin',(1.175,-0.656933413577086,1.3992125984252));
#3475=CARTESIAN_POINT('Origin',(1.03391455601637,-0.450548100398213,1.2992125984252));
#3476=CARTESIAN_POINT('',(1.39108544398363,-0.206385313178873,1.3992125984252));
#3477=CARTESIAN_POINT('',(1.39108544398363,-0.206385313178873,1.2992125984252));
#3478=CARTESIAN_POINT('',(1.39108544398363,-0.206385313178873,1.3992125984252));
#3479=CARTESIAN_POINT('Origin',(1.25,-1.52983487645199E-16,1.2992125984252));
#3480=CARTESIAN_POINT('',(1.39108544398363,0.206385313178872,1.3992125984252));
#3481=CARTESIAN_POINT('',(1.39108544398363,0.206385313178872,1.2992125984252));
#3482=CARTESIAN_POINT('Origin',(1.25,-1.52983487645199E-16,1.3992125984252));
#3483=CARTESIAN_POINT('Origin',(0.,0.,1.2367125984252));
#3484=CARTESIAN_POINT('',(1.34874015748031,-3.80029726051455E-16,1.2367125984252));
#3485=CARTESIAN_POINT('Origin',(1.25,-3.67937544270897E-16,1.2367125984252));
#3486=CARTESIAN_POINT('',(-1.15125984251968,-1.57790741442651E-16,1.2367125984252));
#3487=CARTESIAN_POINT('Origin',(-1.25,-1.45698559662094E-16,1.2367125984252));
#3488=CARTESIAN_POINT('',(-0.75,0.895,1.2367125984252));
#3489=CARTESIAN_POINT('',(0.75,0.895,1.2367125984252));
#3490=CARTESIAN_POINT('',(0.375,0.895,1.2367125984252));
#3491=CARTESIAN_POINT('',(-0.895,0.75,1.2367125984252));
#3492=CARTESIAN_POINT('Origin',(-0.75,0.75,1.2367125984252));
#3493=CARTESIAN_POINT('',(-0.895,-0.75,1.2367125984252));
#3494=CARTESIAN_POINT('',(-0.895,0.375,1.2367125984252));
#3495=CARTESIAN_POINT('',(-0.75,-0.895,1.2367125984252));
#3496=CARTESIAN_POINT('Origin',(-0.75,-0.75,1.2367125984252));
#3497=CARTESIAN_POINT('',(0.75,-0.895,1.2367125984252));
#3498=CARTESIAN_POINT('',(-0.375,-0.895,1.2367125984252));
#3499=CARTESIAN_POINT('',(0.895,-0.75,1.2367125984252));
#3500=CARTESIAN_POINT('Origin',(0.75,-0.750000000000001,1.2367125984252));
#3501=CARTESIAN_POINT('',(0.895,0.75,1.2367125984252));
#3502=CARTESIAN_POINT('',(0.895,-0.375,1.2367125984252));
#3503=CARTESIAN_POINT('Origin',(0.75,0.75,1.2367125984252));
#3504=CARTESIAN_POINT('Origin',(1.25,-3.67937544270897E-16,1.2467125984252));
#3505=CARTESIAN_POINT('',(1.32874015748031,-3.58294656088635E-16,1.2567125984252));
#3506=CARTESIAN_POINT('',(1.33874015748031,-3.78805079252307E-16,1.2467125984252));
#3507=CARTESIAN_POINT('Origin',(1.25,-3.67937544270897E-16,1.2567125984252));
#3508=CARTESIAN_POINT('Origin',(1.25,-3.67937544270897E-16,1.2992125984252));
#3509=CARTESIAN_POINT('',(1.32874015748031,-3.58294656088635E-16,1.3992125984252));
#3510=CARTESIAN_POINT('Origin',(1.25,-3.67937544270897E-16,1.3992125984252));
#3511=CARTESIAN_POINT('',(1.32874015748031,-3.58294656088635E-16,1.2992125984252));
#3512=CARTESIAN_POINT('Origin',(0.375,0.885,1.2467125984252));
#3513=CARTESIAN_POINT('',(-0.75,0.875,1.2567125984252));
#3514=CARTESIAN_POINT('',(-0.75,0.875,1.2567125984252));
#3515=CARTESIAN_POINT('',(0.75,0.875,1.2567125984252));
#3516=CARTESIAN_POINT('',(0.75,0.895,1.2367125984252));
#3517=CARTESIAN_POINT('',(0.375,0.875,1.2567125984252));
#3518=CARTESIAN_POINT('Origin',(-0.75,0.75,1.2467125984252));
#3519=CARTESIAN_POINT('',(-0.875,0.75,1.2567125984252));
#3520=CARTESIAN_POINT('',(-0.875,0.75,1.2567125984252));
#3521=CARTESIAN_POINT('Origin',(-0.75,0.75,1.2567125984252));
#3522=CARTESIAN_POINT('Origin',(-0.885,0.375,1.2467125984252));
#3523=CARTESIAN_POINT('',(-0.875,-0.75,1.2567125984252));
#3524=CARTESIAN_POINT('',(-0.875,-0.75,1.2567125984252));
#3525=CARTESIAN_POINT('',(-0.875,0.375,1.2567125984252));
#3526=CARTESIAN_POINT('Origin',(-0.75,-0.75,1.2467125984252));
#3527=CARTESIAN_POINT('',(-0.75,-0.875,1.2567125984252));
#3528=CARTESIAN_POINT('',(-0.75,-0.875,1.2567125984252));
#3529=CARTESIAN_POINT('Origin',(-0.75,-0.75,1.2567125984252));
#3530=CARTESIAN_POINT('Origin',(-0.375,-0.885,1.2467125984252));
#3531=CARTESIAN_POINT('',(0.75,-0.875,1.2567125984252));
#3532=CARTESIAN_POINT('',(0.75,-0.875,1.2567125984252));
#3533=CARTESIAN_POINT('',(-0.375,-0.875,1.2567125984252));
#3534=CARTESIAN_POINT('Origin',(0.75,-0.750000000000001,1.2467125984252));
#3535=CARTESIAN_POINT('',(0.875,-0.75,1.2567125984252));
#3536=CARTESIAN_POINT('',(0.875,-0.75,1.2567125984252));
#3537=CARTESIAN_POINT('Origin',(0.75,-0.750000000000001,1.2567125984252));
#3538=CARTESIAN_POINT('Origin',(0.885,-0.375,1.2467125984252));
#3539=CARTESIAN_POINT('',(0.875,0.75,1.2567125984252));
#3540=CARTESIAN_POINT('',(0.875,0.75,1.2567125984252));
#3541=CARTESIAN_POINT('',(0.875,-0.375,1.2567125984252));
#3542=CARTESIAN_POINT('Origin',(0.75,0.75,1.2467125984252));
#3543=CARTESIAN_POINT('Origin',(0.75,0.75,1.2567125984252));
#3544=CARTESIAN_POINT('Origin',(-0.75,-0.75,1.2992125984252));
#3545=CARTESIAN_POINT('',(-0.875,-0.75,1.2992125984252));
#3546=CARTESIAN_POINT('',(-0.875,-0.75,1.2992125984252));
#3547=CARTESIAN_POINT('',(-0.75,-0.875,1.2992125984252));
#3548=CARTESIAN_POINT('Origin',(-0.75,-0.75,1.2992125984252));
#3549=CARTESIAN_POINT('',(-0.75,-0.875,1.2992125984252));
#3550=CARTESIAN_POINT('Origin',(-0.875,0.75,1.2992125984252));
#3551=CARTESIAN_POINT('',(-0.875,0.75,1.2992125984252));
#3552=CARTESIAN_POINT('',(-0.875,0.75,1.2992125984252));
#3553=CARTESIAN_POINT('',(-0.875,0.375,1.2992125984252));
#3554=CARTESIAN_POINT('Origin',(-0.75,0.75,1.2992125984252));
#3555=CARTESIAN_POINT('',(-0.75,0.875,1.2992125984252));
#3556=CARTESIAN_POINT('',(-0.75,0.875,1.2992125984252));
#3557=CARTESIAN_POINT('Origin',(-0.75,0.75,1.2992125984252));
#3558=CARTESIAN_POINT('Origin',(0.75,0.875,1.2992125984252));
#3559=CARTESIAN_POINT('',(0.75,0.875,1.2992125984252));
#3560=CARTESIAN_POINT('',(0.75,0.875,1.2992125984252));
#3561=CARTESIAN_POINT('',(0.375,0.875,1.2992125984252));
#3562=CARTESIAN_POINT('Origin',(-1.25,-1.45698559662094E-16,1.2467125984252));
#3563=CARTESIAN_POINT('',(-1.17125984251968,-1.36055671479831E-16,1.2567125984252));
#3564=CARTESIAN_POINT('',(-1.16125984251968,-1.56566094643504E-16,1.2467125984252));
#3565=CARTESIAN_POINT('Origin',(-1.25,-1.45698559662094E-16,1.2567125984252));
#3566=CARTESIAN_POINT('Origin',(-1.25,-1.45698559662094E-16,1.2992125984252));
#3567=CARTESIAN_POINT('',(-1.17125984251968,-1.36055671479831E-16,1.3992125984252));
#3568=CARTESIAN_POINT('Origin',(-1.25,-1.45698559662094E-16,1.3992125984252));
#3569=CARTESIAN_POINT('',(-1.17125984251968,-1.36055671479831E-16,1.2992125984252));
#3570=CARTESIAN_POINT('Origin',(0.75,0.75,1.1092125984252));
#3571=CARTESIAN_POINT('',(0.796259842519685,0.75,1.1192125984252));
#3572=CARTESIAN_POINT('',(0.776259842519685,0.75,1.0992125984252));
#3573=CARTESIAN_POINT('',(0.796259842519685,0.75,1.1192125984252));
#3574=CARTESIAN_POINT('',(0.75,0.776259842519685,1.0992125984252));
#3575=CARTESIAN_POINT('Origin',(0.75,0.75,1.0992125984252));
#3576=CARTESIAN_POINT('',(0.75,0.796259842519685,1.1192125984252));
#3577=CARTESIAN_POINT('',(0.75,0.776259842519685,1.0992125984252));
#3578=CARTESIAN_POINT('Origin',(0.75,0.75,1.1192125984252));
#3579=CARTESIAN_POINT('Origin',(0.786259842519685,0.375,1.1092125984252));
#3580=CARTESIAN_POINT('',(0.796259842519685,-0.75,1.1192125984252));
#3581=CARTESIAN_POINT('',(0.776259842519685,-0.75,1.0992125984252));
#3582=CARTESIAN_POINT('',(0.796259842519685,-0.75,1.1192125984252));
#3583=CARTESIAN_POINT('',(0.776259842519685,0.375,1.0992125984252));
#3584=CARTESIAN_POINT('',(0.796259842519685,0.375,1.1192125984252));
#3585=CARTESIAN_POINT('Origin',(0.75,-0.750000000000001,1.1092125984252));
#3586=CARTESIAN_POINT('',(0.75,-0.796259842519685,1.1192125984252));
#3587=CARTESIAN_POINT('',(0.75,-0.776259842519685,1.0992125984252));
#3588=CARTESIAN_POINT('',(0.75,-0.796259842519685,1.1192125984252));
#3589=CARTESIAN_POINT('Origin',(0.75,-0.750000000000001,1.0992125984252));
#3590=CARTESIAN_POINT('Origin',(0.75,-0.750000000000001,1.1192125984252));
#3591=CARTESIAN_POINT('Origin',(0.375,-0.786259842519685,1.1092125984252));
#3592=CARTESIAN_POINT('',(-0.75,-0.796259842519685,1.1192125984252));
#3593=CARTESIAN_POINT('',(-0.75,-0.776259842519685,1.0992125984252));
#3594=CARTESIAN_POINT('',(-0.75,-0.796259842519685,1.1192125984252));
#3595=CARTESIAN_POINT('',(0.375,-0.776259842519685,1.0992125984252));
#3596=CARTESIAN_POINT('',(0.375,-0.796259842519685,1.1192125984252));
#3597=CARTESIAN_POINT('Origin',(-0.75,-0.75,1.1092125984252));
#3598=CARTESIAN_POINT('',(-0.796259842519685,-0.75,1.1192125984252));
#3599=CARTESIAN_POINT('',(-0.776259842519685,-0.75,1.0992125984252));
#3600=CARTESIAN_POINT('',(-0.796259842519685,-0.75,1.1192125984252));
#3601=CARTESIAN_POINT('Origin',(-0.75,-0.75,1.0992125984252));
#3602=CARTESIAN_POINT('Origin',(-0.75,-0.75,1.1192125984252));
#3603=CARTESIAN_POINT('Origin',(-0.786259842519685,-0.375,1.1092125984252));
#3604=CARTESIAN_POINT('',(-0.796259842519685,0.75,1.1192125984252));
#3605=CARTESIAN_POINT('',(-0.776259842519685,0.75,1.0992125984252));
#3606=CARTESIAN_POINT('',(-0.796259842519685,0.75,1.1192125984252));
#3607=CARTESIAN_POINT('',(-0.776259842519685,-0.375,1.0992125984252));
#3608=CARTESIAN_POINT('',(-0.796259842519685,-0.375,1.1192125984252));
#3609=CARTESIAN_POINT('Origin',(-0.75,0.75,1.1092125984252));
#3610=CARTESIAN_POINT('',(-0.75,0.796259842519685,1.1192125984252));
#3611=CARTESIAN_POINT('',(-0.75,0.776259842519685,1.0992125984252));
#3612=CARTESIAN_POINT('',(-0.75,0.796259842519685,1.1192125984252));
#3613=CARTESIAN_POINT('Origin',(-0.75,0.75,1.0992125984252));
#3614=CARTESIAN_POINT('Origin',(-0.75,0.75,1.1192125984252));
#3615=CARTESIAN_POINT('Origin',(-0.375,0.786259842519685,1.1092125984252));
#3616=CARTESIAN_POINT('',(-0.375,0.776259842519685,1.0992125984252));
#3617=CARTESIAN_POINT('',(-0.375,0.796259842519685,1.1192125984252));
#3618=CARTESIAN_POINT('Origin',(0.75,-0.796259842519685,1.2992125984252));
#3619=CARTESIAN_POINT('',(0.75,-0.796259842519685,1.2992125984252));
#3620=CARTESIAN_POINT('',(0.75,-0.796259842519685,1.2992125984252));
#3621=CARTESIAN_POINT('',(-0.75,-0.796259842519685,1.2992125984252));
#3622=CARTESIAN_POINT('',(0.375,-0.796259842519685,1.2992125984252));
#3623=CARTESIAN_POINT('',(-0.75,-0.796259842519685,1.2992125984252));
#3624=CARTESIAN_POINT('Origin',(0.75,-0.750000000000001,1.2992125984252));
#3625=CARTESIAN_POINT('',(0.796259842519685,-0.75,1.2992125984252));
#3626=CARTESIAN_POINT('',(0.796259842519685,-0.75,1.2992125984252));
#3627=CARTESIAN_POINT('Origin',(0.75,-0.750000000000001,1.2992125984252));
#3628=CARTESIAN_POINT('Origin',(0.796259842519685,0.75,1.2992125984252));
#3629=CARTESIAN_POINT('',(0.796259842519685,0.75,1.2992125984252));
#3630=CARTESIAN_POINT('',(0.796259842519685,0.75,1.2992125984252));
#3631=CARTESIAN_POINT('',(0.796259842519685,0.375,1.2992125984252));
#3632=CARTESIAN_POINT('Origin',(0.75,0.75,1.2992125984252));
#3633=CARTESIAN_POINT('',(0.75,0.796259842519685,1.2992125984252));
#3634=CARTESIAN_POINT('',(0.75,0.796259842519685,1.2992125984252));
#3635=CARTESIAN_POINT('Origin',(0.75,0.75,1.2992125984252));
#3636=CARTESIAN_POINT('Origin',(0.,0.,1.0992125984252));
#3637=CARTESIAN_POINT('',(0.753759842519685,-0.753759842519685,1.0992125984252));
#3638=CARTESIAN_POINT('',(-0.753759842519685,-0.753759842519685,1.0992125984252));
#3639=CARTESIAN_POINT('',(-0.366879921259842,-0.753759842519685,1.0992125984252));
#3640=CARTESIAN_POINT('',(0.753759842519685,0.753759842519685,1.0992125984252));
#3641=CARTESIAN_POINT('',(0.753759842519685,-0.366879921259843,1.0992125984252));
#3642=CARTESIAN_POINT('',(-0.753759842519685,0.753759842519685,1.0992125984252));
#3643=CARTESIAN_POINT('',(0.366879921259842,0.753759842519685,1.0992125984252));
#3644=CARTESIAN_POINT('',(-0.753759842519685,0.366879921259842,1.0992125984252));
#3645=CARTESIAN_POINT('Origin',(-0.366879921259842,-0.743759842519685,1.1092125984252));
#3646=CARTESIAN_POINT('',(-0.733759842519685,-0.733759842519685,1.1192125984252));
#3647=CARTESIAN_POINT('',(-0.753759842519685,-0.753759842519685,1.0992125984252));
#3648=CARTESIAN_POINT('',(0.733759842519685,-0.733759842519685,1.1192125984252));
#3649=CARTESIAN_POINT('',(-0.366879921259842,-0.733759842519685,1.1192125984252));
#3650=CARTESIAN_POINT('',(0.753759842519685,-0.753759842519685,1.0992125984252));
#3651=CARTESIAN_POINT('Origin',(-0.743759842519685,0.366879921259842,1.1092125984252));
#3652=CARTESIAN_POINT('',(-0.733759842519685,0.733759842519685,1.1192125984252));
#3653=CARTESIAN_POINT('',(-0.753759842519685,0.753759842519685,1.0992125984252));
#3654=CARTESIAN_POINT('',(-0.733759842519685,0.366879921259842,1.1192125984252));
#3655=CARTESIAN_POINT('Origin',(0.366879921259842,0.743759842519685,1.1092125984252));
#3656=CARTESIAN_POINT('',(0.733759842519685,0.733759842519685,1.1192125984252));
#3657=CARTESIAN_POINT('',(0.753759842519685,0.753759842519685,1.0992125984252));
#3658=CARTESIAN_POINT('',(0.366879921259842,0.733759842519685,1.1192125984252));
#3659=CARTESIAN_POINT('Origin',(0.743759842519685,-0.366879921259843,1.1092125984252));
#3660=CARTESIAN_POINT('',(0.733759842519685,-0.366879921259843,1.1192125984252));
#3661=CARTESIAN_POINT('Origin',(0.733759842519685,-0.733759842519685,1.2992125984252));
#3662=CARTESIAN_POINT('',(0.733759842519685,-0.733759842519685,1.2992125984252));
#3663=CARTESIAN_POINT('',(0.733759842519685,-0.733759842519685,1.2992125984252));
#3664=CARTESIAN_POINT('',(0.733759842519685,0.733759842519685,1.2992125984252));
#3665=CARTESIAN_POINT('',(0.733759842519685,-0.366879921259843,1.2992125984252));
#3666=CARTESIAN_POINT('',(0.733759842519685,0.733759842519685,1.2992125984252));
#3667=CARTESIAN_POINT('Origin',(-0.733759842519685,-0.733759842519685,1.2992125984252));
#3668=CARTESIAN_POINT('',(-0.733759842519685,-0.733759842519685,1.2992125984252));
#3669=CARTESIAN_POINT('',(-0.733759842519685,-0.733759842519685,1.2992125984252));
#3670=CARTESIAN_POINT('',(-0.366879921259842,-0.733759842519685,1.2992125984252));
#3671=CARTESIAN_POINT('Origin',(-0.733759842519685,0.733759842519685,1.2992125984252));
#3672=CARTESIAN_POINT('',(-0.733759842519685,0.733759842519685,1.2992125984252));
#3673=CARTESIAN_POINT('',(-0.733759842519685,0.733759842519685,1.2992125984252));
#3674=CARTESIAN_POINT('',(-0.733759842519685,0.366879921259842,1.2992125984252));
#3675=CARTESIAN_POINT('Origin',(0.733759842519685,0.733759842519685,1.2992125984252));
#3676=CARTESIAN_POINT('',(0.366879921259842,0.733759842519685,1.2992125984252));
#3677=CARTESIAN_POINT('Origin',(-0.75,0.796259842519685,1.2992125984252));
#3678=CARTESIAN_POINT('',(-0.75,0.796259842519685,1.2992125984252));
#3679=CARTESIAN_POINT('',(-0.75,0.796259842519685,1.2992125984252));
#3680=CARTESIAN_POINT('',(-0.375,0.796259842519685,1.2992125984252));
#3681=CARTESIAN_POINT('Origin',(-0.75,0.75,1.2992125984252));
#3682=CARTESIAN_POINT('',(-0.796259842519685,0.75,1.2992125984252));
#3683=CARTESIAN_POINT('',(-0.796259842519685,0.75,1.2992125984252));
#3684=CARTESIAN_POINT('Origin',(-0.75,0.75,1.2992125984252));
#3685=CARTESIAN_POINT('Origin',(-0.796259842519685,-0.75,1.2992125984252));
#3686=CARTESIAN_POINT('',(-0.796259842519685,-0.75,1.2992125984252));
#3687=CARTESIAN_POINT('',(-0.796259842519685,-0.75,1.2992125984252));
#3688=CARTESIAN_POINT('',(-0.796259842519685,-0.375,1.2992125984252));
#3689=CARTESIAN_POINT('Origin',(-0.75,-0.75,1.2992125984252));
#3690=CARTESIAN_POINT('Origin',(-0.75,-0.75,1.2992125984252));
#3691=CARTESIAN_POINT('Origin',(0.,0.,1.2992125984252));
#3692=CARTESIAN_POINT('',(0.875,0.75,1.2992125984252));
#3693=CARTESIAN_POINT('Origin',(0.75,0.75,1.2992125984252));
#3694=CARTESIAN_POINT('',(0.875,-0.75,1.2992125984252));
#3695=CARTESIAN_POINT('',(0.875,-0.375,1.2992125984252));
#3696=CARTESIAN_POINT('',(0.75,-0.875,1.2992125984252));
#3697=CARTESIAN_POINT('Origin',(0.75,-0.750000000000001,1.2992125984252));
#3698=CARTESIAN_POINT('',(-0.375,-0.875,1.2992125984252));
#3699=CARTESIAN_POINT('Origin',(0.75,0.75,1.2992125984252));
#3700=CARTESIAN_POINT('',(0.875,0.75,1.2992125984252));
#3701=CARTESIAN_POINT('Origin',(0.875,-0.75,1.2992125984252));
#3702=CARTESIAN_POINT('',(0.875,-0.75,1.2992125984252));
#3703=CARTESIAN_POINT('Origin',(0.75,-0.750000000000001,1.2992125984252));
#3704=CARTESIAN_POINT('',(0.75,-0.875,1.2992125984252));
#3705=CARTESIAN_POINT('Origin',(-0.75,-0.875,1.2992125984252));
#3706=CARTESIAN_POINT('Origin',(-1.25,-1.45698559662094E-16,1.2992125984252));
#3707=CARTESIAN_POINT('',(-1.39108544398363,0.206385313178872,1.3992125984252));
#3708=CARTESIAN_POINT('Origin',(-1.25,-1.45698559662094E-16,1.3992125984252));
#3709=CARTESIAN_POINT('',(-1.39108544398363,0.206385313178872,1.2992125984252));
#3710=CARTESIAN_POINT('Origin',(-1.03391455601637,0.450548100398213,1.2992125984252));
#3711=CARTESIAN_POINT('',(-1.03391455601637,0.450548100398213,1.3992125984252));
#3712=CARTESIAN_POINT('',(-1.39108544398363,0.206385313178872,1.3992125984252));
#3713=CARTESIAN_POINT('',(-1.03391455601637,0.450548100398213,1.2992125984252));
#3714=CARTESIAN_POINT('Origin',(-1.175,0.656933413577085,1.2992125984252));
#3715=CARTESIAN_POINT('',(-0.925,0.656933413577085,1.3992125984252));
#3716=CARTESIAN_POINT('Origin',(-1.175,0.656933413577085,1.3992125984252));
#3717=CARTESIAN_POINT('',(-0.925,0.656933413577085,1.2992125984252));
#3718=CARTESIAN_POINT('Origin',(-0.925,0.75,1.2992125984252));
#3719=CARTESIAN_POINT('',(-0.925,0.75,1.3992125984252));
#3720=CARTESIAN_POINT('',(-0.925,0.75,1.3992125984252));
#3721=CARTESIAN_POINT('',(-0.925,0.75,1.2992125984252));
#3722=CARTESIAN_POINT('Origin',(-0.75,0.75,1.2992125984252));
#3723=CARTESIAN_POINT('',(-0.75,0.925,1.3992125984252));
#3724=CARTESIAN_POINT('Origin',(-0.75,0.75,1.3992125984252));
#3725=CARTESIAN_POINT('',(-0.75,0.925,1.2992125984252));
#3726=CARTESIAN_POINT('Origin',(0.75,0.925,1.2992125984252));
#3727=CARTESIAN_POINT('',(0.75,0.925,1.3992125984252));
#3728=CARTESIAN_POINT('',(0.75,0.925,1.3992125984252));
#3729=CARTESIAN_POINT('',(0.75,0.925,1.2992125984252));
#3730=CARTESIAN_POINT('Origin',(0.75,0.75,1.2992125984252));
#3731=CARTESIAN_POINT('',(0.925,0.75,1.3992125984252));
#3732=CARTESIAN_POINT('Origin',(0.75,0.75,1.3992125984252));
#3733=CARTESIAN_POINT('',(0.925,0.75,1.2992125984252));
#3734=CARTESIAN_POINT('Origin',(0.925,0.656933413577086,1.2992125984252));
#3735=CARTESIAN_POINT('',(0.925,0.656933413577086,1.3992125984252));
#3736=CARTESIAN_POINT('',(0.925,0.656933413577086,1.3992125984252));
#3737=CARTESIAN_POINT('',(0.925,0.656933413577086,1.2992125984252));
#3738=CARTESIAN_POINT('Origin',(1.175,0.656933413577085,1.2992125984252));
#3739=CARTESIAN_POINT('',(1.03391455601637,0.450548100398213,1.3992125984252));
#3740=CARTESIAN_POINT('Origin',(1.175,0.656933413577085,1.3992125984252));
#3741=CARTESIAN_POINT('',(1.03391455601637,0.450548100398213,1.2992125984252));
#3742=CARTESIAN_POINT('Origin',(1.39108544398363,0.206385313178872,1.2992125984252));
#3743=CARTESIAN_POINT('',(1.39108544398363,0.206385313178872,1.3992125984252));
#3744=CARTESIAN_POINT('Origin',(0.,0.,1.3992125984252));
#3745=CARTESIAN_POINT('Origin',(0.,0.,1.2992125984252));
#3746=CARTESIAN_POINT('',(0.,0.,0.));
#3747=CARTESIAN_POINT('',(0.,0.,0.));
#3748=UNCERTAINTY_MEASURE_WITH_UNIT(LENGTH_MEASURE(0.000393700787401575),
#3757,'DISTANCE_ACCURACY_VALUE',
'Maximum model space distance between geometric entities at asserted c
onnectivities');
#3749=UNCERTAINTY_MEASURE_WITH_UNIT(LENGTH_MEASURE(0.000393700787401575),
#3757,'DISTANCE_ACCURACY_VALUE',
'Maximum model space distance between geometric entities at asserted c
onnectivities');
#3750=UNCERTAINTY_MEASURE_WITH_UNIT(LENGTH_MEASURE(0.000393700787401575),
#3757,'DISTANCE_ACCURACY_VALUE',
'Maximum model space distance between geometric entities at asserted c
onnectivities');
#3751=UNCERTAINTY_MEASURE_WITH_UNIT(LENGTH_MEASURE(0.000393700787401575),
#3757,'DISTANCE_ACCURACY_VALUE',
'Maximum model space distance between geometric entities at asserted c
onnectivities');
#3752=(
GEOMETRIC_REPRESENTATION_CONTEXT(3)
GLOBAL_UNCERTAINTY_ASSIGNED_CONTEXT((#3748))
GLOBAL_UNIT_ASSIGNED_CONTEXT((#3757,#3761,#3762))
REPRESENTATION_CONTEXT('','3D')
);
#3753=(
GEOMETRIC_REPRESENTATION_CONTEXT(3)
GLOBAL_UNCERTAINTY_ASSIGNED_CONTEXT((#3749))
GLOBAL_UNIT_ASSIGNED_CONTEXT((#3757,#3761,#3762))
REPRESENTATION_CONTEXT('','3D')
);
#3754=(
GEOMETRIC_REPRESENTATION_CONTEXT(3)
GLOBAL_UNCERTAINTY_ASSIGNED_CONTEXT((#3750))
GLOBAL_UNIT_ASSIGNED_CONTEXT((#3757,#3761,#3762))
REPRESENTATION_CONTEXT('','3D')
);
#3755=(
GEOMETRIC_REPRESENTATION_CONTEXT(3)
GLOBAL_UNCERTAINTY_ASSIGNED_CONTEXT((#3751))
GLOBAL_UNIT_ASSIGNED_CONTEXT((#3757,#3761,#3762))
REPRESENTATION_CONTEXT('','3D')
);
#3756=DIMENSIONAL_EXPONENTS(1.,0.,0.,0.,0.,0.,0.);
#3757=(
CONVERSION_BASED_UNIT('inch',#3760)
LENGTH_UNIT()
NAMED_UNIT(#3756)
);
#3758=(
LENGTH_UNIT()
NAMED_UNIT(*)
SI_UNIT(.MILLI.,.METRE.)
);
#3759=(
LENGTH_UNIT()
NAMED_UNIT(*)
SI_UNIT($,.METRE.)
);
#3760=LENGTH_MEASURE_WITH_UNIT(LENGTH_MEASURE(25.4),#3758);
#3761=(
NAMED_UNIT(*)
PLANE_ANGLE_UNIT()
SI_UNIT($,.RADIAN.)
);
#3762=(
NAMED_UNIT(*)
SI_UNIT($,.STERADIAN.)
SOLID_ANGLE_UNIT()
);
#3763=SHAPE_DEFINITION_REPRESENTATION(#3766,#3771);
#3764=SHAPE_DEFINITION_REPRESENTATION(#3767,#3772);
#3765=SHAPE_DEFINITION_REPRESENTATION(#3768,#3773);
#3766=PRODUCT_DEFINITION_SHAPE('',$,#3775);
#3767=PRODUCT_DEFINITION_SHAPE('',$,#3776);
#3768=PRODUCT_DEFINITION_SHAPE('',$,#3777);
#3769=PRODUCT_DEFINITION_SHAPE($,$,#17);
#3770=PRODUCT_DEFINITION_SHAPE($,$,#18);
#3771=SHAPE_REPRESENTATION('',(#2202,#2439),#3752);
#3772=SHAPE_REPRESENTATION('',(#2203,#2438),#3753);
#3773=SHAPE_REPRESENTATION('',(#2204),#3754);
#3774=PRODUCT_DEFINITION_CONTEXT('part definition',#3785,'design');
#3775=PRODUCT_DEFINITION('Shelter Montoring System (Assembly)',
'Shelter Montoring System (Assembly) v149',#3778,#3774);
#3776=PRODUCT_DEFINITION('AMG8833_Housing_Body','AMG8833_Housing_Body',
#3779,#3774);
#3777=PRODUCT_DEFINITION('Cover','Cover',#3780,#3774);
#3778=PRODUCT_DEFINITION_FORMATION('',$,#3787);
#3779=PRODUCT_DEFINITION_FORMATION('',$,#3788);
#3780=PRODUCT_DEFINITION_FORMATION('',$,#3789);
#3781=PRODUCT_RELATED_PRODUCT_CATEGORY(
'Shelter Montoring System (Assembly) v149',
'Shelter Montoring System (Assembly) v149',(#3787));
#3782=PRODUCT_RELATED_PRODUCT_CATEGORY('AMG8833_Housing_Body',
'AMG8833_Housing_Body',(#3788));
#3783=PRODUCT_RELATED_PRODUCT_CATEGORY('Cover','Cover',(#3789));
#3784=APPLICATION_PROTOCOL_DEFINITION('international standard',
'automotive_design',2009,#3785);
#3785=APPLICATION_CONTEXT(
'Core Data for Automotive Mechanical Design Process');
#3786=PRODUCT_CONTEXT('part definition',#3785,'mechanical');
#3787=PRODUCT('Shelter Montoring System (Assembly)',
'Shelter Montoring System (Assembly) v149',$,(#3786));
#3788=PRODUCT('AMG8833_Housing_Body','AMG8833_Housing_Body',$,(#3786));
#3789=PRODUCT('Cover','Cover',$,(#3786));
#3790=PRESENTATION_STYLE_ASSIGNMENT((#3794));
#3791=PRESENTATION_STYLE_ASSIGNMENT((#3795));
#3792=PRESENTATION_STYLE_ASSIGNMENT((#3796));
#3793=PRESENTATION_STYLE_ASSIGNMENT((#3797));
#3794=SURFACE_STYLE_USAGE(.BOTH.,#3798);
#3795=SURFACE_STYLE_USAGE(.BOTH.,#3799);
#3796=SURFACE_STYLE_USAGE(.BOTH.,#3800);
#3797=SURFACE_STYLE_USAGE(.BOTH.,#3801);
#3798=SURFACE_SIDE_STYLE('',(#3802));
#3799=SURFACE_SIDE_STYLE('',(#3803));
#3800=SURFACE_SIDE_STYLE('',(#3804));
#3801=SURFACE_SIDE_STYLE('',(#3805));
#3802=SURFACE_STYLE_FILL_AREA(#3806);
#3803=SURFACE_STYLE_FILL_AREA(#3807);
#3804=SURFACE_STYLE_FILL_AREA(#3808);
#3805=SURFACE_STYLE_FILL_AREA(#3809);
#3806=FILL_AREA_STYLE('Gold - Polished',(#3810));
#3807=FILL_AREA_STYLE('Steel - Satin',(#3811));
#3808=FILL_AREA_STYLE('Paint - Enamel Glossy (Green)',(#3812));
#3809=FILL_AREA_STYLE(
'PA 11 - Nylon- HP 11-30 (with EOS P 396 3D Printer)',(#3813));
#3810=FILL_AREA_STYLE_COLOUR('Gold - Polished',#3814);
#3811=FILL_AREA_STYLE_COLOUR('Steel - Satin',#3815);
#3812=FILL_AREA_STYLE_COLOUR('Paint - Enamel Glossy (Green)',#3816);
#3813=FILL_AREA_STYLE_COLOUR(
'PA 11 - Nylon- HP 11-30 (with EOS P 396 3D Printer)',#3817);
#3814=COLOUR_RGB('Gold - Polished',0.956862745098039,0.898039215686275,
0.654901960784314);
#3815=COLOUR_RGB('Steel - Satin',0.627450980392157,0.627450980392157,0.627450980392157);
#3816=COLOUR_RGB('Paint - Enamel Glossy (Green)',0.266666666666667,0.588235294117647,
0.282352941176471);
#3817=COLOUR_RGB('PA 11 - Nylon- HP 11-30 (with EOS P 396 3D Printer)',
0.247058823529412,0.247058823529412,0.247058823529412);
ENDSEC;
END-ISO-10303-21;
