ISO-10303-21;
HEADER;
/* Generated by software containing ST-Developer
 * from STEP Tools, Inc. (www.steptools.com) 
 */

FILE_DESCRIPTION(
/* description */ (''),
/* implementation_level */ '2;1');

FILE_NAME(
/* name */ 'AMG8833_Housing_Body.step',
/* time_stamp */ '2026-03-07T21:28:09-05:00',
/* author */ (''),
/* organization */ (''),
/* preprocessor_version */ 'ST-DEVELOPER v20.1',
/* originating_system */ 'Autodesk Translation Framework v14.24.0.0',
/* authorisation */ '');

FILE_SCHEMA (('AUTOMOTIVE_DESIGN { 1 0 10303 214 3 1 1 }'));
ENDSEC;

DATA;
#10=MECHANICAL_DESIGN_GEOMETRIC_PRESENTATION_REPRESENTATION('',(#17),#9943);
#11=ITEM_DEFINED_TRANSFORMATION($,$,#3368,#3685);
#12=(
REPRESENTATION_RELATIONSHIP($,$,#9956,#9955)
REPRESENTATION_RELATIONSHIP_WITH_TRANSFORMATION(#11)
SHAPE_REPRESENTATION_RELATIONSHIP()
);
#13=CONTEXT_DEPENDENT_SHAPE_REPRESENTATION(#12,#9954);
#14=NEXT_ASSEMBLY_USAGE_OCCURRENCE('AMG8833_Housing_Body:1',
'AMG8833_Housing_Body:1','AMG8833_Housing_Body:1',#9958,#9959,
'AMG8833_Housing_Body:1');
#15=SHAPE_REPRESENTATION_RELATIONSHIP('SRR','None',#9956,#16);
#16=ADVANCED_BREP_SHAPE_REPRESENTATION('',(#18),#9942);
#17=STYLED_ITEM('',(#9972),#18);
#18=MANIFOLD_SOLID_BREP('Body1',#3366);
#19=TOROIDAL_SURFACE('',#3673,0.198425196850394,0.1);
#20=TOROIDAL_SURFACE('',#3675,0.198425196850394,0.1);
#21=TOROIDAL_SURFACE('',#3677,0.198425196850394,0.1);
#22=TOROIDAL_SURFACE('',#3679,0.198425196850394,0.1);
#23=B_SPLINE_SURFACE_WITH_KNOTS('',3,3,((#7235,#7236,#7237,#7238,#7239,
#7240,#7241,#7242,#7243,#7244,#7245,#7246,#7247,#7248,#7249,#7250,#7251,
#7252,#7253,#7254,#7255,#7256,#7257,#7258,#7259,#7260,#7261,#7262,#7263,
#7264,#7265,#7266,#7267,#7268,#7269,#7270,#7271,#7272,#7273,#7274,#7275,
#7276,#7277,#7278,#7279,#7280,#7281,#7282,#7283,#7284,#7285,#7286,#7287,
#7288,#7289),(#7290,#7291,#7292,#7293,#7294,#7295,#7296,#7297,#7298,#7299,
#7300,#7301,#7302,#7303,#7304,#7305,#7306,#7307,#7308,#7309,#7310,#7311,
#7312,#7313,#7314,#7315,#7316,#7317,#7318,#7319,#7320,#7321,#7322,#7323,
#7324,#7325,#7326,#7327,#7328,#7329,#7330,#7331,#7332,#7333,#7334,#7335,
#7336,#7337,#7338,#7339,#7340,#7341,#7342,#7343,#7344),(#7345,#7346,#7347,
#7348,#7349,#7350,#7351,#7352,#7353,#7354,#7355,#7356,#7357,#7358,#7359,
#7360,#7361,#7362,#7363,#7364,#7365,#7366,#7367,#7368,#7369,#7370,#7371,
#7372,#7373,#7374,#7375,#7376,#7377,#7378,#7379,#7380,#7381,#7382,#7383,
#7384,#7385,#7386,#7387,#7388,#7389,#7390,#7391,#7392,#7393,#7394,#7395,
#7396,#7397,#7398,#7399),(#7400,#7401,#7402,#7403,#7404,#7405,#7406,#7407,
#7408,#7409,#7410,#7411,#7412,#7413,#7414,#7415,#7416,#7417,#7418,#7419,
#7420,#7421,#7422,#7423,#7424,#7425,#7426,#7427,#7428,#7429,#7430,#7431,
#7432,#7433,#7434,#7435,#7436,#7437,#7438,#7439,#7440,#7441,#7442,#7443,
#7444,#7445,#7446,#7447,#7448,#7449,#7450,#7451,#7452,#7453,#7454)),
 .UNSPECIFIED.,.F.,.F.,.F.,(4,4),(4,1,1,1,1,1,1,1,1,1,1,1,1,1,1,1,1,1,1,
1,1,1,1,1,1,1,1,1,1,1,1,1,1,1,1,1,1,1,1,1,1,1,1,1,1,1,1,1,1,1,1,1,4),(0.,
0.0331422148525613),(11.9786996203473,12.9768757180916,13.9750518158359,
14.9732279135802,15.9714040113245,16.9695801090688,17.9677562068132,18.9659323045575,
19.9641084023018,20.9622845000461,21.9604605977904,22.9586366955347,23.956812793279,
24.9549888910234,25.9531649887677,26.951341086512,27.9495171842563,28.9476932820006,
29.9458693797449,30.9440454774893,31.9422215752336,32.9403976729779,33.9385737707222,
34.9367498684665,35.9349259662108,36.9331020639552,37.9312781616995,38.9294542594438,
39.9276303571881,40.9258064549324,41.9239825526767,42.9221586504211,43.9203347481654,
44.9185108459097,45.916686943654,46.9148630413983,47.9130391391426,48.911215236887,
49.9093913346313,50.9075674323756,51.9057435301199,52.9039196278642,53.9020957256085,
54.9002718233529,55.8984479210972,56.8966240188415,57.8948001165858,58.8929762143301,
59.8911523120744,60.8893284098188,61.8875045075631,62.8856806053074,63.8838567030517),
 .UNSPECIFIED.);
#24=B_SPLINE_SURFACE_WITH_KNOTS('',3,3,((#7511,#7512,#7513,#7514,#7515,
#7516,#7517,#7518,#7519,#7520,#7521,#7522,#7523,#7524,#7525,#7526,#7527,
#7528,#7529,#7530,#7531,#7532,#7533,#7534,#7535,#7536,#7537,#7538,#7539,
#7540,#7541,#7542,#7543,#7544,#7545,#7546,#7547,#7548,#7549,#7550,#7551,
#7552,#7553,#7554,#7555,#7556,#7557,#7558,#7559,#7560,#7561,#7562,#7563,
#7564,#7565),(#7566,#7567,#7568,#7569,#7570,#7571,#7572,#7573,#7574,#7575,
#7576,#7577,#7578,#7579,#7580,#7581,#7582,#7583,#7584,#7585,#7586,#7587,
#7588,#7589,#7590,#7591,#7592,#7593,#7594,#7595,#7596,#7597,#7598,#7599,
#7600,#7601,#7602,#7603,#7604,#7605,#7606,#7607,#7608,#7609,#7610,#7611,
#7612,#7613,#7614,#7615,#7616,#7617,#7618,#7619,#7620),(#7621,#7622,#7623,
#7624,#7625,#7626,#7627,#7628,#7629,#7630,#7631,#7632,#7633,#7634,#7635,
#7636,#7637,#7638,#7639,#7640,#7641,#7642,#7643,#7644,#7645,#7646,#7647,
#7648,#7649,#7650,#7651,#7652,#7653,#7654,#7655,#7656,#7657,#7658,#7659,
#7660,#7661,#7662,#7663,#7664,#7665,#7666,#7667,#7668,#7669,#7670,#7671,
#7672,#7673,#7674,#7675),(#7676,#7677,#7678,#7679,#7680,#7681,#7682,#7683,
#7684,#7685,#7686,#7687,#7688,#7689,#7690,#7691,#7692,#7693,#7694,#7695,
#7696,#7697,#7698,#7699,#7700,#7701,#7702,#7703,#7704,#7705,#7706,#7707,
#7708,#7709,#7710,#7711,#7712,#7713,#7714,#7715,#7716,#7717,#7718,#7719,
#7720,#7721,#7722,#7723,#7724,#7725,#7726,#7727,#7728,#7729,#7730)),
 .UNSPECIFIED.,.F.,.F.,.F.,(4,4),(4,1,1,1,1,1,1,1,1,1,1,1,1,1,1,1,1,1,1,
1,1,1,1,1,1,1,1,1,1,1,1,1,1,1,1,1,1,1,1,1,1,1,1,1,1,1,1,1,1,1,1,1,4),(0.,
0.0331422148525613),(14.6559596366931,15.6541357344374,16.6523118321817,
17.650487929926,18.6486640276704,19.6468401254147,20.645016223159,21.6431923209033,
22.6413684186476,23.6395445163919,24.6377206141362,25.6358967118806,26.6340728096249,
27.6322489073692,28.6304250051135,29.6286011028578,30.6267772006021,31.6249532983465,
32.6231293960908,33.6213054938351,34.6194815915794,35.6176576893237,36.615833787068,
37.6140098848124,38.6121859825567,39.610362080301,40.6085381780453,41.6067142757896,
42.6048903735339,43.6030664712783,44.6012425690226,45.5994186667669,46.5975947645112,
47.5957708622555,48.5939469599998,49.5921230577442,50.5902991554885,51.5884752532328,
52.5866513509771,53.5848274487214,54.5830035464657,55.5811796442101,56.5793557419544,
57.5775318396987,58.575707937443,59.5738840351873,60.5720601329316,61.570236230676,
62.5684123284203,63.5665884261646,64.5647645239089,65.5629406216532,66.5611167193975),
 .UNSPECIFIED.);
#25=B_SPLINE_SURFACE_WITH_KNOTS('',3,3,((#7876,#7877,#7878,#7879,#7880,
#7881,#7882,#7883,#7884,#7885,#7886,#7887,#7888,#7889,#7890,#7891,#7892,
#7893,#7894,#7895,#7896,#7897,#7898,#7899,#7900,#7901,#7902,#7903,#7904,
#7905,#7906,#7907,#7908,#7909,#7910,#7911,#7912,#7913,#7914,#7915,#7916,
#7917,#7918,#7919,#7920,#7921,#7922,#7923,#7924,#7925,#7926,#7927,#7928,
#7929,#7930),(#7931,#7932,#7933,#7934,#7935,#7936,#7937,#7938,#7939,#7940,
#7941,#7942,#7943,#7944,#7945,#7946,#7947,#7948,#7949,#7950,#7951,#7952,
#7953,#7954,#7955,#7956,#7957,#7958,#7959,#7960,#7961,#7962,#7963,#7964,
#7965,#7966,#7967,#7968,#7969,#7970,#7971,#7972,#7973,#7974,#7975,#7976,
#7977,#7978,#7979,#7980,#7981,#7982,#7983,#7984,#7985),(#7986,#7987,#7988,
#7989,#7990,#7991,#7992,#7993,#7994,#7995,#7996,#7997,#7998,#7999,#8000,
#8001,#8002,#8003,#8004,#8005,#8006,#8007,#8008,#8009,#8010,#8011,#8012,
#8013,#8014,#8015,#8016,#8017,#8018,#8019,#8020,#8021,#8022,#8023,#8024,
#8025,#8026,#8027,#8028,#8029,#8030,#8031,#8032,#8033,#8034,#8035,#8036,
#8037,#8038,#8039,#8040),(#8041,#8042,#8043,#8044,#8045,#8046,#8047,#8048,
#8049,#8050,#8051,#8052,#8053,#8054,#8055,#8056,#8057,#8058,#8059,#8060,
#8061,#8062,#8063,#8064,#8065,#8066,#8067,#8068,#8069,#8070,#8071,#8072,
#8073,#8074,#8075,#8076,#8077,#8078,#8079,#8080,#8081,#8082,#8083,#8084,
#8085,#8086,#8087,#8088,#8089,#8090,#8091,#8092,#8093,#8094,#8095)),
 .UNSPECIFIED.,.F.,.F.,.F.,(4,4),(4,1,1,1,1,1,1,1,1,1,1,1,1,1,1,1,1,1,1,
1,1,1,1,1,1,1,1,1,1,1,1,1,1,1,1,1,1,1,1,1,1,1,1,1,1,1,1,1,1,1,1,1,4),(0.,
0.0331422148525613),(11.9786996203473,12.9768757180916,13.9750518158359,
14.9732279135802,15.9714040113245,16.9695801090688,17.9677562068132,18.9659323045575,
19.9641084023018,20.9622845000461,21.9604605977904,22.9586366955347,23.956812793279,
24.9549888910234,25.9531649887677,26.951341086512,27.9495171842563,28.9476932820006,
29.9458693797449,30.9440454774893,31.9422215752336,32.9403976729779,33.9385737707222,
34.9367498684665,35.9349259662108,36.9331020639552,37.9312781616995,38.9294542594438,
39.9276303571881,40.9258064549324,41.9239825526767,42.9221586504211,43.9203347481654,
44.9185108459097,45.916686943654,46.9148630413983,47.9130391391426,48.911215236887,
49.9093913346313,50.9075674323756,51.9057435301199,52.9039196278642,53.9020957256085,
54.9002718233529,55.8984479210972,56.8966240188415,57.8948001165858,58.8929762143301,
59.8911523120744,60.8893284098188,61.8875045075631,62.8856806053074,63.8838567030517),
 .UNSPECIFIED.);
#26=B_SPLINE_SURFACE_WITH_KNOTS('',3,3,((#8152,#8153,#8154,#8155,#8156,
#8157,#8158,#8159,#8160,#8161,#8162,#8163,#8164,#8165,#8166,#8167,#8168,
#8169,#8170,#8171,#8172,#8173,#8174,#8175,#8176,#8177,#8178,#8179,#8180,
#8181,#8182,#8183,#8184,#8185,#8186,#8187,#8188,#8189,#8190,#8191,#8192,
#8193,#8194,#8195,#8196,#8197,#8198,#8199,#8200,#8201,#8202,#8203,#8204,
#8205,#8206),(#8207,#8208,#8209,#8210,#8211,#8212,#8213,#8214,#8215,#8216,
#8217,#8218,#8219,#8220,#8221,#8222,#8223,#8224,#8225,#8226,#8227,#8228,
#8229,#8230,#8231,#8232,#8233,#8234,#8235,#8236,#8237,#8238,#8239,#8240,
#8241,#8242,#8243,#8244,#8245,#8246,#8247,#8248,#8249,#8250,#8251,#8252,
#8253,#8254,#8255,#8256,#8257,#8258,#8259,#8260,#8261),(#8262,#8263,#8264,
#8265,#8266,#8267,#8268,#8269,#8270,#8271,#8272,#8273,#8274,#8275,#8276,
#8277,#8278,#8279,#8280,#8281,#8282,#8283,#8284,#8285,#8286,#8287,#8288,
#8289,#8290,#8291,#8292,#8293,#8294,#8295,#8296,#8297,#8298,#8299,#8300,
#8301,#8302,#8303,#8304,#8305,#8306,#8307,#8308,#8309,#8310,#8311,#8312,
#8313,#8314,#8315,#8316),(#8317,#8318,#8319,#8320,#8321,#8322,#8323,#8324,
#8325,#8326,#8327,#8328,#8329,#8330,#8331,#8332,#8333,#8334,#8335,#8336,
#8337,#8338,#8339,#8340,#8341,#8342,#8343,#8344,#8345,#8346,#8347,#8348,
#8349,#8350,#8351,#8352,#8353,#8354,#8355,#8356,#8357,#8358,#8359,#8360,
#8361,#8362,#8363,#8364,#8365,#8366,#8367,#8368,#8369,#8370,#8371)),
 .UNSPECIFIED.,.F.,.F.,.F.,(4,4),(4,1,1,1,1,1,1,1,1,1,1,1,1,1,1,1,1,1,1,
1,1,1,1,1,1,1,1,1,1,1,1,1,1,1,1,1,1,1,1,1,1,1,1,1,1,1,1,1,1,1,1,1,4),(0.,
0.0331422148525613),(14.6559596366931,15.6541357344374,16.6523118321817,
17.650487929926,18.6486640276704,19.6468401254147,20.645016223159,21.6431923209033,
22.6413684186476,23.6395445163919,24.6377206141362,25.6358967118806,26.6340728096249,
27.6322489073692,28.6304250051135,29.6286011028578,30.6267772006021,31.6249532983465,
32.6231293960908,33.6213054938351,34.6194815915794,35.6176576893237,36.615833787068,
37.6140098848124,38.6121859825567,39.610362080301,40.6085381780453,41.6067142757896,
42.6048903735339,43.6030664712783,44.6012425690226,45.5994186667669,46.5975947645112,
47.5957708622555,48.5939469599998,49.5921230577442,50.5902991554885,51.5884752532328,
52.5866513509771,53.5848274487214,54.5830035464657,55.5811796442101,56.5793557419544,
57.5775318396987,58.575707937443,59.5738840351873,60.5720601329316,61.570236230676,
62.5684123284203,63.5665884261646,64.5647645239089,65.5629406216532,66.5611167193975),
 .UNSPECIFIED.);
#27=B_SPLINE_SURFACE_WITH_KNOTS('',3,3,((#8523,#8524,#8525,#8526,#8527,
#8528,#8529,#8530,#8531,#8532,#8533,#8534,#8535,#8536,#8537,#8538,#8539,
#8540,#8541,#8542,#8543,#8544,#8545,#8546,#8547,#8548,#8549,#8550,#8551,
#8552,#8553,#8554,#8555,#8556,#8557,#8558,#8559,#8560,#8561,#8562,#8563,
#8564,#8565,#8566,#8567,#8568,#8569,#8570,#8571,#8572,#8573,#8574,#8575,
#8576,#8577),(#8578,#8579,#8580,#8581,#8582,#8583,#8584,#8585,#8586,#8587,
#8588,#8589,#8590,#8591,#8592,#8593,#8594,#8595,#8596,#8597,#8598,#8599,
#8600,#8601,#8602,#8603,#8604,#8605,#8606,#8607,#8608,#8609,#8610,#8611,
#8612,#8613,#8614,#8615,#8616,#8617,#8618,#8619,#8620,#8621,#8622,#8623,
#8624,#8625,#8626,#8627,#8628,#8629,#8630,#8631,#8632),(#8633,#8634,#8635,
#8636,#8637,#8638,#8639,#8640,#8641,#8642,#8643,#8644,#8645,#8646,#8647,
#8648,#8649,#8650,#8651,#8652,#8653,#8654,#8655,#8656,#8657,#8658,#8659,
#8660,#8661,#8662,#8663,#8664,#8665,#8666,#8667,#8668,#8669,#8670,#8671,
#8672,#8673,#8674,#8675,#8676,#8677,#8678,#8679,#8680,#8681,#8682,#8683,
#8684,#8685,#8686,#8687),(#8688,#8689,#8690,#8691,#8692,#8693,#8694,#8695,
#8696,#8697,#8698,#8699,#8700,#8701,#8702,#8703,#8704,#8705,#8706,#8707,
#8708,#8709,#8710,#8711,#8712,#8713,#8714,#8715,#8716,#8717,#8718,#8719,
#8720,#8721,#8722,#8723,#8724,#8725,#8726,#8727,#8728,#8729,#8730,#8731,
#8732,#8733,#8734,#8735,#8736,#8737,#8738,#8739,#8740,#8741,#8742)),
 .UNSPECIFIED.,.F.,.F.,.F.,(4,4),(4,1,1,1,1,1,1,1,1,1,1,1,1,1,1,1,1,1,1,
1,1,1,1,1,1,1,1,1,1,1,1,1,1,1,1,1,1,1,1,1,1,1,1,1,1,1,1,1,1,1,1,1,4),(0.,
0.0335821557576838),(11.9569340279764,12.9555286948048,13.9541233616332,
14.9527180284616,15.9513126952899,16.9499073621183,17.9485020289467,18.947096695775,
19.9456913626034,20.9442860294318,21.9428806962602,22.9414753630885,23.9400700299169,
24.9386646967453,25.9372593635736,26.935854030402,27.9344486972304,28.9330433640587,
29.9316380308871,30.9302326977155,31.9288273645439,32.9274220313722,33.9260166982006,
34.924611365029,35.9232060318573,36.9218006986857,37.9203953655141,38.9189900323424,
39.9175846991708,40.9161793659992,41.9147740328276,42.9133686996559,43.9119633664843,
44.9105580333127,45.909152700141,46.9077473669694,47.9063420337978,48.9049367006261,
49.9035313674545,50.9021260342829,51.9007207011113,52.8993153679396,53.897910034768,
54.8965047015964,55.8950993684247,56.8936940352531,57.8922887020815,58.8908833689098,
59.8894780357382,60.8880727025666,61.886667369395,62.8852620362233,63.8838567030517),
 .UNSPECIFIED.);
#28=B_SPLINE_SURFACE_WITH_KNOTS('',3,3,((#8802,#8803,#8804,#8805,#8806,
#8807,#8808,#8809,#8810,#8811,#8812,#8813,#8814,#8815,#8816,#8817,#8818,
#8819,#8820,#8821,#8822,#8823,#8824,#8825,#8826,#8827,#8828,#8829,#8830,
#8831,#8832,#8833,#8834,#8835,#8836,#8837,#8838,#8839,#8840,#8841,#8842,
#8843,#8844,#8845,#8846,#8847,#8848,#8849,#8850,#8851,#8852,#8853,#8854,
#8855,#8856),(#8857,#8858,#8859,#8860,#8861,#8862,#8863,#8864,#8865,#8866,
#8867,#8868,#8869,#8870,#8871,#8872,#8873,#8874,#8875,#8876,#8877,#8878,
#8879,#8880,#8881,#8882,#8883,#8884,#8885,#8886,#8887,#8888,#8889,#8890,
#8891,#8892,#8893,#8894,#8895,#8896,#8897,#8898,#8899,#8900,#8901,#8902,
#8903,#8904,#8905,#8906,#8907,#8908,#8909,#8910,#8911),(#8912,#8913,#8914,
#8915,#8916,#8917,#8918,#8919,#8920,#8921,#8922,#8923,#8924,#8925,#8926,
#8927,#8928,#8929,#8930,#8931,#8932,#8933,#8934,#8935,#8936,#8937,#8938,
#8939,#8940,#8941,#8942,#8943,#8944,#8945,#8946,#8947,#8948,#8949,#8950,
#8951,#8952,#8953,#8954,#8955,#8956,#8957,#8958,#8959,#8960,#8961,#8962,
#8963,#8964,#8965,#8966),(#8967,#8968,#8969,#8970,#8971,#8972,#8973,#8974,
#8975,#8976,#8977,#8978,#8979,#8980,#8981,#8982,#8983,#8984,#8985,#8986,
#8987,#8988,#8989,#8990,#8991,#8992,#8993,#8994,#8995,#8996,#8997,#8998,
#8999,#9000,#9001,#9002,#9003,#9004,#9005,#9006,#9007,#9008,#9009,#9010,
#9011,#9012,#9013,#9014,#9015,#9016,#9017,#9018,#9019,#9020,#9021)),
 .UNSPECIFIED.,.F.,.F.,.F.,(4,4),(4,1,1,1,1,1,1,1,1,1,1,1,1,1,1,1,1,1,1,
1,1,1,1,1,1,1,1,1,1,1,1,1,1,1,1,1,1,1,1,1,1,1,1,1,1,1,1,1,1,1,1,1,4),(0.,
0.0335821557576838),(14.6559596366931,15.6545543035215,16.6531489703498,
17.6517436371782,18.6503383040066,19.6489329708349,20.6475276376633,21.6461223044917,
22.64471697132,23.6433116381484,24.6419063049768,25.6405009718052,26.6390956386335,
27.6376903054619,28.6362849722903,29.6348796391186,30.633474305947,31.6320689727754,
32.6306636396038,33.6292583064321,34.6278529732605,35.6264476400889,36.6250423069172,
37.6236369737456,38.622231640574,39.6208263074023,40.6194209742307,41.6180156410591,
42.6166103078875,43.6152049747158,44.6137996415442,45.6123943083726,46.6109889752009,
47.6095836420293,48.6081783088577,49.606772975686,50.6053676425144,51.6039623093428,
52.6025569761712,53.6011516429995,54.5997463098279,55.5983409766563,56.5969356434846,
57.595530310313,58.5941249771414,59.5927196439697,60.5913143107981,61.5899089776265,
62.5885036444549,63.5870983112832,64.5856929781116,65.58428764494,66.5828823117683),
 .UNSPECIFIED.);
#29=B_SPLINE_SURFACE_WITH_KNOTS('',3,3,((#9170,#9171,#9172,#9173,#9174,
#9175,#9176,#9177,#9178,#9179,#9180,#9181,#9182,#9183,#9184,#9185,#9186,
#9187,#9188,#9189,#9190,#9191,#9192,#9193,#9194,#9195,#9196,#9197,#9198,
#9199,#9200,#9201,#9202,#9203,#9204,#9205,#9206,#9207,#9208,#9209,#9210,
#9211,#9212,#9213,#9214,#9215,#9216,#9217,#9218,#9219,#9220,#9221,#9222,
#9223,#9224),(#9225,#9226,#9227,#9228,#9229,#9230,#9231,#9232,#9233,#9234,
#9235,#9236,#9237,#9238,#9239,#9240,#9241,#9242,#9243,#9244,#9245,#9246,
#9247,#9248,#9249,#9250,#9251,#9252,#9253,#9254,#9255,#9256,#9257,#9258,
#9259,#9260,#9261,#9262,#9263,#9264,#9265,#9266,#9267,#9268,#9269,#9270,
#9271,#9272,#9273,#9274,#9275,#9276,#9277,#9278,#9279),(#9280,#9281,#9282,
#9283,#9284,#9285,#9286,#9287,#9288,#9289,#9290,#9291,#9292,#9293,#9294,
#9295,#9296,#9297,#9298,#9299,#9300,#9301,#9302,#9303,#9304,#9305,#9306,
#9307,#9308,#9309,#9310,#9311,#9312,#9313,#9314,#9315,#9316,#9317,#9318,
#9319,#9320,#9321,#9322,#9323,#9324,#9325,#9326,#9327,#9328,#9329,#9330,
#9331,#9332,#9333,#9334),(#9335,#9336,#9337,#9338,#9339,#9340,#9341,#9342,
#9343,#9344,#9345,#9346,#9347,#9348,#9349,#9350,#9351,#9352,#9353,#9354,
#9355,#9356,#9357,#9358,#9359,#9360,#9361,#9362,#9363,#9364,#9365,#9366,
#9367,#9368,#9369,#9370,#9371,#9372,#9373,#9374,#9375,#9376,#9377,#9378,
#9379,#9380,#9381,#9382,#9383,#9384,#9385,#9386,#9387,#9388,#9389)),
 .UNSPECIFIED.,.F.,.F.,.F.,(4,4),(4,1,1,1,1,1,1,1,1,1,1,1,1,1,1,1,1,1,1,
1,1,1,1,1,1,1,1,1,1,1,1,1,1,1,1,1,1,1,1,1,1,1,1,1,1,1,1,1,1,1,1,1,4),(0.,
0.0331422148525613),(11.9786996203473,12.9768757180916,13.9750518158359,
14.9732279135802,15.9714040113245,16.9695801090688,17.9677562068132,18.9659323045575,
19.9641084023018,20.9622845000461,21.9604605977904,22.9586366955347,23.9568127932791,
24.9549888910234,25.9531649887677,26.951341086512,27.9495171842563,28.9476932820006,
29.945869379745,30.9440454774893,31.9422215752336,32.9403976729779,33.9385737707222,
34.9367498684665,35.9349259662109,36.9331020639552,37.9312781616995,38.9294542594438,
39.9276303571881,40.9258064549324,41.9239825526767,42.9221586504211,43.9203347481654,
44.9185108459097,45.916686943654,46.9148630413983,47.9130391391426,48.911215236887,
49.9093913346313,50.9075674323756,51.9057435301199,52.9039196278642,53.9020957256085,
54.9002718233529,55.8984479210972,56.8966240188415,57.8948001165858,58.8929762143301,
59.8911523120744,60.8893284098188,61.8875045075631,62.8856806053074,63.8838567030517),
 .UNSPECIFIED.);
#30=B_SPLINE_SURFACE_WITH_KNOTS('',3,3,((#9446,#9447,#9448,#9449,#9450,
#9451,#9452,#9453,#9454,#9455,#9456,#9457,#9458,#9459,#9460,#9461,#9462,
#9463,#9464,#9465,#9466,#9467,#9468,#9469,#9470,#9471,#9472,#9473,#9474,
#9475,#9476,#9477,#9478,#9479,#9480,#9481,#9482,#9483,#9484,#9485,#9486,
#9487,#9488,#9489,#9490,#9491,#9492,#9493,#9494,#9495,#9496,#9497,#9498,
#9499,#9500),(#9501,#9502,#9503,#9504,#9505,#9506,#9507,#9508,#9509,#9510,
#9511,#9512,#9513,#9514,#9515,#9516,#9517,#9518,#9519,#9520,#9521,#9522,
#9523,#9524,#9525,#9526,#9527,#9528,#9529,#9530,#9531,#9532,#9533,#9534,
#9535,#9536,#9537,#9538,#9539,#9540,#9541,#9542,#9543,#9544,#9545,#9546,
#9547,#9548,#9549,#9550,#9551,#9552,#9553,#9554,#9555),(#9556,#9557,#9558,
#9559,#9560,#9561,#9562,#9563,#9564,#9565,#9566,#9567,#9568,#9569,#9570,
#9571,#9572,#9573,#9574,#9575,#9576,#9577,#9578,#9579,#9580,#9581,#9582,
#9583,#9584,#9585,#9586,#9587,#9588,#9589,#9590,#9591,#9592,#9593,#9594,
#9595,#9596,#9597,#9598,#9599,#9600,#9601,#9602,#9603,#9604,#9605,#9606,
#9607,#9608,#9609,#9610),(#9611,#9612,#9613,#9614,#9615,#9616,#9617,#9618,
#9619,#9620,#9621,#9622,#9623,#9624,#9625,#9626,#9627,#9628,#9629,#9630,
#9631,#9632,#9633,#9634,#9635,#9636,#9637,#9638,#9639,#9640,#9641,#9642,
#9643,#9644,#9645,#9646,#9647,#9648,#9649,#9650,#9651,#9652,#9653,#9654,
#9655,#9656,#9657,#9658,#9659,#9660,#9661,#9662,#9663,#9664,#9665)),
 .UNSPECIFIED.,.F.,.F.,.F.,(4,4),(4,1,1,1,1,1,1,1,1,1,1,1,1,1,1,1,1,1,1,
1,1,1,1,1,1,1,1,1,1,1,1,1,1,1,1,1,1,1,1,1,1,1,1,1,1,1,1,1,1,1,1,1,4),(0.,
0.0331422148525613),(14.6559596366931,15.6541357344374,16.6523118321817,
17.650487929926,18.6486640276704,19.6468401254147,20.645016223159,21.6431923209033,
22.6413684186476,23.6395445163919,24.6377206141363,25.6358967118806,26.6340728096249,
27.6322489073692,28.6304250051135,29.6286011028578,30.6267772006022,31.6249532983465,
32.6231293960908,33.6213054938351,34.6194815915794,35.6176576893237,36.6158337870681,
37.6140098848124,38.6121859825567,39.610362080301,40.6085381780453,41.6067142757896,
42.604890373534,43.6030664712783,44.6012425690226,45.5994186667669,46.5975947645112,
47.5957708622555,48.5939469599999,49.5921230577442,50.5902991554885,51.5884752532328,
52.5866513509771,53.5848274487214,54.5830035464658,55.5811796442101,56.5793557419544,
57.5775318396987,58.575707937443,59.5738840351873,60.5720601329317,61.570236230676,
62.5684123284203,63.5665884261646,64.5647645239089,65.5629406216532,66.5611167193975),
 .UNSPECIFIED.);
#31=B_SPLINE_SURFACE_WITH_KNOTS('',3,3,((#9767,#9768,#9769,#9770,#9771,
#9772),(#9773,#9774,#9775,#9776,#9777,#9778),(#9779,#9780,#9781,#9782,#9783,
#9784),(#9785,#9786,#9787,#9788,#9789,#9790),(#9791,#9792,#9793,#9794,#9795,
#9796)),.UNSPECIFIED.,.F.,.F.,.F.,(4,1,4),(4,1,1,4),(0.,0.571428571428571,
1.),(0.,0.224399475256414,0.673198425769241,1.5707963267949),
 .UNSPECIFIED.);
#32=B_SPLINE_SURFACE_WITH_KNOTS('',3,3,((#9800,#9801,#9802,#9803,#9804,
#9805),(#9806,#9807,#9808,#9809,#9810,#9811),(#9812,#9813,#9814,#9815,#9816,
#9817),(#9818,#9819,#9820,#9821,#9822,#9823),(#9824,#9825,#9826,#9827,#9828,
#9829)),.UNSPECIFIED.,.F.,.F.,.F.,(4,1,4),(4,1,1,4),(0.,0.571428571428571,
1.),(0.,0.224399475256414,0.673198425769241,1.5707963267949),
 .UNSPECIFIED.);
#33=B_SPLINE_SURFACE_WITH_KNOTS('',3,3,((#9833,#9834,#9835,#9836,#9837,
#9838),(#9839,#9840,#9841,#9842,#9843,#9844),(#9845,#9846,#9847,#9848,#9849,
#9850),(#9851,#9852,#9853,#9854,#9855,#9856),(#9857,#9858,#9859,#9860,#9861,
#9862)),.UNSPECIFIED.,.F.,.F.,.F.,(4,1,4),(4,1,1,4),(0.,0.571428571428571,
1.),(0.,0.224399475256414,0.673198425769241,1.5707963267949),
 .UNSPECIFIED.);
#34=B_SPLINE_SURFACE_WITH_KNOTS('',3,3,((#9866,#9867,#9868,#9869,#9870,
#9871),(#9872,#9873,#9874,#9875,#9876,#9877),(#9878,#9879,#9880,#9881,#9882,
#9883),(#9884,#9885,#9886,#9887,#9888,#9889),(#9890,#9891,#9892,#9893,#9894,
#9895)),.UNSPECIFIED.,.F.,.F.,.F.,(4,1,4),(4,1,1,4),(0.,0.571428571428571,
1.),(0.,0.224399475256414,0.673198425769241,1.5707963267949),
 .UNSPECIFIED.);
#35=SPHERICAL_SURFACE('',#3507,0.00799999999999989);
#36=SPHERICAL_SURFACE('',#3511,0.00800000000000008);
#37=SPHERICAL_SURFACE('',#3522,0.00799999999999989);
#38=SPHERICAL_SURFACE('',#3526,0.00800000000000008);
#39=SPHERICAL_SURFACE('',#3541,0.00799999999999989);
#40=SPHERICAL_SURFACE('',#3545,0.00800000000000008);
#41=SPHERICAL_SURFACE('',#3560,0.00799999999999989);
#42=SPHERICAL_SURFACE('',#3564,0.00800000000000008);
#43=ELLIPSE('',#3496,0.0271450208683481,0.008);
#44=ELLIPSE('',#3497,0.0271450208683481,0.008);
#45=ELLIPSE('',#3498,0.0104916775798217,0.008);
#46=ELLIPSE('',#3499,0.0104916775798217,0.008);
#47=ELLIPSE('',#3503,0.0271450208683481,0.008);
#48=ELLIPSE('',#3504,0.0271450208683481,0.008);
#49=ELLIPSE('',#3505,0.0104916775798217,0.008);
#50=ELLIPSE('',#3506,0.0104916775798217,0.008);
#51=ELLIPSE('',#3532,0.0271450208683481,0.008);
#52=ELLIPSE('',#3534,0.0104916775798217,0.008);
#53=ELLIPSE('',#3536,0.0104916775798217,0.008);
#54=ELLIPSE('',#3538,0.0271450208683481,0.008);
#55=ELLIPSE('',#3551,0.0271450208683481,0.008);
#56=ELLIPSE('',#3553,0.0104916775798217,0.008);
#57=ELLIPSE('',#3555,0.0104916775798217,0.008);
#58=ELLIPSE('',#3557,0.0271450208683481,0.008);
#59=ELLIPSE('',#3653,0.113525347504463,0.1);
#60=ELLIPSE('',#3654,0.113525347504463,0.1);
#61=ELLIPSE('',#3655,0.113525347504463,0.1);
#62=ELLIPSE('',#3656,0.113525347504463,0.1);
#63=ELLIPSE('',#3657,0.113525347504463,0.1);
#64=ELLIPSE('',#3658,0.113525347504463,0.1);
#65=ELLIPSE('',#3659,0.113525347504463,0.1);
#66=ELLIPSE('',#3660,0.113525347504463,0.1);
#67=FACE_BOUND('',#419,.T.);
#68=FACE_BOUND('',#433,.T.);
#69=FACE_BOUND('',#444,.T.);
#70=FACE_BOUND('',#447,.T.);
#71=FACE_BOUND('',#494,.T.);
#72=FACE_BOUND('',#495,.T.);
#73=FACE_BOUND('',#505,.T.);
#74=FACE_BOUND('',#533,.T.);
#75=FACE_BOUND('',#537,.T.);
#76=FACE_BOUND('',#541,.T.);
#77=FACE_BOUND('',#545,.T.);
#78=FACE_BOUND('',#555,.T.);
#79=FACE_BOUND('',#558,.T.);
#80=FACE_BOUND('',#559,.T.);
#81=FACE_BOUND('',#560,.T.);
#82=FACE_BOUND('',#561,.T.);
#83=FACE_BOUND('',#562,.T.);
#84=PLANE('',#3452);
#85=PLANE('',#3458);
#86=PLANE('',#3462);
#87=PLANE('',#3466);
#88=PLANE('',#3470);
#89=PLANE('',#3473);
#90=PLANE('',#3476);
#91=PLANE('',#3481);
#92=PLANE('',#3484);
#93=PLANE('',#3487);
#94=PLANE('',#3490);
#95=PLANE('',#3495);
#96=PLANE('',#3502);
#97=PLANE('',#3520);
#98=PLANE('',#3521);
#99=PLANE('',#3539);
#100=PLANE('',#3540);
#101=PLANE('',#3558);
#102=PLANE('',#3559);
#103=PLANE('',#3573);
#104=PLANE('',#3574);
#105=PLANE('',#3575);
#106=PLANE('',#3576);
#107=PLANE('',#3577);
#108=PLANE('',#3578);
#109=PLANE('',#3579);
#110=PLANE('',#3580);
#111=PLANE('',#3581);
#112=PLANE('',#3582);
#113=PLANE('',#3585);
#114=PLANE('',#3589);
#115=PLANE('',#3593);
#116=PLANE('',#3597);
#117=PLANE('',#3601);
#118=PLANE('',#3602);
#119=PLANE('',#3605);
#120=PLANE('',#3611);
#121=PLANE('',#3617);
#122=PLANE('',#3623);
#123=PLANE('',#3634);
#124=PLANE('',#3640);
#125=PLANE('',#3646);
#126=PLANE('',#3652);
#127=PLANE('',#3666);
#128=PLANE('',#3668);
#129=PLANE('',#3681);
#130=PLANE('',#3683);
#131=CONICAL_SURFACE('',#3449,0.2625,0.785398163397446);
#132=CONICAL_SURFACE('',#3455,0.1125,0.785398163397451);
#133=CONICAL_SURFACE('',#3459,0.1125,0.785398163397451);
#134=CONICAL_SURFACE('',#3463,0.1125,0.785398163397451);
#135=CONICAL_SURFACE('',#3467,0.1125,0.785398163397451);
#136=CONICAL_SURFACE('',#3482,0.0587598425196847,0.78539816339745);
#137=CONICAL_SURFACE('',#3485,0.0587598425196847,0.785398163397451);
#138=CONICAL_SURFACE('',#3488,0.0587598425196847,0.78539816339745);
#139=CONICAL_SURFACE('',#3491,0.0587598425196854,0.785398163397451);
#140=CONICAL_SURFACE('',#3586,0.0839402636843019,0.499495906654336);
#141=CONICAL_SURFACE('',#3590,0.0839402636843019,0.499495906654336);
#142=CONICAL_SURFACE('',#3594,0.0839402636843019,0.499495906654336);
#143=CONICAL_SURFACE('',#3598,0.0839402636843019,0.499495906654337);
#144=CONICAL_SURFACE('',#3609,0.0223030528437214,1.02974425867665);
#145=CONICAL_SURFACE('',#3615,0.0223030528437214,1.02974425867665);
#146=CONICAL_SURFACE('',#3621,0.0255132632109304,1.02974425867665);
#147=CONICAL_SURFACE('',#3627,0.0223030528437214,1.02974425867665);
#148=CONICAL_SURFACE('',#3629,0.0884251968503937,0.785398163397448);
#149=CONICAL_SURFACE('',#3635,0.0884251968503937,0.785398163397448);
#150=CONICAL_SURFACE('',#3641,0.0884251968503937,0.785398163397448);
#151=CONICAL_SURFACE('',#3647,0.0884251968503937,0.785398163397448);
#152=FACE_OUTER_BOUND('',#353,.T.);
#153=FACE_OUTER_BOUND('',#354,.T.);
#154=FACE_OUTER_BOUND('',#355,.T.);
#155=FACE_OUTER_BOUND('',#356,.T.);
#156=FACE_OUTER_BOUND('',#357,.T.);
#157=FACE_OUTER_BOUND('',#358,.T.);
#158=FACE_OUTER_BOUND('',#359,.T.);
#159=FACE_OUTER_BOUND('',#360,.T.);
#160=FACE_OUTER_BOUND('',#361,.T.);
#161=FACE_OUTER_BOUND('',#362,.T.);
#162=FACE_OUTER_BOUND('',#363,.T.);
#163=FACE_OUTER_BOUND('',#364,.T.);
#164=FACE_OUTER_BOUND('',#365,.T.);
#165=FACE_OUTER_BOUND('',#366,.T.);
#166=FACE_OUTER_BOUND('',#367,.T.);
#167=FACE_OUTER_BOUND('',#368,.T.);
#168=FACE_OUTER_BOUND('',#369,.T.);
#169=FACE_OUTER_BOUND('',#370,.T.);
#170=FACE_OUTER_BOUND('',#371,.T.);
#171=FACE_OUTER_BOUND('',#372,.T.);
#172=FACE_OUTER_BOUND('',#373,.T.);
#173=FACE_OUTER_BOUND('',#374,.T.);
#174=FACE_OUTER_BOUND('',#375,.T.);
#175=FACE_OUTER_BOUND('',#376,.T.);
#176=FACE_OUTER_BOUND('',#377,.T.);
#177=FACE_OUTER_BOUND('',#378,.T.);
#178=FACE_OUTER_BOUND('',#379,.T.);
#179=FACE_OUTER_BOUND('',#380,.T.);
#180=FACE_OUTER_BOUND('',#381,.T.);
#181=FACE_OUTER_BOUND('',#382,.T.);
#182=FACE_OUTER_BOUND('',#383,.T.);
#183=FACE_OUTER_BOUND('',#384,.T.);
#184=FACE_OUTER_BOUND('',#385,.T.);
#185=FACE_OUTER_BOUND('',#386,.T.);
#186=FACE_OUTER_BOUND('',#387,.T.);
#187=FACE_OUTER_BOUND('',#388,.T.);
#188=FACE_OUTER_BOUND('',#389,.T.);
#189=FACE_OUTER_BOUND('',#390,.T.);
#190=FACE_OUTER_BOUND('',#391,.T.);
#191=FACE_OUTER_BOUND('',#392,.T.);
#192=FACE_OUTER_BOUND('',#393,.T.);
#193=FACE_OUTER_BOUND('',#394,.T.);
#194=FACE_OUTER_BOUND('',#395,.T.);
#195=FACE_OUTER_BOUND('',#396,.T.);
#196=FACE_OUTER_BOUND('',#397,.T.);
#197=FACE_OUTER_BOUND('',#398,.T.);
#198=FACE_OUTER_BOUND('',#399,.T.);
#199=FACE_OUTER_BOUND('',#400,.T.);
#200=FACE_OUTER_BOUND('',#401,.T.);
#201=FACE_OUTER_BOUND('',#402,.T.);
#202=FACE_OUTER_BOUND('',#403,.T.);
#203=FACE_OUTER_BOUND('',#404,.T.);
#204=FACE_OUTER_BOUND('',#405,.T.);
#205=FACE_OUTER_BOUND('',#406,.T.);
#206=FACE_OUTER_BOUND('',#407,.T.);
#207=FACE_OUTER_BOUND('',#408,.T.);
#208=FACE_OUTER_BOUND('',#409,.T.);
#209=FACE_OUTER_BOUND('',#410,.T.);
#210=FACE_OUTER_BOUND('',#411,.T.);
#211=FACE_OUTER_BOUND('',#412,.T.);
#212=FACE_OUTER_BOUND('',#413,.T.);
#213=FACE_OUTER_BOUND('',#414,.T.);
#214=FACE_OUTER_BOUND('',#415,.T.);
#215=FACE_OUTER_BOUND('',#416,.T.);
#216=FACE_OUTER_BOUND('',#417,.T.);
#217=FACE_OUTER_BOUND('',#418,.T.);
#218=FACE_OUTER_BOUND('',#420,.T.);
#219=FACE_OUTER_BOUND('',#421,.T.);
#220=FACE_OUTER_BOUND('',#422,.T.);
#221=FACE_OUTER_BOUND('',#423,.T.);
#222=FACE_OUTER_BOUND('',#424,.T.);
#223=FACE_OUTER_BOUND('',#425,.T.);
#224=FACE_OUTER_BOUND('',#426,.T.);
#225=FACE_OUTER_BOUND('',#427,.T.);
#226=FACE_OUTER_BOUND('',#428,.T.);
#227=FACE_OUTER_BOUND('',#429,.T.);
#228=FACE_OUTER_BOUND('',#430,.T.);
#229=FACE_OUTER_BOUND('',#431,.T.);
#230=FACE_OUTER_BOUND('',#432,.T.);
#231=FACE_OUTER_BOUND('',#434,.T.);
#232=FACE_OUTER_BOUND('',#435,.T.);
#233=FACE_OUTER_BOUND('',#436,.T.);
#234=FACE_OUTER_BOUND('',#437,.T.);
#235=FACE_OUTER_BOUND('',#438,.T.);
#236=FACE_OUTER_BOUND('',#439,.T.);
#237=FACE_OUTER_BOUND('',#440,.T.);
#238=FACE_OUTER_BOUND('',#441,.T.);
#239=FACE_OUTER_BOUND('',#442,.T.);
#240=FACE_OUTER_BOUND('',#443,.T.);
#241=FACE_OUTER_BOUND('',#445,.T.);
#242=FACE_OUTER_BOUND('',#446,.T.);
#243=FACE_OUTER_BOUND('',#448,.T.);
#244=FACE_OUTER_BOUND('',#449,.T.);
#245=FACE_OUTER_BOUND('',#450,.T.);
#246=FACE_OUTER_BOUND('',#451,.T.);
#247=FACE_OUTER_BOUND('',#452,.T.);
#248=FACE_OUTER_BOUND('',#453,.T.);
#249=FACE_OUTER_BOUND('',#454,.T.);
#250=FACE_OUTER_BOUND('',#455,.T.);
#251=FACE_OUTER_BOUND('',#456,.T.);
#252=FACE_OUTER_BOUND('',#457,.T.);
#253=FACE_OUTER_BOUND('',#458,.T.);
#254=FACE_OUTER_BOUND('',#459,.T.);
#255=FACE_OUTER_BOUND('',#460,.T.);
#256=FACE_OUTER_BOUND('',#461,.T.);
#257=FACE_OUTER_BOUND('',#462,.T.);
#258=FACE_OUTER_BOUND('',#463,.T.);
#259=FACE_OUTER_BOUND('',#464,.T.);
#260=FACE_OUTER_BOUND('',#465,.T.);
#261=FACE_OUTER_BOUND('',#466,.T.);
#262=FACE_OUTER_BOUND('',#467,.T.);
#263=FACE_OUTER_BOUND('',#468,.T.);
#264=FACE_OUTER_BOUND('',#469,.T.);
#265=FACE_OUTER_BOUND('',#470,.T.);
#266=FACE_OUTER_BOUND('',#471,.T.);
#267=FACE_OUTER_BOUND('',#472,.T.);
#268=FACE_OUTER_BOUND('',#473,.T.);
#269=FACE_OUTER_BOUND('',#474,.T.);
#270=FACE_OUTER_BOUND('',#475,.T.);
#271=FACE_OUTER_BOUND('',#476,.T.);
#272=FACE_OUTER_BOUND('',#477,.T.);
#273=FACE_OUTER_BOUND('',#478,.T.);
#274=FACE_OUTER_BOUND('',#479,.T.);
#275=FACE_OUTER_BOUND('',#480,.T.);
#276=FACE_OUTER_BOUND('',#481,.T.);
#277=FACE_OUTER_BOUND('',#482,.T.);
#278=FACE_OUTER_BOUND('',#483,.T.);
#279=FACE_OUTER_BOUND('',#484,.T.);
#280=FACE_OUTER_BOUND('',#485,.T.);
#281=FACE_OUTER_BOUND('',#486,.T.);
#282=FACE_OUTER_BOUND('',#487,.T.);
#283=FACE_OUTER_BOUND('',#488,.T.);
#284=FACE_OUTER_BOUND('',#489,.T.);
#285=FACE_OUTER_BOUND('',#490,.T.);
#286=FACE_OUTER_BOUND('',#491,.T.);
#287=FACE_OUTER_BOUND('',#492,.T.);
#288=FACE_OUTER_BOUND('',#493,.T.);
#289=FACE_OUTER_BOUND('',#496,.T.);
#290=FACE_OUTER_BOUND('',#497,.T.);
#291=FACE_OUTER_BOUND('',#498,.T.);
#292=FACE_OUTER_BOUND('',#499,.T.);
#293=FACE_OUTER_BOUND('',#500,.T.);
#294=FACE_OUTER_BOUND('',#501,.T.);
#295=FACE_OUTER_BOUND('',#502,.T.);
#296=FACE_OUTER_BOUND('',#503,.T.);
#297=FACE_OUTER_BOUND('',#504,.T.);
#298=FACE_OUTER_BOUND('',#506,.T.);
#299=FACE_OUTER_BOUND('',#507,.T.);
#300=FACE_OUTER_BOUND('',#508,.T.);
#301=FACE_OUTER_BOUND('',#509,.T.);
#302=FACE_OUTER_BOUND('',#510,.T.);
#303=FACE_OUTER_BOUND('',#511,.T.);
#304=FACE_OUTER_BOUND('',#512,.T.);
#305=FACE_OUTER_BOUND('',#513,.T.);
#306=FACE_OUTER_BOUND('',#514,.T.);
#307=FACE_OUTER_BOUND('',#515,.T.);
#308=FACE_OUTER_BOUND('',#516,.T.);
#309=FACE_OUTER_BOUND('',#517,.T.);
#310=FACE_OUTER_BOUND('',#518,.T.);
#311=FACE_OUTER_BOUND('',#519,.T.);
#312=FACE_OUTER_BOUND('',#520,.T.);
#313=FACE_OUTER_BOUND('',#521,.T.);
#314=FACE_OUTER_BOUND('',#522,.T.);
#315=FACE_OUTER_BOUND('',#523,.T.);
#316=FACE_OUTER_BOUND('',#524,.T.);
#317=FACE_OUTER_BOUND('',#525,.T.);
#318=FACE_OUTER_BOUND('',#526,.T.);
#319=FACE_OUTER_BOUND('',#527,.T.);
#320=FACE_OUTER_BOUND('',#528,.T.);
#321=FACE_OUTER_BOUND('',#529,.T.);
#322=FACE_OUTER_BOUND('',#530,.T.);
#323=FACE_OUTER_BOUND('',#531,.T.);
#324=FACE_OUTER_BOUND('',#532,.T.);
#325=FACE_OUTER_BOUND('',#534,.T.);
#326=FACE_OUTER_BOUND('',#535,.T.);
#327=FACE_OUTER_BOUND('',#536,.T.);
#328=FACE_OUTER_BOUND('',#538,.T.);
#329=FACE_OUTER_BOUND('',#539,.T.);
#330=FACE_OUTER_BOUND('',#540,.T.);
#331=FACE_OUTER_BOUND('',#542,.T.);
#332=FACE_OUTER_BOUND('',#543,.T.);
#333=FACE_OUTER_BOUND('',#544,.T.);
#334=FACE_OUTER_BOUND('',#546,.T.);
#335=FACE_OUTER_BOUND('',#547,.T.);
#336=FACE_OUTER_BOUND('',#548,.T.);
#337=FACE_OUTER_BOUND('',#549,.T.);
#338=FACE_OUTER_BOUND('',#550,.T.);
#339=FACE_OUTER_BOUND('',#551,.T.);
#340=FACE_OUTER_BOUND('',#552,.T.);
#341=FACE_OUTER_BOUND('',#553,.T.);
#342=FACE_OUTER_BOUND('',#554,.T.);
#343=FACE_OUTER_BOUND('',#556,.T.);
#344=FACE_OUTER_BOUND('',#557,.T.);
#345=FACE_OUTER_BOUND('',#563,.T.);
#346=FACE_OUTER_BOUND('',#564,.T.);
#347=FACE_OUTER_BOUND('',#565,.T.);
#348=FACE_OUTER_BOUND('',#566,.T.);
#349=FACE_OUTER_BOUND('',#567,.T.);
#350=FACE_OUTER_BOUND('',#568,.T.);
#351=FACE_OUTER_BOUND('',#569,.T.);
#352=FACE_OUTER_BOUND('',#570,.T.);
#353=EDGE_LOOP('',(#2062,#2063,#2064,#2065));
#354=EDGE_LOOP('',(#2066,#2067,#2068,#2069));
#355=EDGE_LOOP('',(#2070,#2071,#2072,#2073));
#356=EDGE_LOOP('',(#2074,#2075,#2076,#2077));
#357=EDGE_LOOP('',(#2078,#2079,#2080,#2081));
#358=EDGE_LOOP('',(#2082,#2083,#2084,#2085));
#359=EDGE_LOOP('',(#2086,#2087,#2088,#2089));
#360=EDGE_LOOP('',(#2090,#2091,#2092,#2093));
#361=EDGE_LOOP('',(#2094,#2095,#2096,#2097));
#362=EDGE_LOOP('',(#2098,#2099,#2100,#2101));
#363=EDGE_LOOP('',(#2102,#2103,#2104,#2105));
#364=EDGE_LOOP('',(#2106,#2107,#2108,#2109));
#365=EDGE_LOOP('',(#2110,#2111,#2112,#2113));
#366=EDGE_LOOP('',(#2114,#2115,#2116,#2117));
#367=EDGE_LOOP('',(#2118,#2119,#2120,#2121));
#368=EDGE_LOOP('',(#2122,#2123,#2124,#2125));
#369=EDGE_LOOP('',(#2126,#2127,#2128,#2129));
#370=EDGE_LOOP('',(#2130,#2131,#2132,#2133));
#371=EDGE_LOOP('',(#2134,#2135,#2136,#2137));
#372=EDGE_LOOP('',(#2138,#2139,#2140,#2141));
#373=EDGE_LOOP('',(#2142,#2143,#2144,#2145));
#374=EDGE_LOOP('',(#2146,#2147,#2148,#2149));
#375=EDGE_LOOP('',(#2150,#2151,#2152,#2153));
#376=EDGE_LOOP('',(#2154,#2155,#2156,#2157));
#377=EDGE_LOOP('',(#2158,#2159,#2160,#2161));
#378=EDGE_LOOP('',(#2162,#2163,#2164,#2165));
#379=EDGE_LOOP('',(#2166,#2167,#2168,#2169));
#380=EDGE_LOOP('',(#2170,#2171,#2172,#2173));
#381=EDGE_LOOP('',(#2174,#2175,#2176,#2177));
#382=EDGE_LOOP('',(#2178,#2179,#2180,#2181));
#383=EDGE_LOOP('',(#2182,#2183,#2184,#2185));
#384=EDGE_LOOP('',(#2186,#2187,#2188,#2189));
#385=EDGE_LOOP('',(#2190,#2191,#2192,#2193));
#386=EDGE_LOOP('',(#2194,#2195,#2196,#2197));
#387=EDGE_LOOP('',(#2198,#2199,#2200,#2201));
#388=EDGE_LOOP('',(#2202,#2203,#2204,#2205));
#389=EDGE_LOOP('',(#2206,#2207,#2208,#2209));
#390=EDGE_LOOP('',(#2210,#2211,#2212,#2213));
#391=EDGE_LOOP('',(#2214,#2215,#2216,#2217));
#392=EDGE_LOOP('',(#2218,#2219,#2220,#2221));
#393=EDGE_LOOP('',(#2222,#2223,#2224,#2225));
#394=EDGE_LOOP('',(#2226,#2227,#2228,#2229));
#395=EDGE_LOOP('',(#2230,#2231,#2232,#2233));
#396=EDGE_LOOP('',(#2234,#2235,#2236,#2237));
#397=EDGE_LOOP('',(#2238,#2239,#2240,#2241));
#398=EDGE_LOOP('',(#2242,#2243,#2244,#2245));
#399=EDGE_LOOP('',(#2246,#2247,#2248,#2249));
#400=EDGE_LOOP('',(#2250,#2251,#2252,#2253));
#401=EDGE_LOOP('',(#2254,#2255,#2256,#2257));
#402=EDGE_LOOP('',(#2258,#2259,#2260,#2261));
#403=EDGE_LOOP('',(#2262,#2263,#2264,#2265));
#404=EDGE_LOOP('',(#2266,#2267,#2268,#2269));
#405=EDGE_LOOP('',(#2270,#2271,#2272,#2273));
#406=EDGE_LOOP('',(#2274,#2275,#2276,#2277));
#407=EDGE_LOOP('',(#2278,#2279,#2280,#2281));
#408=EDGE_LOOP('',(#2282,#2283,#2284,#2285));
#409=EDGE_LOOP('',(#2286,#2287,#2288,#2289));
#410=EDGE_LOOP('',(#2290,#2291,#2292,#2293));
#411=EDGE_LOOP('',(#2294,#2295,#2296,#2297));
#412=EDGE_LOOP('',(#2298,#2299,#2300,#2301));
#413=EDGE_LOOP('',(#2302,#2303,#2304,#2305));
#414=EDGE_LOOP('',(#2306,#2307,#2308,#2309));
#415=EDGE_LOOP('',(#2310,#2311,#2312,#2313));
#416=EDGE_LOOP('',(#2314,#2315,#2316,#2317));
#417=EDGE_LOOP('',(#2318,#2319,#2320,#2321));
#418=EDGE_LOOP('',(#2322,#2323,#2324,#2325));
#419=EDGE_LOOP('',(#2326));
#420=EDGE_LOOP('',(#2327,#2328,#2329,#2330));
#421=EDGE_LOOP('',(#2331,#2332,#2333,#2334));
#422=EDGE_LOOP('',(#2335,#2336,#2337,#2338));
#423=EDGE_LOOP('',(#2339,#2340,#2341,#2342));
#424=EDGE_LOOP('',(#2343,#2344,#2345,#2346));
#425=EDGE_LOOP('',(#2347,#2348,#2349,#2350));
#426=EDGE_LOOP('',(#2351,#2352,#2353,#2354));
#427=EDGE_LOOP('',(#2355,#2356,#2357,#2358));
#428=EDGE_LOOP('',(#2359,#2360,#2361,#2362));
#429=EDGE_LOOP('',(#2363,#2364,#2365,#2366));
#430=EDGE_LOOP('',(#2367,#2368,#2369,#2370));
#431=EDGE_LOOP('',(#2371,#2372,#2373,#2374));
#432=EDGE_LOOP('',(#2375,#2376,#2377,#2378,#2379,#2380,#2381,#2382));
#433=EDGE_LOOP('',(#2383,#2384,#2385,#2386,#2387,#2388,#2389,#2390));
#434=EDGE_LOOP('',(#2391,#2392,#2393,#2394));
#435=EDGE_LOOP('',(#2395,#2396,#2397,#2398));
#436=EDGE_LOOP('',(#2399,#2400,#2401,#2402));
#437=EDGE_LOOP('',(#2403,#2404,#2405,#2406));
#438=EDGE_LOOP('',(#2407,#2408,#2409,#2410));
#439=EDGE_LOOP('',(#2411,#2412,#2413,#2414));
#440=EDGE_LOOP('',(#2415,#2416,#2417,#2418));
#441=EDGE_LOOP('',(#2419,#2420,#2421,#2422));
#442=EDGE_LOOP('',(#2423,#2424,#2425,#2426));
#443=EDGE_LOOP('',(#2427,#2428,#2429,#2430));
#444=EDGE_LOOP('',(#2431,#2432,#2433,#2434,#2435,#2436,#2437,#2438));
#445=EDGE_LOOP('',(#2439,#2440,#2441,#2442));
#446=EDGE_LOOP('',(#2443,#2444,#2445,#2446));
#447=EDGE_LOOP('',(#2447,#2448,#2449,#2450,#2451,#2452,#2453,#2454));
#448=EDGE_LOOP('',(#2455,#2456,#2457));
#449=EDGE_LOOP('',(#2458,#2459,#2460));
#450=EDGE_LOOP('',(#2461,#2462,#2463,#2464));
#451=EDGE_LOOP('',(#2465,#2466,#2467,#2468));
#452=EDGE_LOOP('',(#2469,#2470,#2471,#2472));
#453=EDGE_LOOP('',(#2473,#2474,#2475,#2476));
#454=EDGE_LOOP('',(#2477,#2478,#2479,#2480));
#455=EDGE_LOOP('',(#2481,#2482,#2483));
#456=EDGE_LOOP('',(#2484,#2485,#2486,#2487));
#457=EDGE_LOOP('',(#2488,#2489,#2490));
#458=EDGE_LOOP('',(#2491,#2492,#2493));
#459=EDGE_LOOP('',(#2494,#2495,#2496,#2497));
#460=EDGE_LOOP('',(#2498,#2499,#2500,#2501));
#461=EDGE_LOOP('',(#2502,#2503,#2504,#2505));
#462=EDGE_LOOP('',(#2506,#2507,#2508,#2509));
#463=EDGE_LOOP('',(#2510,#2511,#2512,#2513));
#464=EDGE_LOOP('',(#2514,#2515,#2516));
#465=EDGE_LOOP('',(#2517,#2518,#2519,#2520));
#466=EDGE_LOOP('',(#2521,#2522,#2523));
#467=EDGE_LOOP('',(#2524,#2525,#2526));
#468=EDGE_LOOP('',(#2527,#2528,#2529,#2530));
#469=EDGE_LOOP('',(#2531,#2532,#2533,#2534));
#470=EDGE_LOOP('',(#2535,#2536,#2537,#2538));
#471=EDGE_LOOP('',(#2539,#2540,#2541,#2542));
#472=EDGE_LOOP('',(#2543,#2544,#2545,#2546));
#473=EDGE_LOOP('',(#2547,#2548,#2549));
#474=EDGE_LOOP('',(#2550,#2551,#2552,#2553));
#475=EDGE_LOOP('',(#2554,#2555,#2556));
#476=EDGE_LOOP('',(#2557,#2558,#2559));
#477=EDGE_LOOP('',(#2560,#2561,#2562,#2563));
#478=EDGE_LOOP('',(#2564,#2565,#2566,#2567));
#479=EDGE_LOOP('',(#2568,#2569,#2570,#2571));
#480=EDGE_LOOP('',(#2572,#2573,#2574,#2575));
#481=EDGE_LOOP('',(#2576,#2577,#2578,#2579));
#482=EDGE_LOOP('',(#2580,#2581,#2582));
#483=EDGE_LOOP('',(#2583,#2584,#2585,#2586));
#484=EDGE_LOOP('',(#2587,#2588,#2589,#2590));
#485=EDGE_LOOP('',(#2591,#2592,#2593));
#486=EDGE_LOOP('',(#2594,#2595,#2596,#2597));
#487=EDGE_LOOP('',(#2598,#2599,#2600));
#488=EDGE_LOOP('',(#2601,#2602,#2603,#2604));
#489=EDGE_LOOP('',(#2605,#2606,#2607));
#490=EDGE_LOOP('',(#2608,#2609,#2610,#2611));
#491=EDGE_LOOP('',(#2612,#2613,#2614));
#492=EDGE_LOOP('',(#2615,#2616,#2617,#2618));
#493=EDGE_LOOP('',(#2619,#2620,#2621,#2622));
#494=EDGE_LOOP('',(#2623));
#495=EDGE_LOOP('',(#2624,#2625,#2626,#2627,#2628,#2629,#2630,#2631));
#496=EDGE_LOOP('',(#2632,#2633,#2634,#2635));
#497=EDGE_LOOP('',(#2636,#2637,#2638,#2639));
#498=EDGE_LOOP('',(#2640,#2641,#2642,#2643));
#499=EDGE_LOOP('',(#2644,#2645,#2646,#2647));
#500=EDGE_LOOP('',(#2648,#2649,#2650,#2651));
#501=EDGE_LOOP('',(#2652,#2653,#2654,#2655));
#502=EDGE_LOOP('',(#2656,#2657,#2658,#2659));
#503=EDGE_LOOP('',(#2660,#2661,#2662,#2663));
#504=EDGE_LOOP('',(#2664,#2665,#2666,#2667,#2668,#2669,#2670,#2671));
#505=EDGE_LOOP('',(#2672,#2673,#2674,#2675,#2676,#2677,#2678,#2679));
#506=EDGE_LOOP('',(#2680,#2681,#2682,#2683,#2684));
#507=EDGE_LOOP('',(#2685,#2686,#2687,#2688));
#508=EDGE_LOOP('',(#2689,#2690,#2691,#2692,#2693,#2694,#2695,#2696,#2697,
#2698,#2699,#2700,#2701,#2702,#2703,#2704,#2705,#2706,#2707,#2708));
#509=EDGE_LOOP('',(#2709,#2710,#2711,#2712,#2713,#2714,#2715,#2716,#2717,
#2718,#2719,#2720,#2721,#2722,#2723,#2724,#2725,#2726,#2727,#2728));
#510=EDGE_LOOP('',(#2729,#2730,#2731,#2732,#2733));
#511=EDGE_LOOP('',(#2734,#2735,#2736,#2737));
#512=EDGE_LOOP('',(#2738,#2739,#2740,#2741,#2742));
#513=EDGE_LOOP('',(#2743,#2744,#2745,#2746));
#514=EDGE_LOOP('',(#2747,#2748,#2749,#2750,#2751,#2752,#2753,#2754,#2755,
#2756,#2757,#2758,#2759,#2760,#2761,#2762,#2763,#2764,#2765,#2766));
#515=EDGE_LOOP('',(#2767,#2768,#2769,#2770,#2771,#2772,#2773,#2774,#2775,
#2776,#2777,#2778,#2779,#2780,#2781,#2782,#2783,#2784,#2785,#2786));
#516=EDGE_LOOP('',(#2787,#2788,#2789,#2790,#2791));
#517=EDGE_LOOP('',(#2792,#2793,#2794,#2795));
#518=EDGE_LOOP('',(#2796,#2797,#2798,#2799,#2800));
#519=EDGE_LOOP('',(#2801,#2802,#2803,#2804));
#520=EDGE_LOOP('',(#2805,#2806,#2807,#2808,#2809,#2810,#2811,#2812,#2813,
#2814,#2815,#2816,#2817,#2818,#2819,#2820,#2821,#2822,#2823,#2824));
#521=EDGE_LOOP('',(#2825,#2826,#2827,#2828,#2829,#2830,#2831,#2832,#2833,
#2834,#2835,#2836,#2837,#2838,#2839,#2840,#2841,#2842,#2843,#2844));
#522=EDGE_LOOP('',(#2845,#2846,#2847,#2848,#2849));
#523=EDGE_LOOP('',(#2850,#2851,#2852,#2853));
#524=EDGE_LOOP('',(#2854,#2855,#2856,#2857,#2858));
#525=EDGE_LOOP('',(#2859,#2860,#2861,#2862));
#526=EDGE_LOOP('',(#2863,#2864,#2865,#2866,#2867,#2868,#2869,#2870,#2871,
#2872,#2873,#2874,#2875,#2876,#2877,#2878,#2879,#2880,#2881,#2882));
#527=EDGE_LOOP('',(#2883,#2884,#2885,#2886,#2887,#2888,#2889,#2890,#2891,
#2892,#2893,#2894,#2895,#2896,#2897,#2898,#2899,#2900,#2901,#2902));
#528=EDGE_LOOP('',(#2903,#2904,#2905,#2906,#2907));
#529=EDGE_LOOP('',(#2908,#2909,#2910,#2911));
#530=EDGE_LOOP('',(#2912,#2913,#2914,#2915));
#531=EDGE_LOOP('',(#2916,#2917,#2918,#2919));
#532=EDGE_LOOP('',(#2920));
#533=EDGE_LOOP('',(#2921,#2922,#2923,#2924));
#534=EDGE_LOOP('',(#2925,#2926,#2927,#2928));
#535=EDGE_LOOP('',(#2929,#2930,#2931,#2932));
#536=EDGE_LOOP('',(#2933));
#537=EDGE_LOOP('',(#2934,#2935,#2936,#2937));
#538=EDGE_LOOP('',(#2938,#2939,#2940,#2941));
#539=EDGE_LOOP('',(#2942,#2943,#2944,#2945));
#540=EDGE_LOOP('',(#2946));
#541=EDGE_LOOP('',(#2947,#2948,#2949,#2950));
#542=EDGE_LOOP('',(#2951,#2952,#2953,#2954));
#543=EDGE_LOOP('',(#2955,#2956,#2957,#2958));
#544=EDGE_LOOP('',(#2959));
#545=EDGE_LOOP('',(#2960,#2961,#2962,#2963));
#546=EDGE_LOOP('',(#2964,#2965,#2966));
#547=EDGE_LOOP('',(#2967,#2968,#2969));
#548=EDGE_LOOP('',(#2970,#2971,#2972));
#549=EDGE_LOOP('',(#2973,#2974,#2975));
#550=EDGE_LOOP('',(#2976,#2977,#2978,#2979));
#551=EDGE_LOOP('',(#2980,#2981,#2982,#2983));
#552=EDGE_LOOP('',(#2984,#2985,#2986,#2987));
#553=EDGE_LOOP('',(#2988,#2989,#2990,#2991));
#554=EDGE_LOOP('',(#2992,#2993,#2994,#2995));
#555=EDGE_LOOP('',(#2996,#2997,#2998,#2999,#3000,#3001,#3002,#3003));
#556=EDGE_LOOP('',(#3004,#3005,#3006,#3007));
#557=EDGE_LOOP('',(#3008,#3009,#3010,#3011));
#558=EDGE_LOOP('',(#3012,#3013,#3014,#3015,#3016,#3017,#3018,#3019));
#559=EDGE_LOOP('',(#3020));
#560=EDGE_LOOP('',(#3021));
#561=EDGE_LOOP('',(#3022));
#562=EDGE_LOOP('',(#3023));
#563=EDGE_LOOP('',(#3024,#3025,#3026,#3027));
#564=EDGE_LOOP('',(#3028,#3029,#3030,#3031));
#565=EDGE_LOOP('',(#3032,#3033,#3034,#3035));
#566=EDGE_LOOP('',(#3036,#3037,#3038,#3039));
#567=EDGE_LOOP('',(#3040,#3041,#3042,#3043));
#568=EDGE_LOOP('',(#3044,#3045,#3046,#3047));
#569=EDGE_LOOP('',(#3048,#3049,#3050,#3051));
#570=EDGE_LOOP('',(#3052,#3053,#3054,#3055));
#571=CIRCLE('',#3370,0.0447);
#572=CIRCLE('',#3378,0.0447);
#573=CIRCLE('',#3380,0.0559999999999999);
#574=CIRCLE('',#3388,0.056);
#575=CIRCLE('',#3390,0.05105);
#576=CIRCLE('',#3398,0.05105);
#577=CIRCLE('',#3400,0.0625);
#578=CIRCLE('',#3408,0.0625000000000001);
#579=CIRCLE('',#3410,0.0447);
#580=CIRCLE('',#3418,0.0447);
#581=CIRCLE('',#3420,0.0559999999999998);
#582=CIRCLE('',#3428,0.0559999999999999);
#583=CIRCLE('',#3430,0.0447);
#584=CIRCLE('',#3438,0.0447);
#585=CIRCLE('',#3440,0.0560000000000001);
#586=CIRCLE('',#3448,0.0560000000000001);
#587=CIRCLE('',#3450,0.2725);
#588=CIRCLE('',#3451,0.2525);
#589=CIRCLE('',#3454,0.2525);
#590=CIRCLE('',#3456,0.1);
#591=CIRCLE('',#3457,0.125);
#592=CIRCLE('',#3460,0.0999999999999996);
#593=CIRCLE('',#3461,0.125);
#594=CIRCLE('',#3464,0.0999999999999995);
#595=CIRCLE('',#3465,0.125);
#596=CIRCLE('',#3468,0.0999999999999996);
#597=CIRCLE('',#3469,0.125);
#598=CIRCLE('',#3472,0.125);
#599=CIRCLE('',#3475,0.125);
#600=CIRCLE('',#3477,0.0712598425196848);
#601=CIRCLE('',#3478,0.0712598425196847);
#602=CIRCLE('',#3479,0.0712598425196848);
#603=CIRCLE('',#3480,0.0712598425196854);
#604=CIRCLE('',#3483,0.0462598425196847);
#605=CIRCLE('',#3486,0.0462598425196846);
#606=CIRCLE('',#3489,0.0462598425196847);
#607=CIRCLE('',#3492,0.0462598425196853);
#608=CIRCLE('',#3494,0.0462598425196847);
#609=CIRCLE('',#3501,0.0462598425196848);
#610=CIRCLE('',#3508,0.00800000000000008);
#611=CIRCLE('',#3509,0.008);
#612=CIRCLE('',#3510,0.00799999999999989);
#613=CIRCLE('',#3512,0.00799999999999989);
#614=CIRCLE('',#3513,0.008);
#615=CIRCLE('',#3514,0.00800000000000008);
#616=CIRCLE('',#3523,0.00800000000000008);
#617=CIRCLE('',#3524,0.008);
#618=CIRCLE('',#3525,0.00799999999999989);
#619=CIRCLE('',#3527,0.00799999999999989);
#620=CIRCLE('',#3528,0.008);
#621=CIRCLE('',#3529,0.00800000000000008);
#622=CIRCLE('',#3542,0.00800000000000008);
#623=CIRCLE('',#3543,0.008);
#624=CIRCLE('',#3544,0.00799999999999989);
#625=CIRCLE('',#3546,0.00799999999999989);
#626=CIRCLE('',#3547,0.008);
#627=CIRCLE('',#3548,0.00800000000000008);
#628=CIRCLE('',#3561,0.00800000000000008);
#629=CIRCLE('',#3562,0.008);
#630=CIRCLE('',#3563,0.00799999999999989);
#631=CIRCLE('',#3565,0.00799999999999989);
#632=CIRCLE('',#3566,0.008);
#633=CIRCLE('',#3567,0.00800000000000008);
#634=CIRCLE('',#3584,0.0462598425196847);
#635=CIRCLE('',#3587,0.0570355801736086);
#636=CIRCLE('',#3588,0.1);
#637=CIRCLE('',#3591,0.0570355801736087);
#638=CIRCLE('',#3592,0.1);
#639=CIRCLE('',#3595,0.0570355801736086);
#640=CIRCLE('',#3596,0.1);
#641=CIRCLE('',#3599,0.0570355801736086);
#642=CIRCLE('',#3600,0.1);
#643=CIRCLE('',#3603,0.125);
#644=CIRCLE('',#3604,0.125);
#645=CIRCLE('',#3606,0.0447);
#646=CIRCLE('',#3607,0.0447);
#647=CIRCLE('',#3612,0.0447);
#648=CIRCLE('',#3613,0.0447);
#649=CIRCLE('',#3618,0.05105);
#650=CIRCLE('',#3619,0.05105);
#651=CIRCLE('',#3624,0.0447);
#652=CIRCLE('',#3625,0.0447);
#653=CIRCLE('',#3630,0.0784251968503937);
#654=CIRCLE('',#3631,0.0984251968503937);
#655=CIRCLE('',#3633,0.0984251968503937);
#656=CIRCLE('',#3636,0.0784251968503937);
#657=CIRCLE('',#3637,0.0984251968503937);
#658=CIRCLE('',#3639,0.0984251968503937);
#659=CIRCLE('',#3642,0.0784251968503937);
#660=CIRCLE('',#3643,0.0984251968503937);
#661=CIRCLE('',#3645,0.0984251968503937);
#662=CIRCLE('',#3648,0.0784251968503937);
#663=CIRCLE('',#3649,0.0984251968503937);
#664=CIRCLE('',#3651,0.0984251968503937);
#665=CIRCLE('',#3661,0.0462598425196854);
#666=CIRCLE('',#3669,0.198425196850394);
#667=CIRCLE('',#3670,0.198425196850394);
#668=CIRCLE('',#3671,0.198425196850394);
#669=CIRCLE('',#3672,0.198425196850394);
#670=CIRCLE('',#3674,0.1);
#671=CIRCLE('',#3676,0.1);
#672=CIRCLE('',#3678,0.1);
#673=CIRCLE('',#3680,0.1);
#674=B_SPLINE_CURVE_WITH_KNOTS('',3,(#4541,#4542,#4543,#4544),
 .UNSPECIFIED.,.F.,.F.,(4,4),(51.3174860886925,51.9051570827044),
 .UNSPECIFIED.);
#675=B_SPLINE_CURVE_WITH_KNOTS('',3,(#4547,#4548,#4549,#4550,#4551,#4552,
#4553,#4554,#4555,#4556,#4557,#4558,#4559),.UNSPECIFIED.,.F.,.F.,(4,3,3,
3,4),(-50.2654824574367,-49.9088048872158,-48.9106287894715,-47.9124526917272,
-47.7115607978588),.UNSPECIFIED.);
#676=B_SPLINE_CURVE_WITH_KNOTS('',3,(#4564,#4565,#4566,#4567,#4568,#4569,
#4570,#4571,#4572,#4573,#4574,#4575,#4576,#4577,#4578,#4579,#4580,#4581,
#4582,#4583,#4584,#4585),.UNSPECIFIED.,.F.,.F.,(4,3,3,3,3,3,3,4),(45.034300781513,
45.9161004962386,46.9142765939829,47.9124526917272,48.9106287894715,49.9088048872158,
50.9069809849601,51.3174860886925),.UNSPECIFIED.);
#677=B_SPLINE_CURVE_WITH_KNOTS('',3,(#4586,#4587,#4588,#4589,#4590,#4591,
#4592,#4593,#4594,#4595,#4596,#4597,#4598,#4599,#4600,#4601,#4602,#4603,
#4604,#4605,#4606,#4607),.UNSPECIFIED.,.F.,.F.,(4,3,3,3,3,3,3,4),(-47.7115607978588,
-46.9142765939829,-45.9161004962385,-44.9179243984942,-43.9197483007499,
-42.9215722030056,-41.9233961052613,-41.4283754906792),.UNSPECIFIED.);
#678=B_SPLINE_CURVE_WITH_KNOTS('',3,(#4612,#4613,#4614,#4615,#4616,#4617,
#4618,#4619,#4620,#4621,#4622,#4623,#4624,#4625,#4626,#4627,#4628,#4629,
#4630,#4631,#4632,#4633,#4634,#4635,#4636),.UNSPECIFIED.,.F.,.F.,(4,3,3,
3,3,3,3,3,4),(38.7511154743334,38.9288678120283,39.9270439097727,40.925220007517,
41.9233961052613,42.9215722030056,43.9197483007499,44.9179243984942,45.034300781513),
 .UNSPECIFIED.);
#679=B_SPLINE_CURVE_WITH_KNOTS('',3,(#4637,#4638,#4639,#4640,#4641,#4642,
#4643,#4644,#4645,#4646,#4647,#4648,#4649,#4650,#4651,#4652,#4653,#4654,
#4655,#4656,#4657,#4658),.UNSPECIFIED.,.F.,.F.,(4,3,3,3,3,3,3,4),(-41.4283754906792,
-40.925220007517,-39.9270439097726,-38.9288678120283,-37.930691714284,-36.9325156165397,
-35.9343395187954,-35.1451901834996),.UNSPECIFIED.);
#680=B_SPLINE_CURVE_WITH_KNOTS('',3,(#4663,#4664,#4665,#4666,#4667,#4668,
#4669,#4670,#4671,#4672,#4673,#4674,#4675,#4676,#4677,#4678,#4679,#4680,
#4681,#4682,#4683,#4684),.UNSPECIFIED.,.F.,.F.,(4,3,3,3,3,3,3,4),(32.4679301671538,
32.9398112255624,33.9379873233068,34.9361634210511,35.9343395187954,36.9325156165397,
37.930691714284,38.7511154743334),.UNSPECIFIED.);
#681=B_SPLINE_CURVE_WITH_KNOTS('',3,(#4685,#4686,#4687,#4688,#4689,#4690,
#4691,#4692,#4693,#4694,#4695,#4696,#4697,#4698,#4699,#4700,#4701,#4702,
#4703,#4704,#4705,#4706,#4707,#4708,#4709),.UNSPECIFIED.,.F.,.F.,(4,3,3,
3,3,3,3,3,4),(-35.1451901834996,-34.9361634210511,-33.9379873233067,-32.9398112255624,
-31.9416351278181,-30.9434590300738,-29.9452829323295,-28.9471068345852,
-28.86200487632),.UNSPECIFIED.);
#682=B_SPLINE_CURVE_WITH_KNOTS('',3,(#4714,#4715,#4716,#4717,#4718,#4719,
#4720,#4721,#4722,#4723,#4724,#4725,#4726,#4727,#4728,#4729,#4730,#4731,
#4732,#4733,#4734,#4735),.UNSPECIFIED.,.F.,.F.,(4,3,3,3,3,3,3,4),(26.1847448599742,
26.9507546390965,27.9489307368409,28.9471068345852,29.9452829323295,30.9434590300738,
31.9416351278181,32.4679301671538),.UNSPECIFIED.);
#683=B_SPLINE_CURVE_WITH_KNOTS('',3,(#4736,#4737,#4738,#4739,#4740,#4741,
#4742,#4743,#4744,#4745,#4746,#4747,#4748,#4749,#4750,#4751,#4752,#4753,
#4754,#4755,#4756,#4757),.UNSPECIFIED.,.F.,.F.,(4,3,3,3,3,3,3,4),(-28.86200487632,
-27.9489307368409,-26.9507546390965,-25.9525785413522,-24.9544024436079,
-23.9562263458636,-22.9580502481193,-22.5788195691404),.UNSPECIFIED.);
#684=B_SPLINE_CURVE_WITH_KNOTS('',3,(#4762,#4763,#4764,#4765,#4766,#4767,
#4768,#4769,#4770,#4771,#4772,#4773,#4774,#4775,#4776,#4777,#4778,#4779,
#4780,#4781,#4782,#4783,#4784,#4785,#4786),.UNSPECIFIED.,.F.,.F.,(4,3,3,
3,3,3,3,3,4),(19.9015595527946,19.9635219548863,20.9616980526306,21.959874150375,
22.9580502481193,23.9562263458636,24.9544024436079,25.9525785413522,26.1847448599742),
 .UNSPECIFIED.);
#685=B_SPLINE_CURVE_WITH_KNOTS('',3,(#4787,#4788,#4789,#4790,#4791,#4792,
#4793,#4794,#4795,#4796,#4797,#4798,#4799,#4800,#4801,#4802,#4803,#4804,
#4805,#4806,#4807,#4808),.UNSPECIFIED.,.F.,.F.,(4,3,3,3,3,3,3,4),(-22.5788195691404,
-21.959874150375,-20.9616980526306,-19.9635219548863,-18.965345857142,-17.9671697593977,
-16.9689936616534,-16.2956342619609),.UNSPECIFIED.);
#686=B_SPLINE_CURVE_WITH_KNOTS('',3,(#4813,#4814,#4815,#4816,#4817,#4818,
#4819,#4820,#4821,#4822,#4823,#4824,#4825,#4826,#4827,#4828,#4829,#4830,
#4831,#4832,#4833,#4834),.UNSPECIFIED.,.F.,.F.,(4,3,3,3,3,3,3,4),(13.618374245615,
13.9744653684204,14.9726414661647,15.9708175639091,16.9689936616534,17.9671697593977,
18.965345857142,19.9015595527946),.UNSPECIFIED.);
#687=B_SPLINE_CURVE_WITH_KNOTS('',3,(#4835,#4836,#4837,#4838,#4839,#4840,
#4841,#4842,#4843,#4844,#4845,#4846,#4847,#4848,#4849,#4850,#4851,#4852,
#4853,#4854,#4855,#4856),.UNSPECIFIED.,.F.,.F.,(4,3,3,3,3,3,3,4),(-16.2956342619609,
-15.9708175639091,-14.9726414661647,-13.9744653684204,-12.9762892706761,
-11.9781131729318,-10.9799370751875,-10.0124489547813),.UNSPECIFIED.);
#688=B_SPLINE_CURVE_WITH_KNOTS('',3,(#4862,#4863,#4864,#4865,#4866,#4867,
#4868,#4869,#4870,#4871,#4872,#4873,#4874),.UNSPECIFIED.,.F.,.F.,(4,3,3,
3,4),(-3.72926364760168,-2.99452829323295,-1.99635219548863,-0.998176097744317,
0.),.UNSPECIFIED.);
#689=B_SPLINE_CURVE_WITH_KNOTS('',3,(#4877,#4878,#4879,#4880,#4881,#4882,
#4883,#4884,#4885,#4886,#4887,#4888,#4889,#4890,#4891,#4892,#4893,#4894,
#4895,#4896,#4897,#4898),.UNSPECIFIED.,.F.,.F.,(4,3,3,3,3,3,3,4),(1.63967462526773,
1.99635219548863,2.99452829323295,3.99270439097727,4.99088048872158,5.9890565864659,
6.98723268421021,7.33518893843542),.UNSPECIFIED.);
#690=B_SPLINE_CURVE_WITH_KNOTS('',3,(#4904,#4905,#4906,#4907,#4908,#4909,
#4910,#4911),.UNSPECIFIED.,.F.,.F.,(4,1,1,1,1,4),(59.6902604182061,59.8911523120744,
60.8893284098188,61.8875045075631,62.8856806053074,63.8838567030517),
 .UNSPECIFIED.);
#691=B_SPLINE_CURVE_WITH_KNOTS('',3,(#4914,#4915,#4916,#4917,#4918,#4919,
#4920,#4921,#4922),.UNSPECIFIED.,.F.,.F.,(4,1,1,1,1,1,4),(59.6902604182061,
60.5720601329317,61.570236230676,62.5684123284203,63.5665884261646,64.5647645239089,
64.9214420941298),.UNSPECIFIED.);
#692=B_SPLINE_CURVE_WITH_KNOTS('',3,(#4927,#4928,#4929,#4930,#4931,#4932,
#4933,#4934,#4935,#4936),.UNSPECIFIED.,.F.,.F.,(4,1,1,1,1,1,1,4),(53.4070751110265,
53.9020957256085,54.9002718233529,55.8984479210972,56.8966240188415,57.8948001165858,
58.8929762143301,59.6902604182061),.UNSPECIFIED.);
#693=B_SPLINE_CURVE_WITH_KNOTS('',3,(#4937,#4938,#4939,#4940,#4941,#4942,
#4943,#4944,#4945,#4946,#4947),.UNSPECIFIED.,.F.,.F.,(4,1,1,1,1,1,1,1,4),
(53.4070751110265,53.5848274487214,54.5830035464658,55.5811796442101,56.5793557419544,
57.5775318396987,58.575707937443,59.5738840351873,59.6902604182061),
 .UNSPECIFIED.);
#694=B_SPLINE_CURVE_WITH_KNOTS('',3,(#4952,#4953,#4954,#4955,#4956,#4957,
#4958,#4959,#4960,#4961),.UNSPECIFIED.,.F.,.F.,(4,1,1,1,1,1,1,4),(47.1238898038469,
47.9130391391426,48.911215236887,49.9093913346313,50.9075674323756,51.9057435301199,
52.9039196278642,53.4070751110265),.UNSPECIFIED.);
#695=B_SPLINE_CURVE_WITH_KNOTS('',3,(#4962,#4963,#4964,#4965,#4966,#4967,
#4968,#4969,#4970,#4971),.UNSPECIFIED.,.F.,.F.,(4,1,1,1,1,1,1,4),(47.1238898038469,
47.5957708622555,48.5939469599999,49.5921230577442,50.5902991554885,51.5884752532328,
52.5866513509771,53.4070751110265),.UNSPECIFIED.);
#696=B_SPLINE_CURVE_WITH_KNOTS('',3,(#4976,#4977,#4978,#4979,#4980,#4981,
#4982,#4983,#4984,#4985,#4986),.UNSPECIFIED.,.F.,.F.,(4,1,1,1,1,1,1,1,4),
(40.8407044966673,40.9258064549324,41.9239825526767,42.9221586504211,43.9203347481654,
44.9185108459097,45.916686943654,46.9148630413983,47.1238898038469),
 .UNSPECIFIED.);
#697=B_SPLINE_CURVE_WITH_KNOTS('',3,(#4987,#4988,#4989,#4990,#4991,#4992,
#4993,#4994,#4995,#4996),.UNSPECIFIED.,.F.,.F.,(4,1,1,1,1,1,1,4),(40.8407044966673,
41.6067142757896,42.604890373534,43.6030664712783,44.6012425690226,45.5994186667669,
46.5975947645112,47.1238898038469),.UNSPECIFIED.);
#698=B_SPLINE_CURVE_WITH_KNOTS('',3,(#5001,#5002,#5003,#5004,#5005,#5006,
#5007,#5008,#5009,#5010),.UNSPECIFIED.,.F.,.F.,(4,1,1,1,1,1,1,4),(34.5575191894877,
34.9367498684665,35.9349259662109,36.9331020639552,37.9312781616995,38.9294542594438,
39.9276303571881,40.8407044966673),.UNSPECIFIED.);
#699=B_SPLINE_CURVE_WITH_KNOTS('',3,(#5011,#5012,#5013,#5014,#5015,#5016,
#5017,#5018,#5019,#5020,#5021),.UNSPECIFIED.,.F.,.F.,(4,1,1,1,1,1,1,1,4),
(34.5575191894877,34.6194815915794,35.6176576893237,36.6158337870681,37.6140098848124,
38.6121859825567,39.610362080301,40.6085381780453,40.8407044966673),
 .UNSPECIFIED.);
#700=B_SPLINE_CURVE_WITH_KNOTS('',3,(#5026,#5027,#5028,#5029,#5030,#5031,
#5032,#5033,#5034,#5035),.UNSPECIFIED.,.F.,.F.,(4,1,1,1,1,1,1,4),(28.2743338823081,
28.9476932820006,29.945869379745,30.9440454774893,31.9422215752336,32.9403976729779,
33.9385737707222,34.5575191894877),.UNSPECIFIED.);
#701=B_SPLINE_CURVE_WITH_KNOTS('',3,(#5036,#5037,#5038,#5039,#5040,#5041,
#5042,#5043,#5044,#5045),.UNSPECIFIED.,.F.,.F.,(4,1,1,1,1,1,1,4),(28.2743338823081,
28.6304250051135,29.6286011028578,30.6267772006022,31.6249532983465,32.6231293960908,
33.6213054938351,34.5575191894877),.UNSPECIFIED.);
#702=B_SPLINE_CURVE_WITH_KNOTS('',3,(#5050,#5051,#5052,#5053,#5054,#5055,
#5056,#5057,#5058,#5059),.UNSPECIFIED.,.F.,.F.,(4,1,1,1,1,1,1,4),(21.9911485751285,
22.9586366955347,23.9568127932791,24.9549888910234,25.9531649887677,26.951341086512,
27.9495171842563,28.2743338823081),.UNSPECIFIED.);
#703=B_SPLINE_CURVE_WITH_KNOTS('',3,(#5060,#5061,#5062,#5063,#5064,#5065,
#5066,#5067,#5068,#5069),.UNSPECIFIED.,.F.,.F.,(4,1,1,1,1,1,1,4),(21.9911485751285,
22.6413684186476,23.6395445163919,24.6377206141363,25.6358967118806,26.6340728096249,
27.6322489073692,28.2743338823081),.UNSPECIFIED.);
#704=B_SPLINE_CURVE_WITH_KNOTS('',3,(#5075,#5076,#5077,#5078,#5079),
 .UNSPECIFIED.,.F.,.F.,(4,1,4),(14.6559596366931,15.6541357344374,15.707963267949),
 .UNSPECIFIED.);
#705=B_SPLINE_CURVE_WITH_KNOTS('',3,(#5082,#5083,#5084,#5085,#5086,#5087),
 .UNSPECIFIED.,.F.,.F.,(4,1,1,4),(13.618374245615,13.9750518158359,14.9732279135802,
15.7079632679489),.UNSPECIFIED.);
#706=B_SPLINE_CURVE_WITH_KNOTS('',3,(#5093,#5094,#5095,#5096),
 .UNSPECIFIED.,.F.,.F.,(4,4),(51.3174860886926,51.9269226750752),
 .UNSPECIFIED.);
#707=B_SPLINE_CURVE_WITH_KNOTS('',3,(#5099,#5100,#5101,#5102,#5103,#5104,
#5105,#5106,#5107,#5108,#5109,#5110,#5111),.UNSPECIFIED.,.F.,.F.,(4,3,3,
3,4),(-50.2654824574367,-49.9297333414185,-48.9311386745901,-47.9325440077618,
-47.7333263902296),.UNSPECIFIED.);
#708=B_SPLINE_CURVE_WITH_KNOTS('',3,(#5116,#5117,#5118,#5119,#5120,#5121,
#5122,#5123,#5124,#5125,#5126,#5127,#5128,#5129,#5130,#5131,#5132,#5133,
#5134,#5135,#5136,#5137),.UNSPECIFIED.,.F.,.F.,(4,3,3,3,3,3,3,4),(45.034300781513,
45.935354674105,46.9339493409334,47.9325440077618,48.9311386745901,49.9297333414185,
50.9283280082469,51.3174860886926),.UNSPECIFIED.);
#709=B_SPLINE_CURVE_WITH_KNOTS('',3,(#5138,#5139,#5140,#5141,#5142,#5143,
#5144,#5145,#5146,#5147,#5148,#5149,#5150,#5151,#5152,#5153,#5154,#5155,
#5156,#5157,#5158,#5159),.UNSPECIFIED.,.F.,.F.,(4,3,3,3,3,3,3,4),(-47.7333263902296,
-46.9339493409334,-45.935354674105,-44.9367600072767,-43.9381653404483,
-42.9395706736199,-41.9409760067915,-41.45014108305),.UNSPECIFIED.);
#710=B_SPLINE_CURVE_WITH_KNOTS('',3,(#5164,#5165,#5166,#5167,#5168,#5169,
#5170,#5171,#5172,#5173,#5174,#5175,#5176,#5177,#5178,#5179,#5180,#5181,
#5182,#5183,#5184,#5185,#5186,#5187,#5188),.UNSPECIFIED.,.F.,.F.,(4,3,3,
3,3,3,3,3,4),(38.7511154743334,38.9451920063064,39.9437866731348,40.9423813399632,
41.9409760067915,42.9395706736199,43.9381653404483,44.9367600072767,45.034300781513),
 .UNSPECIFIED.);
#711=B_SPLINE_CURVE_WITH_KNOTS('',3,(#5189,#5190,#5191,#5192,#5193,#5194,
#5195,#5196,#5197,#5198,#5199,#5200,#5201,#5202,#5203,#5204,#5205,#5206,
#5207,#5208,#5209,#5210),.UNSPECIFIED.,.F.,.F.,(4,3,3,3,3,3,3,4),(-41.45014108305,
-40.9423813399632,-39.9437866731348,-38.9451920063064,-37.9465973394781,
-36.9480026726497,-35.9494080058213,-35.1669557758704),.UNSPECIFIED.);
#712=B_SPLINE_CURVE_WITH_KNOTS('',3,(#5215,#5216,#5217,#5218,#5219,#5220,
#5221,#5222,#5223,#5224,#5225,#5226,#5227,#5228,#5229,#5230,#5231,#5232,
#5233,#5234,#5235,#5236),.UNSPECIFIED.,.F.,.F.,(4,3,3,3,3,3,3,4),(32.4679301671538,
32.9536240053362,33.9522186721646,34.950813338993,35.9494080058213,36.9480026726497,
37.9465973394781,38.7511154743334),.UNSPECIFIED.);
#713=B_SPLINE_CURVE_WITH_KNOTS('',3,(#5237,#5238,#5239,#5240,#5241,#5242,
#5243,#5244,#5245,#5246,#5247,#5248,#5249,#5250,#5251,#5252,#5253,#5254,
#5255,#5256,#5257,#5258,#5259,#5260,#5261),.UNSPECIFIED.,.F.,.F.,(4,3,3,
3,3,3,3,3,4),(-35.1669557758704,-34.950813338993,-33.9522186721646,-32.9536240053362,
-31.9550293385078,-30.9564346716795,-29.9578400048511,-28.9592453380227,
-28.8837704686908),.UNSPECIFIED.);
#714=B_SPLINE_CURVE_WITH_KNOTS('',3,(#5266,#5267,#5268,#5269,#5270,#5271,
#5272,#5273,#5274,#5275,#5276,#5277,#5278,#5279,#5280,#5281,#5282,#5283,
#5284,#5285,#5286,#5287),.UNSPECIFIED.,.F.,.F.,(4,3,3,3,3,3,3,4),(26.1847448599742,
26.962056004366,27.9606506711944,28.9592453380227,29.9578400048511,30.9564346716795,
31.9550293385079,32.4679301671538),.UNSPECIFIED.);
#715=B_SPLINE_CURVE_WITH_KNOTS('',3,(#5288,#5289,#5290,#5291,#5292,#5293,
#5294,#5295,#5296,#5297,#5298,#5299,#5300,#5301,#5302,#5303,#5304,#5305,
#5306,#5307,#5308,#5309),.UNSPECIFIED.,.F.,.F.,(4,3,3,3,3,3,3,4),(-28.8837704686908,
-27.9606506711944,-26.962056004366,-25.9634613375376,-24.9648666707093,
-23.9662720038809,-22.9676773370525,-22.6005851615113),.UNSPECIFIED.);
#716=B_SPLINE_CURVE_WITH_KNOTS('',3,(#5314,#5315,#5316,#5317,#5318,#5319,
#5320,#5321,#5322,#5323,#5324,#5325,#5326,#5327,#5328,#5329,#5330,#5331,
#5332,#5333,#5334,#5335,#5336,#5337,#5338),.UNSPECIFIED.,.F.,.F.,(4,3,3,
3,3,3,3,3,4),(19.9015595527946,19.9718933365674,20.9704880033958,21.9690826702241,
22.9676773370525,23.9662720038809,24.9648666707093,25.9634613375376,26.1847448599742),
 .UNSPECIFIED.);
#717=B_SPLINE_CURVE_WITH_KNOTS('',3,(#5339,#5340,#5341,#5342,#5343,#5344,
#5345,#5346,#5347,#5348,#5349,#5350,#5351,#5352,#5353,#5354,#5355,#5356,
#5357,#5358,#5359,#5360),.UNSPECIFIED.,.F.,.F.,(4,3,3,3,3,3,3,4),(-22.6005851615113,
-21.9690826702241,-20.9704880033958,-19.9718933365674,-18.973298669739,
-17.9747040029107,-16.9761093360823,-16.3173998543317),.UNSPECIFIED.);
#718=B_SPLINE_CURVE_WITH_KNOTS('',3,(#5365,#5366,#5367,#5368,#5369,#5370,
#5371,#5372,#5373,#5374,#5375,#5376,#5377,#5378,#5379,#5380,#5381,#5382,
#5383,#5384,#5385,#5386),.UNSPECIFIED.,.F.,.F.,(4,3,3,3,3,3,3,4),(13.618374245615,
13.9803253355972,14.9789200024255,15.9775146692539,16.9761093360823,17.9747040029107,
18.973298669739,19.9015595527946),.UNSPECIFIED.);
#719=B_SPLINE_CURVE_WITH_KNOTS('',3,(#5387,#5388,#5389,#5390,#5391,#5392,
#5393,#5394,#5395,#5396,#5397,#5398,#5399,#5400,#5401,#5402,#5403,#5404,
#5405,#5406,#5407,#5408),.UNSPECIFIED.,.F.,.F.,(4,3,3,3,3,3,3,4),(-16.3173998543317,
-15.9775146692539,-14.9789200024256,-13.9803253355972,-12.9817306687688,
-11.9831360019404,-10.9845413351121,-10.0342145471521),.UNSPECIFIED.);
#720=B_SPLINE_CURVE_WITH_KNOTS('',3,(#5414,#5415,#5416,#5417,#5418,#5419,
#5420,#5421,#5422,#5423,#5424,#5425,#5426),.UNSPECIFIED.,.F.,.F.,(4,3,3,
3,4),(-3.7510292399725,-2.99578400048511,-1.99718933365674,-0.998594666828371,
0.),.UNSPECIFIED.);
#721=B_SPLINE_CURVE_WITH_KNOTS('',3,(#5429,#5430,#5431,#5432,#5433,#5434,
#5435,#5436,#5437,#5438,#5439,#5440,#5441,#5442,#5443,#5444,#5445,#5446,
#5447,#5448,#5449,#5450),.UNSPECIFIED.,.F.,.F.,(4,3,3,3,3,3,3,4),(1.66144021763856,
1.99718933365674,2.99578400048511,3.99437866731348,4.99297333414185,5.99156800097022,
6.99016266779859,7.33518893843544),.UNSPECIFIED.);
#722=B_SPLINE_CURVE_WITH_KNOTS('',3,(#5456,#5457,#5458,#5459,#5460,#5461,
#5462,#5463),.UNSPECIFIED.,.F.,.F.,(4,1,1,1,1,4),(59.6902604182061,59.8894780357382,
60.8880727025666,61.886667369395,62.8852620362233,63.8838567030517),
 .UNSPECIFIED.);
#723=B_SPLINE_CURVE_WITH_KNOTS('',3,(#5466,#5467,#5468,#5469,#5470,#5471,
#5472,#5473,#5474),.UNSPECIFIED.,.F.,.F.,(4,1,1,1,1,1,4),(59.6902604182061,
60.5913143107981,61.5899089776265,62.5885036444549,63.5870983112832,64.5856929781116,
64.9214420941298),.UNSPECIFIED.);
#724=B_SPLINE_CURVE_WITH_KNOTS('',3,(#5479,#5480,#5481,#5482,#5483,#5484,
#5485,#5486,#5487,#5488),.UNSPECIFIED.,.F.,.F.,(4,1,1,1,1,1,1,4),(53.4070751110265,
53.897910034768,54.8965047015964,55.8950993684247,56.8936940352531,57.8922887020815,
58.8908833689098,59.6902604182061),.UNSPECIFIED.);
#725=B_SPLINE_CURVE_WITH_KNOTS('',3,(#5489,#5490,#5491,#5492,#5493,#5494,
#5495,#5496,#5497,#5498,#5499),.UNSPECIFIED.,.F.,.F.,(4,1,1,1,1,1,1,1,4),
(53.4070751110265,53.6011516429995,54.5997463098279,55.5983409766563,56.5969356434846,
57.595530310313,58.5941249771414,59.5927196439697,59.6902604182061),
 .UNSPECIFIED.);
#726=B_SPLINE_CURVE_WITH_KNOTS('',3,(#5504,#5505,#5506,#5507,#5508,#5509,
#5510,#5511,#5512,#5513),.UNSPECIFIED.,.F.,.F.,(4,1,1,1,1,1,1,4),(47.1238898038469,
47.9063420337978,48.9049367006261,49.9035313674545,50.9021260342829,51.9007207011113,
52.8993153679396,53.4070751110265),.UNSPECIFIED.);
#727=B_SPLINE_CURVE_WITH_KNOTS('',3,(#5514,#5515,#5516,#5517,#5518,#5519,
#5520,#5521,#5522,#5523),.UNSPECIFIED.,.F.,.F.,(4,1,1,1,1,1,1,4),(47.1238898038469,
47.6095836420293,48.6081783088577,49.606772975686,50.6053676425144,51.6039623093428,
52.6025569761712,53.4070751110265),.UNSPECIFIED.);
#728=B_SPLINE_CURVE_WITH_KNOTS('',3,(#5528,#5529,#5530,#5531,#5532,#5533,
#5534,#5535,#5536,#5537,#5538),.UNSPECIFIED.,.F.,.F.,(4,1,1,1,1,1,1,1,4),
(40.8407044966673,40.9161793659992,41.9147740328276,42.9133686996559,43.9119633664843,
44.9105580333127,45.909152700141,46.9077473669694,47.1238898038469),
 .UNSPECIFIED.);
#729=B_SPLINE_CURVE_WITH_KNOTS('',3,(#5539,#5540,#5541,#5542,#5543,#5544,
#5545,#5546,#5547,#5548),.UNSPECIFIED.,.F.,.F.,(4,1,1,1,1,1,1,4),(40.8407044966673,
41.6180156410591,42.6166103078875,43.6152049747158,44.6137996415442,45.6123943083726,
46.6109889752009,47.1238898038469),.UNSPECIFIED.);
#730=B_SPLINE_CURVE_WITH_KNOTS('',3,(#5553,#5554,#5555,#5556,#5557,#5558,
#5559,#5560,#5561,#5562),.UNSPECIFIED.,.F.,.F.,(4,1,1,1,1,1,1,4),(34.5575191894877,
34.924611365029,35.9232060318573,36.9218006986857,37.9203953655141,38.9189900323424,
39.9175846991708,40.8407044966673),.UNSPECIFIED.);
#731=B_SPLINE_CURVE_WITH_KNOTS('',3,(#5563,#5564,#5565,#5566,#5567,#5568,
#5569,#5570,#5571,#5572,#5573),.UNSPECIFIED.,.F.,.F.,(4,1,1,1,1,1,1,1,4),
(34.5575191894877,34.6278529732605,35.6264476400889,36.6250423069172,37.6236369737456,
38.622231640574,39.6208263074023,40.6194209742307,40.8407044966673),
 .UNSPECIFIED.);
#732=B_SPLINE_CURVE_WITH_KNOTS('',3,(#5578,#5579,#5580,#5581,#5582,#5583,
#5584,#5585,#5586,#5587),.UNSPECIFIED.,.F.,.F.,(4,1,1,1,1,1,1,4),(28.2743338823081,
28.9330433640587,29.9316380308871,30.9302326977155,31.9288273645439,32.9274220313722,
33.9260166982006,34.5575191894877),.UNSPECIFIED.);
#733=B_SPLINE_CURVE_WITH_KNOTS('',3,(#5588,#5589,#5590,#5591,#5592,#5593,
#5594,#5595,#5596,#5597),.UNSPECIFIED.,.F.,.F.,(4,1,1,1,1,1,1,4),(28.2743338823081,
28.6362849722903,29.6348796391186,30.633474305947,31.6320689727754,32.6306636396038,
33.6292583064321,34.5575191894877),.UNSPECIFIED.);
#734=B_SPLINE_CURVE_WITH_KNOTS('',3,(#5602,#5603,#5604,#5605,#5606,#5607,
#5608,#5609,#5610,#5611),.UNSPECIFIED.,.F.,.F.,(4,1,1,1,1,1,1,4),(21.9911485751285,
22.9414753630885,23.9400700299169,24.9386646967453,25.9372593635736,26.935854030402,
27.9344486972304,28.2743338823081),.UNSPECIFIED.);
#735=B_SPLINE_CURVE_WITH_KNOTS('',3,(#5612,#5613,#5614,#5615,#5616,#5617,
#5618,#5619,#5620,#5621),.UNSPECIFIED.,.F.,.F.,(4,1,1,1,1,1,1,4),(21.9911485751285,
22.64471697132,23.6433116381484,24.6419063049768,25.6405009718052,26.6390956386335,
27.6376903054619,28.2743338823081),.UNSPECIFIED.);
#736=B_SPLINE_CURVE_WITH_KNOTS('',3,(#5627,#5628,#5629,#5630,#5631),
 .UNSPECIFIED.,.F.,.F.,(4,1,4),(14.6559596366931,15.6545543035215,15.7079632679489),
 .UNSPECIFIED.);
#737=B_SPLINE_CURVE_WITH_KNOTS('',3,(#5634,#5635,#5636,#5637,#5638,#5639),
 .UNSPECIFIED.,.F.,.F.,(4,1,1,4),(13.618374245615,13.9541233616332,14.9527180284616,
15.7079632679489),.UNSPECIFIED.);
#738=B_SPLINE_CURVE_WITH_KNOTS('',3,(#5645,#5646,#5647,#5648),
 .UNSPECIFIED.,.F.,.F.,(4,4),(51.3174860886926,51.9051570827044),
 .UNSPECIFIED.);
#739=B_SPLINE_CURVE_WITH_KNOTS('',3,(#5651,#5652,#5653,#5654,#5655,#5656,
#5657,#5658,#5659,#5660,#5661,#5662,#5663),.UNSPECIFIED.,.F.,.F.,(4,3,3,
3,4),(-50.2654824574367,-49.9088048872158,-48.9106287894715,-47.9124526917272,
-47.7115607978588),.UNSPECIFIED.);
#740=B_SPLINE_CURVE_WITH_KNOTS('',3,(#5668,#5669,#5670,#5671,#5672,#5673,
#5674,#5675,#5676,#5677,#5678,#5679,#5680,#5681,#5682,#5683,#5684,#5685,
#5686,#5687,#5688,#5689),.UNSPECIFIED.,.F.,.F.,(4,3,3,3,3,3,3,4),(45.034300781513,
45.9161004962386,46.9142765939829,47.9124526917272,48.9106287894715,49.9088048872158,
50.9069809849601,51.3174860886926),.UNSPECIFIED.);
#741=B_SPLINE_CURVE_WITH_KNOTS('',3,(#5690,#5691,#5692,#5693,#5694,#5695,
#5696,#5697,#5698,#5699,#5700,#5701,#5702,#5703,#5704,#5705,#5706,#5707,
#5708,#5709,#5710,#5711),.UNSPECIFIED.,.F.,.F.,(4,3,3,3,3,3,3,4),(-47.7115607978588,
-46.9142765939829,-45.9161004962386,-44.9179243984942,-43.9197483007499,
-42.9215722030056,-41.9233961052613,-41.4283754906792),.UNSPECIFIED.);
#742=B_SPLINE_CURVE_WITH_KNOTS('',3,(#5716,#5717,#5718,#5719,#5720,#5721,
#5722,#5723,#5724,#5725,#5726,#5727,#5728,#5729,#5730,#5731,#5732,#5733,
#5734,#5735,#5736,#5737,#5738,#5739,#5740),.UNSPECIFIED.,.F.,.F.,(4,3,3,
3,3,3,3,3,4),(38.7511154743334,38.9288678120283,39.9270439097727,40.925220007517,
41.9233961052613,42.9215722030056,43.9197483007499,44.9179243984942,45.034300781513),
 .UNSPECIFIED.);
#743=B_SPLINE_CURVE_WITH_KNOTS('',3,(#5741,#5742,#5743,#5744,#5745,#5746,
#5747,#5748,#5749,#5750,#5751,#5752,#5753,#5754,#5755,#5756,#5757,#5758,
#5759,#5760,#5761,#5762),.UNSPECIFIED.,.F.,.F.,(4,3,3,3,3,3,3,4),(-41.4283754906792,
-40.925220007517,-39.9270439097727,-38.9288678120283,-37.930691714284,-36.9325156165397,
-35.9343395187954,-35.1451901834996),.UNSPECIFIED.);
#744=B_SPLINE_CURVE_WITH_KNOTS('',3,(#5767,#5768,#5769,#5770,#5771,#5772,
#5773,#5774,#5775,#5776,#5777,#5778,#5779,#5780,#5781,#5782,#5783,#5784,
#5785,#5786,#5787,#5788),.UNSPECIFIED.,.F.,.F.,(4,3,3,3,3,3,3,4),(32.4679301671538,
32.9398112255624,33.9379873233068,34.9361634210511,35.9343395187954,36.9325156165397,
37.930691714284,38.7511154743334),.UNSPECIFIED.);
#745=B_SPLINE_CURVE_WITH_KNOTS('',3,(#5789,#5790,#5791,#5792,#5793,#5794,
#5795,#5796,#5797,#5798,#5799,#5800,#5801,#5802,#5803,#5804,#5805,#5806,
#5807,#5808,#5809,#5810,#5811,#5812,#5813),.UNSPECIFIED.,.F.,.F.,(4,3,3,
3,3,3,3,3,4),(-35.1451901834996,-34.9361634210511,-33.9379873233068,-32.9398112255624,
-31.9416351278181,-30.9434590300738,-29.9452829323295,-28.9471068345852,
-28.86200487632),.UNSPECIFIED.);
#746=B_SPLINE_CURVE_WITH_KNOTS('',3,(#5818,#5819,#5820,#5821,#5822,#5823,
#5824,#5825,#5826,#5827,#5828,#5829,#5830,#5831,#5832,#5833,#5834,#5835,
#5836,#5837,#5838,#5839),.UNSPECIFIED.,.F.,.F.,(4,3,3,3,3,3,3,4),(26.1847448599742,
26.9507546390965,27.9489307368409,28.9471068345852,29.9452829323295,30.9434590300738,
31.9416351278181,32.4679301671538),.UNSPECIFIED.);
#747=B_SPLINE_CURVE_WITH_KNOTS('',3,(#5840,#5841,#5842,#5843,#5844,#5845,
#5846,#5847,#5848,#5849,#5850,#5851,#5852,#5853,#5854,#5855,#5856,#5857,
#5858,#5859,#5860,#5861),.UNSPECIFIED.,.F.,.F.,(4,3,3,3,3,3,3,4),(-28.86200487632,
-27.9489307368409,-26.9507546390965,-25.9525785413522,-24.9544024436079,
-23.9562263458636,-22.9580502481193,-22.5788195691405),.UNSPECIFIED.);
#748=B_SPLINE_CURVE_WITH_KNOTS('',3,(#5866,#5867,#5868,#5869,#5870,#5871,
#5872,#5873,#5874,#5875,#5876,#5877,#5878,#5879,#5880,#5881,#5882,#5883,
#5884,#5885,#5886,#5887,#5888,#5889,#5890),.UNSPECIFIED.,.F.,.F.,(4,3,3,
3,3,3,3,3,4),(19.9015595527946,19.9635219548863,20.9616980526306,21.959874150375,
22.9580502481193,23.9562263458636,24.9544024436079,25.9525785413522,26.1847448599742),
 .UNSPECIFIED.);
#749=B_SPLINE_CURVE_WITH_KNOTS('',3,(#5891,#5892,#5893,#5894,#5895,#5896,
#5897,#5898,#5899,#5900,#5901,#5902,#5903,#5904,#5905,#5906,#5907,#5908,
#5909,#5910,#5911,#5912),.UNSPECIFIED.,.F.,.F.,(4,3,3,3,3,3,3,4),(-22.5788195691405,
-21.959874150375,-20.9616980526306,-19.9635219548863,-18.965345857142,-17.9671697593977,
-16.9689936616534,-16.2956342619609),.UNSPECIFIED.);
#750=B_SPLINE_CURVE_WITH_KNOTS('',3,(#5917,#5918,#5919,#5920,#5921,#5922,
#5923,#5924,#5925,#5926,#5927,#5928,#5929,#5930,#5931,#5932,#5933,#5934,
#5935,#5936,#5937,#5938),.UNSPECIFIED.,.F.,.F.,(4,3,3,3,3,3,3,4),(13.618374245615,
13.9744653684204,14.9726414661647,15.9708175639091,16.9689936616534,17.9671697593977,
18.965345857142,19.9015595527946),.UNSPECIFIED.);
#751=B_SPLINE_CURVE_WITH_KNOTS('',3,(#5939,#5940,#5941,#5942,#5943,#5944,
#5945,#5946,#5947,#5948,#5949,#5950,#5951,#5952,#5953,#5954,#5955,#5956,
#5957,#5958,#5959,#5960),.UNSPECIFIED.,.F.,.F.,(4,3,3,3,3,3,3,4),(-16.2956342619609,
-15.9708175639091,-14.9726414661647,-13.9744653684204,-12.9762892706761,
-11.9781131729318,-10.9799370751875,-10.0124489547813),.UNSPECIFIED.);
#752=B_SPLINE_CURVE_WITH_KNOTS('',3,(#5966,#5967,#5968,#5969,#5970,#5971,
#5972,#5973,#5974,#5975,#5976,#5977,#5978),.UNSPECIFIED.,.F.,.F.,(4,3,3,
3,4),(-3.7292636476017,-2.99452829323295,-1.99635219548863,-0.998176097744317,
0.),.UNSPECIFIED.);
#753=B_SPLINE_CURVE_WITH_KNOTS('',3,(#5981,#5982,#5983,#5984,#5985,#5986,
#5987,#5988,#5989,#5990,#5991,#5992,#5993,#5994,#5995,#5996,#5997,#5998,
#5999,#6000,#6001,#6002),.UNSPECIFIED.,.F.,.F.,(4,3,3,3,3,3,3,4),(1.63967462526771,
1.99635219548863,2.99452829323295,3.99270439097727,4.99088048872158,5.9890565864659,
6.98723268421022,7.33518893843544),.UNSPECIFIED.);
#754=B_SPLINE_CURVE_WITH_KNOTS('',3,(#6008,#6009,#6010,#6011,#6012,#6013,
#6014,#6015),.UNSPECIFIED.,.F.,.F.,(4,1,1,1,1,4),(59.6902604182061,59.8911523120744,
60.8893284098188,61.8875045075631,62.8856806053074,63.8838567030517),
 .UNSPECIFIED.);
#755=B_SPLINE_CURVE_WITH_KNOTS('',3,(#6018,#6019,#6020,#6021,#6022,#6023,
#6024,#6025,#6026),.UNSPECIFIED.,.F.,.F.,(4,1,1,1,1,1,4),(59.6902604182061,
60.5720601329316,61.570236230676,62.5684123284203,63.5665884261646,64.5647645239089,
64.9214420941298),.UNSPECIFIED.);
#756=B_SPLINE_CURVE_WITH_KNOTS('',3,(#6031,#6032,#6033,#6034,#6035,#6036,
#6037,#6038,#6039,#6040),.UNSPECIFIED.,.F.,.F.,(4,1,1,1,1,1,1,4),(53.4070751110265,
53.9020957256085,54.9002718233529,55.8984479210972,56.8966240188415,57.8948001165858,
58.8929762143301,59.6902604182061),.UNSPECIFIED.);
#757=B_SPLINE_CURVE_WITH_KNOTS('',3,(#6041,#6042,#6043,#6044,#6045,#6046,
#6047,#6048,#6049,#6050,#6051),.UNSPECIFIED.,.F.,.F.,(4,1,1,1,1,1,1,1,4),
(53.4070751110265,53.5848274487214,54.5830035464657,55.5811796442101,56.5793557419544,
57.5775318396987,58.575707937443,59.5738840351873,59.6902604182061),
 .UNSPECIFIED.);
#758=B_SPLINE_CURVE_WITH_KNOTS('',3,(#6056,#6057,#6058,#6059,#6060,#6061,
#6062,#6063,#6064,#6065),.UNSPECIFIED.,.F.,.F.,(4,1,1,1,1,1,1,4),(47.1238898038469,
47.9130391391426,48.911215236887,49.9093913346313,50.9075674323756,51.9057435301199,
52.9039196278642,53.4070751110265),.UNSPECIFIED.);
#759=B_SPLINE_CURVE_WITH_KNOTS('',3,(#6066,#6067,#6068,#6069,#6070,#6071,
#6072,#6073,#6074,#6075),.UNSPECIFIED.,.F.,.F.,(4,1,1,1,1,1,1,4),(47.1238898038469,
47.5957708622555,48.5939469599998,49.5921230577442,50.5902991554885,51.5884752532328,
52.5866513509771,53.4070751110265),.UNSPECIFIED.);
#760=B_SPLINE_CURVE_WITH_KNOTS('',3,(#6080,#6081,#6082,#6083,#6084,#6085,
#6086,#6087,#6088,#6089,#6090),.UNSPECIFIED.,.F.,.F.,(4,1,1,1,1,1,1,1,4),
(40.8407044966673,40.9258064549324,41.9239825526767,42.9221586504211,43.9203347481654,
44.9185108459097,45.916686943654,46.9148630413983,47.1238898038469),
 .UNSPECIFIED.);
#761=B_SPLINE_CURVE_WITH_KNOTS('',3,(#6091,#6092,#6093,#6094,#6095,#6096,
#6097,#6098,#6099,#6100),.UNSPECIFIED.,.F.,.F.,(4,1,1,1,1,1,1,4),(40.8407044966673,
41.6067142757896,42.6048903735339,43.6030664712783,44.6012425690226,45.5994186667669,
46.5975947645112,47.1238898038469),.UNSPECIFIED.);
#762=B_SPLINE_CURVE_WITH_KNOTS('',3,(#6105,#6106,#6107,#6108,#6109,#6110,
#6111,#6112,#6113,#6114),.UNSPECIFIED.,.F.,.F.,(4,1,1,1,1,1,1,4),(34.5575191894877,
34.9367498684665,35.9349259662108,36.9331020639552,37.9312781616995,38.9294542594438,
39.9276303571881,40.8407044966673),.UNSPECIFIED.);
#763=B_SPLINE_CURVE_WITH_KNOTS('',3,(#6115,#6116,#6117,#6118,#6119,#6120,
#6121,#6122,#6123,#6124,#6125),.UNSPECIFIED.,.F.,.F.,(4,1,1,1,1,1,1,1,4),
(34.5575191894877,34.6194815915794,35.6176576893237,36.615833787068,37.6140098848124,
38.6121859825567,39.610362080301,40.6085381780453,40.8407044966673),
 .UNSPECIFIED.);
#764=B_SPLINE_CURVE_WITH_KNOTS('',3,(#6130,#6131,#6132,#6133,#6134,#6135,
#6136,#6137,#6138,#6139),.UNSPECIFIED.,.F.,.F.,(4,1,1,1,1,1,1,4),(28.2743338823081,
28.9476932820006,29.9458693797449,30.9440454774893,31.9422215752336,32.9403976729779,
33.9385737707222,34.5575191894877),.UNSPECIFIED.);
#765=B_SPLINE_CURVE_WITH_KNOTS('',3,(#6140,#6141,#6142,#6143,#6144,#6145,
#6146,#6147,#6148,#6149),.UNSPECIFIED.,.F.,.F.,(4,1,1,1,1,1,1,4),(28.2743338823081,
28.6304250051135,29.6286011028578,30.6267772006021,31.6249532983465,32.6231293960908,
33.6213054938351,34.5575191894877),.UNSPECIFIED.);
#766=B_SPLINE_CURVE_WITH_KNOTS('',3,(#6154,#6155,#6156,#6157,#6158,#6159,
#6160,#6161,#6162,#6163),.UNSPECIFIED.,.F.,.F.,(4,1,1,1,1,1,1,4),(21.9911485751285,
22.9586366955347,23.956812793279,24.9549888910234,25.9531649887677,26.951341086512,
27.9495171842563,28.2743338823081),.UNSPECIFIED.);
#767=B_SPLINE_CURVE_WITH_KNOTS('',3,(#6164,#6165,#6166,#6167,#6168,#6169,
#6170,#6171,#6172,#6173),.UNSPECIFIED.,.F.,.F.,(4,1,1,1,1,1,1,4),(21.9911485751285,
22.6413684186476,23.6395445163919,24.6377206141362,25.6358967118806,26.6340728096249,
27.6322489073692,28.2743338823081),.UNSPECIFIED.);
#768=B_SPLINE_CURVE_WITH_KNOTS('',3,(#6179,#6180,#6181,#6182,#6183),
 .UNSPECIFIED.,.F.,.F.,(4,1,4),(14.6559596366931,15.6541357344374,15.7079632679489),
 .UNSPECIFIED.);
#769=B_SPLINE_CURVE_WITH_KNOTS('',3,(#6186,#6187,#6188,#6189,#6190,#6191),
 .UNSPECIFIED.,.F.,.F.,(4,1,1,4),(13.618374245615,13.9750518158359,14.9732279135802,
15.7079632679489),.UNSPECIFIED.);
#770=B_SPLINE_CURVE_WITH_KNOTS('',3,(#6197,#6198,#6199,#6200),
 .UNSPECIFIED.,.F.,.F.,(4,4),(51.3174860886926,51.9051570827044),
 .UNSPECIFIED.);
#771=B_SPLINE_CURVE_WITH_KNOTS('',3,(#6203,#6204,#6205,#6206,#6207,#6208,
#6209,#6210,#6211,#6212,#6213,#6214,#6215),.UNSPECIFIED.,.F.,.F.,(4,3,3,
3,4),(-50.2654824574367,-49.9088048872158,-48.9106287894715,-47.9124526917272,
-47.7115607978588),.UNSPECIFIED.);
#772=B_SPLINE_CURVE_WITH_KNOTS('',3,(#6220,#6221,#6222,#6223,#6224,#6225,
#6226,#6227,#6228,#6229,#6230,#6231,#6232,#6233,#6234,#6235,#6236,#6237,
#6238,#6239,#6240,#6241),.UNSPECIFIED.,.F.,.F.,(4,3,3,3,3,3,3,4),(45.034300781513,
45.9161004962386,46.9142765939829,47.9124526917272,48.9106287894715,49.9088048872158,
50.9069809849601,51.3174860886926),.UNSPECIFIED.);
#773=B_SPLINE_CURVE_WITH_KNOTS('',3,(#6242,#6243,#6244,#6245,#6246,#6247,
#6248,#6249,#6250,#6251,#6252,#6253,#6254,#6255,#6256,#6257,#6258,#6259,
#6260,#6261,#6262,#6263),.UNSPECIFIED.,.F.,.F.,(4,3,3,3,3,3,3,4),(-47.7115607978588,
-46.9142765939829,-45.9161004962386,-44.9179243984942,-43.9197483007499,
-42.9215722030056,-41.9233961052613,-41.4283754906792),.UNSPECIFIED.);
#774=B_SPLINE_CURVE_WITH_KNOTS('',3,(#6268,#6269,#6270,#6271,#6272,#6273,
#6274,#6275,#6276,#6277,#6278,#6279,#6280,#6281,#6282,#6283,#6284,#6285,
#6286,#6287,#6288,#6289,#6290,#6291,#6292),.UNSPECIFIED.,.F.,.F.,(4,3,3,
3,3,3,3,3,4),(38.7511154743334,38.9288678120283,39.9270439097727,40.925220007517,
41.9233961052613,42.9215722030056,43.9197483007499,44.9179243984942,45.034300781513),
 .UNSPECIFIED.);
#775=B_SPLINE_CURVE_WITH_KNOTS('',3,(#6293,#6294,#6295,#6296,#6297,#6298,
#6299,#6300,#6301,#6302,#6303,#6304,#6305,#6306,#6307,#6308,#6309,#6310,
#6311,#6312,#6313,#6314),.UNSPECIFIED.,.F.,.F.,(4,3,3,3,3,3,3,4),(-41.4283754906792,
-40.925220007517,-39.9270439097727,-38.9288678120283,-37.930691714284,-36.9325156165397,
-35.9343395187954,-35.1451901834996),.UNSPECIFIED.);
#776=B_SPLINE_CURVE_WITH_KNOTS('',3,(#6319,#6320,#6321,#6322,#6323,#6324,
#6325,#6326,#6327,#6328,#6329,#6330,#6331,#6332,#6333,#6334,#6335,#6336,
#6337,#6338,#6339,#6340),.UNSPECIFIED.,.F.,.F.,(4,3,3,3,3,3,3,4),(32.4679301671538,
32.9398112255624,33.9379873233068,34.9361634210511,35.9343395187954,36.9325156165397,
37.930691714284,38.7511154743334),.UNSPECIFIED.);
#777=B_SPLINE_CURVE_WITH_KNOTS('',3,(#6341,#6342,#6343,#6344,#6345,#6346,
#6347,#6348,#6349,#6350,#6351,#6352,#6353,#6354,#6355,#6356,#6357,#6358,
#6359,#6360,#6361,#6362,#6363,#6364,#6365),.UNSPECIFIED.,.F.,.F.,(4,3,3,
3,3,3,3,3,4),(-35.1451901834996,-34.9361634210511,-33.9379873233068,-32.9398112255624,
-31.9416351278181,-30.9434590300738,-29.9452829323295,-28.9471068345852,
-28.86200487632),.UNSPECIFIED.);
#778=B_SPLINE_CURVE_WITH_KNOTS('',3,(#6370,#6371,#6372,#6373,#6374,#6375,
#6376,#6377,#6378,#6379,#6380,#6381,#6382,#6383,#6384,#6385,#6386,#6387,
#6388,#6389,#6390,#6391),.UNSPECIFIED.,.F.,.F.,(4,3,3,3,3,3,3,4),(26.1847448599742,
26.9507546390965,27.9489307368409,28.9471068345852,29.9452829323295,30.9434590300738,
31.9416351278181,32.4679301671538),.UNSPECIFIED.);
#779=B_SPLINE_CURVE_WITH_KNOTS('',3,(#6392,#6393,#6394,#6395,#6396,#6397,
#6398,#6399,#6400,#6401,#6402,#6403,#6404,#6405,#6406,#6407,#6408,#6409,
#6410,#6411,#6412,#6413),.UNSPECIFIED.,.F.,.F.,(4,3,3,3,3,3,3,4),(-28.86200487632,
-27.9489307368409,-26.9507546390965,-25.9525785413522,-24.9544024436079,
-23.9562263458636,-22.9580502481193,-22.5788195691405),.UNSPECIFIED.);
#780=B_SPLINE_CURVE_WITH_KNOTS('',3,(#6418,#6419,#6420,#6421,#6422,#6423,
#6424,#6425,#6426,#6427,#6428,#6429,#6430,#6431,#6432,#6433,#6434,#6435,
#6436,#6437,#6438,#6439,#6440,#6441,#6442),.UNSPECIFIED.,.F.,.F.,(4,3,3,
3,3,3,3,3,4),(19.9015595527946,19.9635219548863,20.9616980526306,21.959874150375,
22.9580502481193,23.9562263458636,24.9544024436079,25.9525785413522,26.1847448599742),
 .UNSPECIFIED.);
#781=B_SPLINE_CURVE_WITH_KNOTS('',3,(#6443,#6444,#6445,#6446,#6447,#6448,
#6449,#6450,#6451,#6452,#6453,#6454,#6455,#6456,#6457,#6458,#6459,#6460,
#6461,#6462,#6463,#6464),.UNSPECIFIED.,.F.,.F.,(4,3,3,3,3,3,3,4),(-22.5788195691405,
-21.959874150375,-20.9616980526306,-19.9635219548863,-18.965345857142,-17.9671697593977,
-16.9689936616534,-16.2956342619609),.UNSPECIFIED.);
#782=B_SPLINE_CURVE_WITH_KNOTS('',3,(#6469,#6470,#6471,#6472,#6473,#6474,
#6475,#6476,#6477,#6478,#6479,#6480,#6481,#6482,#6483,#6484,#6485,#6486,
#6487,#6488,#6489,#6490),.UNSPECIFIED.,.F.,.F.,(4,3,3,3,3,3,3,4),(13.618374245615,
13.9744653684204,14.9726414661647,15.9708175639091,16.9689936616534,17.9671697593977,
18.965345857142,19.9015595527946),.UNSPECIFIED.);
#783=B_SPLINE_CURVE_WITH_KNOTS('',3,(#6491,#6492,#6493,#6494,#6495,#6496,
#6497,#6498,#6499,#6500,#6501,#6502,#6503,#6504,#6505,#6506,#6507,#6508,
#6509,#6510,#6511,#6512),.UNSPECIFIED.,.F.,.F.,(4,3,3,3,3,3,3,4),(-16.2956342619609,
-15.9708175639091,-14.9726414661647,-13.9744653684204,-12.9762892706761,
-11.9781131729318,-10.9799370751875,-10.0124489547813),.UNSPECIFIED.);
#784=B_SPLINE_CURVE_WITH_KNOTS('',3,(#6518,#6519,#6520,#6521,#6522,#6523,
#6524,#6525,#6526,#6527,#6528,#6529,#6530),.UNSPECIFIED.,.F.,.F.,(4,3,3,
3,4),(-3.7292636476017,-2.99452829323295,-1.99635219548863,-0.998176097744317,
0.),.UNSPECIFIED.);
#785=B_SPLINE_CURVE_WITH_KNOTS('',3,(#6533,#6534,#6535,#6536,#6537,#6538,
#6539,#6540,#6541,#6542,#6543,#6544,#6545,#6546,#6547,#6548,#6549,#6550,
#6551,#6552,#6553,#6554),.UNSPECIFIED.,.F.,.F.,(4,3,3,3,3,3,3,4),(1.63967462526776,
1.99635219548863,2.99452829323295,3.99270439097727,4.99088048872158,5.9890565864659,
6.98723268421022,7.33518893843544),.UNSPECIFIED.);
#786=B_SPLINE_CURVE_WITH_KNOTS('',3,(#6560,#6561,#6562,#6563,#6564,#6565,
#6566,#6567),.UNSPECIFIED.,.F.,.F.,(4,1,1,1,1,4),(59.6902604182061,59.8911523120744,
60.8893284098188,61.8875045075631,62.8856806053074,63.8838567030517),
 .UNSPECIFIED.);
#787=B_SPLINE_CURVE_WITH_KNOTS('',3,(#6570,#6571,#6572,#6573,#6574,#6575,
#6576,#6577,#6578),.UNSPECIFIED.,.F.,.F.,(4,1,1,1,1,1,4),(59.6902604182061,
60.5720601329316,61.570236230676,62.5684123284203,63.5665884261646,64.5647645239089,
64.9214420941298),.UNSPECIFIED.);
#788=B_SPLINE_CURVE_WITH_KNOTS('',3,(#6583,#6584,#6585,#6586,#6587,#6588,
#6589,#6590,#6591,#6592),.UNSPECIFIED.,.F.,.F.,(4,1,1,1,1,1,1,4),(53.4070751110265,
53.9020957256085,54.9002718233529,55.8984479210972,56.8966240188415,57.8948001165858,
58.8929762143301,59.6902604182061),.UNSPECIFIED.);
#789=B_SPLINE_CURVE_WITH_KNOTS('',3,(#6593,#6594,#6595,#6596,#6597,#6598,
#6599,#6600,#6601,#6602,#6603),.UNSPECIFIED.,.F.,.F.,(4,1,1,1,1,1,1,1,4),
(53.4070751110265,53.5848274487214,54.5830035464657,55.5811796442101,56.5793557419544,
57.5775318396987,58.575707937443,59.5738840351873,59.6902604182061),
 .UNSPECIFIED.);
#790=B_SPLINE_CURVE_WITH_KNOTS('',3,(#6608,#6609,#6610,#6611,#6612,#6613,
#6614,#6615,#6616,#6617),.UNSPECIFIED.,.F.,.F.,(4,1,1,1,1,1,1,4),(47.1238898038469,
47.9130391391426,48.911215236887,49.9093913346313,50.9075674323756,51.9057435301199,
52.9039196278642,53.4070751110265),.UNSPECIFIED.);
#791=B_SPLINE_CURVE_WITH_KNOTS('',3,(#6618,#6619,#6620,#6621,#6622,#6623,
#6624,#6625,#6626,#6627),.UNSPECIFIED.,.F.,.F.,(4,1,1,1,1,1,1,4),(47.1238898038469,
47.5957708622555,48.5939469599998,49.5921230577442,50.5902991554885,51.5884752532328,
52.5866513509771,53.4070751110265),.UNSPECIFIED.);
#792=B_SPLINE_CURVE_WITH_KNOTS('',3,(#6632,#6633,#6634,#6635,#6636,#6637,
#6638,#6639,#6640,#6641,#6642),.UNSPECIFIED.,.F.,.F.,(4,1,1,1,1,1,1,1,4),
(40.8407044966673,40.9258064549324,41.9239825526767,42.9221586504211,43.9203347481654,
44.9185108459097,45.916686943654,46.9148630413983,47.1238898038469),
 .UNSPECIFIED.);
#793=B_SPLINE_CURVE_WITH_KNOTS('',3,(#6643,#6644,#6645,#6646,#6647,#6648,
#6649,#6650,#6651,#6652),.UNSPECIFIED.,.F.,.F.,(4,1,1,1,1,1,1,4),(40.8407044966673,
41.6067142757896,42.6048903735339,43.6030664712783,44.6012425690226,45.5994186667669,
46.5975947645112,47.1238898038469),.UNSPECIFIED.);
#794=B_SPLINE_CURVE_WITH_KNOTS('',3,(#6657,#6658,#6659,#6660,#6661,#6662,
#6663,#6664,#6665,#6666),.UNSPECIFIED.,.F.,.F.,(4,1,1,1,1,1,1,4),(34.5575191894877,
34.9367498684665,35.9349259662108,36.9331020639552,37.9312781616995,38.9294542594438,
39.9276303571881,40.8407044966673),.UNSPECIFIED.);
#795=B_SPLINE_CURVE_WITH_KNOTS('',3,(#6667,#6668,#6669,#6670,#6671,#6672,
#6673,#6674,#6675,#6676,#6677),.UNSPECIFIED.,.F.,.F.,(4,1,1,1,1,1,1,1,4),
(34.5575191894877,34.6194815915794,35.6176576893237,36.615833787068,37.6140098848124,
38.6121859825567,39.610362080301,40.6085381780453,40.8407044966673),
 .UNSPECIFIED.);
#796=B_SPLINE_CURVE_WITH_KNOTS('',3,(#6682,#6683,#6684,#6685,#6686,#6687,
#6688,#6689,#6690,#6691),.UNSPECIFIED.,.F.,.F.,(4,1,1,1,1,1,1,4),(28.2743338823081,
28.9476932820006,29.9458693797449,30.9440454774893,31.9422215752336,32.9403976729779,
33.9385737707222,34.5575191894877),.UNSPECIFIED.);
#797=B_SPLINE_CURVE_WITH_KNOTS('',3,(#6692,#6693,#6694,#6695,#6696,#6697,
#6698,#6699,#6700,#6701),.UNSPECIFIED.,.F.,.F.,(4,1,1,1,1,1,1,4),(28.2743338823081,
28.6304250051135,29.6286011028578,30.6267772006021,31.6249532983465,32.6231293960908,
33.6213054938351,34.5575191894877),.UNSPECIFIED.);
#798=B_SPLINE_CURVE_WITH_KNOTS('',3,(#6706,#6707,#6708,#6709,#6710,#6711,
#6712,#6713,#6714,#6715),.UNSPECIFIED.,.F.,.F.,(4,1,1,1,1,1,1,4),(21.9911485751285,
22.9586366955347,23.956812793279,24.9549888910234,25.9531649887677,26.951341086512,
27.9495171842563,28.2743338823081),.UNSPECIFIED.);
#799=B_SPLINE_CURVE_WITH_KNOTS('',3,(#6716,#6717,#6718,#6719,#6720,#6721,
#6722,#6723,#6724,#6725),.UNSPECIFIED.,.F.,.F.,(4,1,1,1,1,1,1,4),(21.9911485751285,
22.6413684186476,23.6395445163919,24.6377206141362,25.6358967118806,26.6340728096249,
27.6322489073692,28.2743338823081),.UNSPECIFIED.);
#800=B_SPLINE_CURVE_WITH_KNOTS('',3,(#6731,#6732,#6733,#6734,#6735),
 .UNSPECIFIED.,.F.,.F.,(4,1,4),(14.6559596366931,15.6541357344374,15.7079632679489),
 .UNSPECIFIED.);
#801=B_SPLINE_CURVE_WITH_KNOTS('',3,(#6738,#6739,#6740,#6741,#6742,#6743),
 .UNSPECIFIED.,.F.,.F.,(4,1,1,4),(13.618374245615,13.9750518158359,14.9732279135802,
15.7079632679489),.UNSPECIFIED.);
#802=B_SPLINE_CURVE_WITH_KNOTS('',3,(#7151,#7152,#7153,#7154,#7155,#7156,
#7157,#7158,#7159,#7160,#7161,#7162,#7163,#7164,#7165,#7166,#7167,#7168,
#7169,#7170,#7171,#7172,#7173,#7174,#7175,#7176,#7177,#7178,#7179,#7180,
#7181),.UNSPECIFIED.,.F.,.F.,(4,3,3,3,3,3,3,3,3,3,4),(-0.212678951808975,
-0.186715088205433,-0.170014468645033,-0.152132984677283,-0.116991671601323,
-0.0946108361260172,-0.0887344744712341,-0.0601412850062237,-0.0439392414361787,
-0.00602464119736217,0.),.UNSPECIFIED.);
#803=B_SPLINE_CURVE_WITH_KNOTS('',3,(#7182,#7183,#7184,#7185,#7186,#7187,
#7188,#7189,#7190,#7191,#7192,#7193,#7194,#7195,#7196,#7197,#7198,#7199,
#7200,#7201,#7202,#7203,#7204,#7205,#7206,#7207,#7208,#7209,#7210,#7211,
#7212),.UNSPECIFIED.,.F.,.F.,(4,3,3,3,3,3,3,3,3,3,4),(-0.211671027314841,
-0.179530468997095,-0.160455168505183,-0.143840769982229,-0.127549392573778,
-0.0955866737782228,-0.0826698020283842,-0.077430186617082,-0.0468282383845646,
-0.0315442628309304,0.),.UNSPECIFIED.);
#804=B_SPLINE_CURVE_WITH_KNOTS('',3,(#7214,#7215,#7216,#7217,#7218,#7219,
#7220,#7221,#7222,#7223,#7224),.UNSPECIFIED.,.F.,.F.,(4,1,1,1,1,1,1,1,4),
(15.7079632679489,15.9714040113245,16.9695801090688,17.9677562068132,18.9659323045575,
19.9641084023018,20.9622845000461,21.9604605977904,21.9911485751285),
 .UNSPECIFIED.);
#805=B_SPLINE_CURVE_WITH_KNOTS('',3,(#7225,#7226,#7227,#7228,#7229,#7230,
#7231,#7232,#7233,#7234),.UNSPECIFIED.,.F.,.F.,(4,1,1,1,1,1,1,4),(15.7079632679489,
16.6523118321817,17.650487929926,18.6486640276704,19.6468401254147,20.645016223159,
21.6431923209033,21.9911485751285),.UNSPECIFIED.);
#806=B_SPLINE_CURVE_WITH_KNOTS('',3,(#7455,#7456,#7457,#7458,#7459,#7460,
#7461,#7462,#7463,#7464,#7465,#7466,#7467,#7468,#7469,#7470,#7471,#7472,
#7473,#7474,#7475,#7476,#7477,#7478,#7479,#7480,#7481,#7482,#7483,#7484,
#7485),.UNSPECIFIED.,.F.,.F.,(4,3,3,3,3,3,3,3,3,3,4),(0.,0.0319449756282801,
0.0465982832388419,0.0754195376202907,0.0926763313599114,0.106402788015448,
0.123493609756187,0.140928883918997,0.158604755549158,0.17720472974486,
0.211671027314847),.UNSPECIFIED.);
#807=B_SPLINE_CURVE_WITH_KNOTS('',3,(#7486,#7487,#7488,#7489,#7490,#7491,
#7492,#7493,#7494,#7495,#7496,#7497,#7498,#7499,#7500,#7501,#7502,#7503,
#7504,#7505,#7506,#7507,#7508,#7509,#7510),.UNSPECIFIED.,.F.,.F.,(4,3,3,
3,3,3,3,3,4),(-10.0124489547813,-9.98176097744316,-8.98358487969885,-7.98540878195453,
-6.98723268421022,-5.9890565864659,-4.99088048872158,-3.99270439097727,
-3.7292636476017),.UNSPECIFIED.);
#808=B_SPLINE_CURVE_WITH_KNOTS('',3,(#7731,#7732,#7733,#7734,#7735,#7736,
#7737,#7738,#7739,#7740,#7741,#7742,#7743,#7744,#7745,#7746,#7747,#7748,
#7749,#7750,#7751,#7752),.UNSPECIFIED.,.F.,.F.,(4,3,3,3,3,3,3,4),(7.33518893843544,
7.98540878195453,8.98358487969885,9.98176097744316,10.9799370751875,11.9781131729318,
12.9762892706761,13.618374245615),.UNSPECIFIED.);
#809=B_SPLINE_CURVE_WITH_KNOTS('',3,(#7753,#7754,#7755,#7756,#7757,#7758,
#7759,#7760,#7761,#7762,#7763,#7764,#7765,#7766,#7767,#7768,#7769,#7770,
#7771,#7772,#7773,#7774,#7775,#7776,#7777,#7778,#7779,#7780,#7781,#7782,
#7783),.UNSPECIFIED.,.F.,.F.,(4,3,3,3,3,3,3,3,3,3,4),(0.,0.0337560394607888,
0.0525312479302219,0.0681668630551184,0.0947409978040178,0.115199485327919,
0.135024157843155,0.153524602340086,0.169914753532841,0.196508000720992,
0.212678951808999),.UNSPECIFIED.);
#810=B_SPLINE_CURVE_WITH_KNOTS('',3,(#7792,#7793,#7794,#7795,#7796,#7797,
#7798,#7799,#7800,#7801,#7802,#7803,#7804,#7805,#7806,#7807,#7808,#7809,
#7810,#7811,#7812,#7813,#7814,#7815,#7816,#7817,#7818,#7819,#7820,#7821,
#7822),.UNSPECIFIED.,.F.,.F.,(4,3,3,3,3,3,3,3,3,3,4),(-0.212678951808983,
-0.186715090610203,-0.170014469163134,-0.152132983207804,-0.116991649984364,
-0.0946108384774461,-0.0887344744712408,-0.0601412863077231,-0.0439392452643399,
-0.0060246593946599,0.),.UNSPECIFIED.);
#811=B_SPLINE_CURVE_WITH_KNOTS('',3,(#7823,#7824,#7825,#7826,#7827,#7828,
#7829,#7830,#7831,#7832,#7833,#7834,#7835,#7836,#7837,#7838,#7839,#7840,
#7841,#7842,#7843,#7844,#7845,#7846,#7847,#7848,#7849,#7850,#7851,#7852,
#7853),.UNSPECIFIED.,.F.,.F.,(4,3,3,3,3,3,3,3,3,3,4),(-0.211671027314857,
-0.179530465481856,-0.160455163525359,-0.14384077513002,-0.127549395795519,
-0.0955866818586137,-0.0826698161301629,-0.0774301866170864,-0.0468282202436106,
-0.0315442573845582,0.),.UNSPECIFIED.);
#812=B_SPLINE_CURVE_WITH_KNOTS('',3,(#7855,#7856,#7857,#7858,#7859,#7860,
#7861,#7862,#7863,#7864,#7865),.UNSPECIFIED.,.F.,.F.,(4,1,1,1,1,1,1,1,4),
(15.7079632679489,15.9714040113245,16.9695801090688,17.9677562068132,18.9659323045575,
19.9641084023018,20.9622845000461,21.9604605977904,21.9911485751285),
 .UNSPECIFIED.);
#813=B_SPLINE_CURVE_WITH_KNOTS('',3,(#7866,#7867,#7868,#7869,#7870,#7871,
#7872,#7873,#7874,#7875),.UNSPECIFIED.,.F.,.F.,(4,1,1,1,1,1,1,4),(15.7079632679489,
16.6523118321817,17.650487929926,18.6486640276704,19.6468401254147,20.645016223159,
21.6431923209033,21.9911485751285),.UNSPECIFIED.);
#814=B_SPLINE_CURVE_WITH_KNOTS('',3,(#8096,#8097,#8098,#8099,#8100,#8101,
#8102,#8103,#8104,#8105,#8106,#8107,#8108,#8109,#8110,#8111,#8112,#8113,
#8114,#8115,#8116,#8117,#8118,#8119,#8120,#8121,#8122,#8123,#8124,#8125,
#8126),.UNSPECIFIED.,.F.,.F.,(4,3,3,3,3,3,3,3,3,3,4),(0.,0.031944958214528,
0.0465982726067199,0.0754194916756307,0.0926758194486457,0.10640271360768,
0.123493609756192,0.140928887676699,0.158604757925642,0.177204731282783,
0.211671027314855),.UNSPECIFIED.);
#815=B_SPLINE_CURVE_WITH_KNOTS('',3,(#8127,#8128,#8129,#8130,#8131,#8132,
#8133,#8134,#8135,#8136,#8137,#8138,#8139,#8140,#8141,#8142,#8143,#8144,
#8145,#8146,#8147,#8148,#8149,#8150,#8151),.UNSPECIFIED.,.F.,.F.,(4,3,3,
3,3,3,3,3,4),(-10.0124489547813,-9.98176097744316,-8.98358487969885,-7.98540878195453,
-6.98723268421021,-5.9890565864659,-4.99088048872158,-3.99270439097726,
-3.7292636476017),.UNSPECIFIED.);
#816=B_SPLINE_CURVE_WITH_KNOTS('',3,(#8372,#8373,#8374,#8375,#8376,#8377,
#8378,#8379,#8380,#8381,#8382,#8383,#8384,#8385,#8386,#8387,#8388,#8389,
#8390,#8391,#8392,#8393),.UNSPECIFIED.,.F.,.F.,(4,3,3,3,3,3,3,4),(7.33518893843544,
7.98540878195453,8.98358487969885,9.98176097744316,10.9799370751875,11.9781131729318,
12.9762892706761,13.618374245615),.UNSPECIFIED.);
#817=B_SPLINE_CURVE_WITH_KNOTS('',3,(#8394,#8395,#8396,#8397,#8398,#8399,
#8400,#8401,#8402,#8403,#8404,#8405,#8406,#8407,#8408,#8409,#8410,#8411,
#8412,#8413,#8414,#8415,#8416,#8417,#8418,#8419,#8420,#8421,#8422,#8423,
#8424),.UNSPECIFIED.,.F.,.F.,(4,3,3,3,3,3,3,3,3,3,4),(0.,0.0337560394607867,
0.0525294904314371,0.0681666091911934,0.0947405492114812,0.115199521909247,
0.135024157843147,0.153524781235843,0.169914718025393,0.196507998647114,
0.212678951808985),.UNSPECIFIED.);
#818=B_SPLINE_CURVE_WITH_KNOTS('',3,(#8433,#8434,#8435,#8436,#8437,#8438,
#8439,#8440,#8441,#8442,#8443,#8444,#8445,#8446,#8447,#8448,#8449,#8450,
#8451,#8452,#8453,#8454,#8455,#8456,#8457,#8458,#8459,#8460,#8461,#8462,
#8463,#8464,#8465,#8466),.UNSPECIFIED.,.F.,.F.,(4,3,3,3,3,3,3,3,3,3,3,4),
(-0.242473342671156,-0.217756038817591,-0.195388774836703,-0.173483352849717,
-0.157317169057122,-0.122158040689311,-0.106813442474255,-0.102469133714443,
-0.0717512544110938,-0.0492276868960431,-0.00777661604630916,0.),
 .UNSPECIFIED.);
#819=B_SPLINE_CURVE_WITH_KNOTS('',3,(#8467,#8468,#8469,#8470,#8471,#8472,
#8473,#8474,#8475,#8476,#8477,#8478,#8479,#8480,#8481,#8482,#8483,#8484,
#8485,#8486,#8487,#8488,#8489,#8490,#8491,#8492,#8493,#8494,#8495,#8496,
#8497,#8498,#8499,#8500),.UNSPECIFIED.,.F.,.F.,(4,3,3,3,3,3,3,3,3,3,3,4),
(-0.241447224478029,-0.208368727661023,-0.188296746363227,-0.165049973800031,
-0.149306591636186,-0.115793306718365,-0.094810520382221,-0.090757485907764,
-0.060908346574753,-0.0412127362023918,-0.00494128828817365,0.),
 .UNSPECIFIED.);
#820=B_SPLINE_CURVE_WITH_KNOTS('',3,(#8502,#8503,#8504,#8505,#8506,#8507,
#8508,#8509,#8510,#8511,#8512),.UNSPECIFIED.,.F.,.F.,(4,1,1,1,1,1,1,1,4),
(15.7079632679489,15.9513126952899,16.9499073621183,17.9485020289467,18.947096695775,
19.9456913626034,20.9442860294318,21.9428806962602,21.9911485751285),
 .UNSPECIFIED.);
#821=B_SPLINE_CURVE_WITH_KNOTS('',3,(#8513,#8514,#8515,#8516,#8517,#8518,
#8519,#8520,#8521,#8522),.UNSPECIFIED.,.F.,.F.,(4,1,1,1,1,1,1,4),(15.7079632679489,
16.6531489703498,17.6517436371782,18.6503383040066,19.6489329708349,20.6475276376633,
21.6461223044917,21.9911485751285),.UNSPECIFIED.);
#822=B_SPLINE_CURVE_WITH_KNOTS('',3,(#8743,#8744,#8745,#8746,#8747,#8748,
#8749,#8750,#8751,#8752,#8753,#8754,#8755,#8756,#8757,#8758,#8759,#8760,
#8761,#8762,#8763,#8764,#8765,#8766,#8767,#8768,#8769,#8770,#8771,#8772,
#8773,#8774,#8775,#8776),.UNSPECIFIED.,.F.,.F.,(4,3,3,3,3,3,3,3,3,3,3,4),
(0.,0.03532733867649,0.0511046438564492,0.0658252519747569,0.0931109465656255,
0.108338551365918,0.139566440764102,0.160267581024514,0.178811619346463,
0.200821328811249,0.220482844495331,0.241447224478026),.UNSPECIFIED.);
#823=B_SPLINE_CURVE_WITH_KNOTS('',3,(#8777,#8778,#8779,#8780,#8781,#8782,
#8783,#8784,#8785,#8786,#8787,#8788,#8789,#8790,#8791,#8792,#8793,#8794,
#8795,#8796,#8797,#8798,#8799,#8800,#8801),.UNSPECIFIED.,.F.,.F.,(4,3,3,
3,3,3,3,3,4),(-10.0342145471521,-9.98594666828371,-8.98735200145533,-7.98875733462696,
-6.99016266779859,-5.99156800097022,-4.99297333414185,-3.99437866731348,
-3.7510292399725),.UNSPECIFIED.);
#824=B_SPLINE_CURVE_WITH_KNOTS('',3,(#9022,#9023,#9024,#9025,#9026,#9027,
#9028,#9029,#9030,#9031,#9032,#9033,#9034,#9035,#9036,#9037,#9038,#9039,
#9040,#9041,#9042,#9043),.UNSPECIFIED.,.F.,.F.,(4,3,3,3,3,3,3,4),(7.33518893843544,
7.98875733462696,8.98735200145533,9.9859466682837,10.9845413351121,11.9831360019404,
12.9817306687688,13.618374245615),.UNSPECIFIED.);
#825=B_SPLINE_CURVE_WITH_KNOTS('',3,(#9044,#9045,#9046,#9047,#9048,#9049,
#9050,#9051,#9052,#9053,#9054,#9055,#9056,#9057,#9058,#9059,#9060,#9061,
#9062,#9063,#9064,#9065,#9066,#9067,#9068,#9069,#9070,#9071,#9072,#9073,
#9074,#9075,#9076,#9077),.UNSPECIFIED.,.F.,.F.,(4,3,3,3,3,3,3,3,3,3,3,4),
(0.,0.0378731225428238,0.0596706398212304,0.0756484680869606,0.103411700537853,
0.120264193388919,0.151492490171295,0.169840304620312,0.184970738058486,
0.206923711098305,0.226701713809187,0.242473342671164),.UNSPECIFIED.);
#826=B_SPLINE_CURVE_WITH_KNOTS('',3,(#9086,#9087,#9088,#9089,#9090,#9091,
#9092,#9093,#9094,#9095,#9096,#9097,#9098,#9099,#9100,#9101,#9102,#9103,
#9104,#9105,#9106,#9107,#9108,#9109,#9110,#9111,#9112,#9113,#9114,#9115,
#9116),.UNSPECIFIED.,.F.,.F.,(4,3,3,3,3,3,3,3,3,3,4),(-0.212678951809004,
-0.186715089068741,-0.170014468824112,-0.152132984143245,-0.11699166382,
-0.0946108369777415,-0.0887344744712461,-0.0601412854733527,-0.0439392428092914,
-0.00602464773756756,0.),.UNSPECIFIED.);
#827=B_SPLINE_CURVE_WITH_KNOTS('',3,(#9117,#9118,#9119,#9120,#9121,#9122,
#9123,#9124,#9125,#9126,#9127,#9128,#9129,#9130,#9131,#9132,#9133,#9134,
#9135,#9136,#9137,#9138,#9139,#9140,#9141,#9142,#9143,#9144,#9145,#9146,
#9147),.UNSPECIFIED.,.F.,.F.,(4,3,3,3,3,3,3,3,3,3,4),(-0.211671027314842,
-0.179530472793209,-0.160455173883966,-0.143840764441319,-0.127549389099625,
-0.0955866650583524,-0.0826697868025532,-0.0774301866170813,-0.0468282579760994,
-0.0315442687126262,0.),.UNSPECIFIED.);
#828=B_SPLINE_CURVE_WITH_KNOTS('',3,(#9149,#9150,#9151,#9152,#9153,#9154,
#9155,#9156,#9157,#9158,#9159),.UNSPECIFIED.,.F.,.F.,(4,1,1,1,1,1,1,1,4),
(15.7079632679489,15.9714040113245,16.9695801090688,17.9677562068132,18.9659323045575,
19.9641084023018,20.9622845000461,21.9604605977904,21.9911485751285),
 .UNSPECIFIED.);
#829=B_SPLINE_CURVE_WITH_KNOTS('',3,(#9160,#9161,#9162,#9163,#9164,#9165,
#9166,#9167,#9168,#9169),.UNSPECIFIED.,.F.,.F.,(4,1,1,1,1,1,1,4),(15.707963267949,
16.6523118321817,17.650487929926,18.6486640276704,19.6468401254147,20.645016223159,
21.6431923209033,21.9911485751285),.UNSPECIFIED.);
#830=B_SPLINE_CURVE_WITH_KNOTS('',3,(#9390,#9391,#9392,#9393,#9394,#9395,
#9396,#9397,#9398,#9399,#9400,#9401,#9402,#9403,#9404,#9405,#9406,#9407,
#9408,#9409,#9410,#9411,#9412,#9413,#9414,#9415,#9416,#9417,#9418,#9419,
#9420),.UNSPECIFIED.,.F.,.F.,(4,3,3,3,3,3,3,3,3,3,4),(0.,0.0319449944284309,
0.0465982947173344,0.075419587224121,0.092676884100104,0.106402868380294,
0.12349360975619,0.140928879859718,0.158604752981639,0.177204728080443,
0.211671027314855),.UNSPECIFIED.);
#831=B_SPLINE_CURVE_WITH_KNOTS('',3,(#9421,#9422,#9423,#9424,#9425,#9426,
#9427,#9428,#9429,#9430,#9431,#9432,#9433,#9434,#9435,#9436,#9437,#9438,
#9439,#9440,#9441,#9442,#9443,#9444,#9445),.UNSPECIFIED.,.F.,.F.,(4,3,3,
3,3,3,3,3,4),(-10.0124489547813,-9.98176097744316,-8.98358487969884,-7.98540878195453,
-6.98723268421021,-5.9890565864659,-4.99088048872158,-3.99270439097727,
-3.72926364760168),.UNSPECIFIED.);
#832=B_SPLINE_CURVE_WITH_KNOTS('',3,(#9666,#9667,#9668,#9669,#9670,#9671,
#9672,#9673,#9674,#9675,#9676,#9677,#9678,#9679,#9680,#9681,#9682,#9683,
#9684,#9685,#9686,#9687),.UNSPECIFIED.,.F.,.F.,(4,3,3,3,3,3,3,4),(7.33518893843542,
7.98540878195453,8.98358487969884,9.98176097744317,10.9799370751875,11.9781131729318,
12.9762892706761,13.618374245615),.UNSPECIFIED.);
#833=B_SPLINE_CURVE_WITH_KNOTS('',3,(#9688,#9689,#9690,#9691,#9692,#9693,
#9694,#9695,#9696,#9697,#9698,#9699,#9700,#9701,#9702,#9703,#9704,#9705,
#9706,#9707,#9708,#9709,#9710,#9711,#9712,#9713,#9714,#9715,#9716,#9717,
#9718),.UNSPECIFIED.,.F.,.F.,(4,3,3,3,3,3,3,3,3,3,4),(0.,0.0337560394607889,
0.0525306162611882,0.0681667717850798,0.094740836527919,0.115199498479182,
0.135024157843156,0.153524666665441,0.169914740766157,0.196507999976189,
0.212678951808994),.UNSPECIFIED.);
#834=LINE('',#4539,#1044);
#835=LINE('',#4563,#1045);
#836=LINE('',#4611,#1046);
#837=LINE('',#4662,#1047);
#838=LINE('',#4713,#1048);
#839=LINE('',#4761,#1049);
#840=LINE('',#4812,#1050);
#841=LINE('',#4860,#1051);
#842=LINE('',#4902,#1052);
#843=LINE('',#4926,#1053);
#844=LINE('',#4951,#1054);
#845=LINE('',#4975,#1055);
#846=LINE('',#5000,#1056);
#847=LINE('',#5025,#1057);
#848=LINE('',#5049,#1058);
#849=LINE('',#5073,#1059);
#850=LINE('',#5091,#1060);
#851=LINE('',#5115,#1061);
#852=LINE('',#5163,#1062);
#853=LINE('',#5214,#1063);
#854=LINE('',#5265,#1064);
#855=LINE('',#5313,#1065);
#856=LINE('',#5364,#1066);
#857=LINE('',#5412,#1067);
#858=LINE('',#5454,#1068);
#859=LINE('',#5478,#1069);
#860=LINE('',#5503,#1070);
#861=LINE('',#5527,#1071);
#862=LINE('',#5552,#1072);
#863=LINE('',#5577,#1073);
#864=LINE('',#5601,#1074);
#865=LINE('',#5625,#1075);
#866=LINE('',#5643,#1076);
#867=LINE('',#5667,#1077);
#868=LINE('',#5715,#1078);
#869=LINE('',#5766,#1079);
#870=LINE('',#5817,#1080);
#871=LINE('',#5865,#1081);
#872=LINE('',#5916,#1082);
#873=LINE('',#5964,#1083);
#874=LINE('',#6006,#1084);
#875=LINE('',#6030,#1085);
#876=LINE('',#6055,#1086);
#877=LINE('',#6079,#1087);
#878=LINE('',#6104,#1088);
#879=LINE('',#6129,#1089);
#880=LINE('',#6153,#1090);
#881=LINE('',#6177,#1091);
#882=LINE('',#6195,#1092);
#883=LINE('',#6219,#1093);
#884=LINE('',#6267,#1094);
#885=LINE('',#6318,#1095);
#886=LINE('',#6369,#1096);
#887=LINE('',#6417,#1097);
#888=LINE('',#6468,#1098);
#889=LINE('',#6516,#1099);
#890=LINE('',#6558,#1100);
#891=LINE('',#6582,#1101);
#892=LINE('',#6607,#1102);
#893=LINE('',#6631,#1103);
#894=LINE('',#6656,#1104);
#895=LINE('',#6681,#1105);
#896=LINE('',#6705,#1106);
#897=LINE('',#6729,#1107);
#898=LINE('',#6748,#1108);
#899=LINE('',#6753,#1109);
#900=LINE('',#6755,#1110);
#901=LINE('',#6757,#1111);
#902=LINE('',#6758,#1112);
#903=LINE('',#6761,#1113);
#904=LINE('',#6766,#1114);
#905=LINE('',#6770,#1115);
#906=LINE('',#6775,#1116);
#907=LINE('',#6776,#1117);
#908=LINE('',#6777,#1118);
#909=LINE('',#6780,#1119);
#910=LINE('',#6785,#1120);
#911=LINE('',#6786,#1121);
#912=LINE('',#6790,#1122);
#913=LINE('',#6796,#1123);
#914=LINE('',#6797,#1124);
#915=LINE('',#6798,#1125);
#916=LINE('',#6802,#1126);
#917=LINE('',#6806,#1127);
#918=LINE('',#6807,#1128);
#919=LINE('',#6810,#1129);
#920=LINE('',#6814,#1130);
#921=LINE('',#6815,#1131);
#922=LINE('',#6818,#1132);
#923=LINE('',#6823,#1133);
#924=LINE('',#6827,#1134);
#925=LINE('',#6831,#1135);
#926=LINE('',#6835,#1136);
#927=LINE('',#6839,#1137);
#928=LINE('',#6841,#1138);
#929=LINE('',#6842,#1139);
#930=LINE('',#6845,#1140);
#931=LINE('',#6849,#1141);
#932=LINE('',#6850,#1142);
#933=LINE('',#6853,#1143);
#934=LINE('',#6857,#1144);
#935=LINE('',#6858,#1145);
#936=LINE('',#6861,#1146);
#937=LINE('',#6865,#1147);
#938=LINE('',#6866,#1148);
#939=LINE('',#6871,#1149);
#940=LINE('',#6874,#1150);
#941=LINE('',#6877,#1151);
#942=LINE('',#6878,#1152);
#943=LINE('',#6883,#1153);
#944=LINE('',#6887,#1154);
#945=LINE('',#6891,#1155);
#946=LINE('',#6894,#1156);
#947=LINE('',#6897,#1157);
#948=LINE('',#6901,#1158);
#949=LINE('',#6902,#1159);
#950=LINE('',#6907,#1160);
#951=LINE('',#6911,#1161);
#952=LINE('',#6915,#1162);
#953=LINE('',#6918,#1163);
#954=LINE('',#6934,#1164);
#955=LINE('',#6935,#1165);
#956=LINE('',#6937,#1166);
#957=LINE('',#6938,#1167);
#958=LINE('',#6940,#1168);
#959=LINE('',#6941,#1169);
#960=LINE('',#6943,#1170);
#961=LINE('',#6944,#1171);
#962=LINE('',#6946,#1172);
#963=LINE('',#6947,#1173);
#964=LINE('',#6965,#1174);
#965=LINE('',#6966,#1175);
#966=LINE('',#6971,#1176);
#967=LINE('',#6972,#1177);
#968=LINE('',#6977,#1178);
#969=LINE('',#6978,#1179);
#970=LINE('',#6983,#1180);
#971=LINE('',#6984,#1181);
#972=LINE('',#6989,#1182);
#973=LINE('',#6990,#1183);
#974=LINE('',#6992,#1184);
#975=LINE('',#6994,#1185);
#976=LINE('',#7010,#1186);
#977=LINE('',#7011,#1187);
#978=LINE('',#7016,#1188);
#979=LINE('',#7017,#1189);
#980=LINE('',#7022,#1190);
#981=LINE('',#7023,#1191);
#982=LINE('',#7028,#1192);
#983=LINE('',#7029,#1193);
#984=LINE('',#7034,#1194);
#985=LINE('',#7035,#1195);
#986=LINE('',#7037,#1196);
#987=LINE('',#7039,#1197);
#988=LINE('',#7055,#1198);
#989=LINE('',#7056,#1199);
#990=LINE('',#7058,#1200);
#991=LINE('',#7059,#1201);
#992=LINE('',#7061,#1202);
#993=LINE('',#7062,#1203);
#994=LINE('',#7064,#1204);
#995=LINE('',#7065,#1205);
#996=LINE('',#7067,#1206);
#997=LINE('',#7068,#1207);
#998=LINE('',#7072,#1208);
#999=LINE('',#7074,#1209);
#1000=LINE('',#7076,#1210);
#1001=LINE('',#7078,#1211);
#1002=LINE('',#7085,#1212);
#1003=LINE('',#7088,#1213);
#1004=LINE('',#7090,#1214);
#1005=LINE('',#7096,#1215);
#1006=LINE('',#7099,#1216);
#1007=LINE('',#7102,#1217);
#1008=LINE('',#7104,#1218);
#1009=LINE('',#7105,#1219);
#1010=LINE('',#7111,#1220);
#1011=LINE('',#7114,#1221);
#1012=LINE('',#7116,#1222);
#1013=LINE('',#7117,#1223);
#1014=LINE('',#7123,#1224);
#1015=LINE('',#7126,#1225);
#1016=LINE('',#7128,#1226);
#1017=LINE('',#7129,#1227);
#1018=LINE('',#7135,#1228);
#1019=LINE('',#7137,#1229);
#1020=LINE('',#7138,#1230);
#1021=LINE('',#7141,#1231);
#1022=LINE('',#7145,#1232);
#1023=LINE('',#7786,#1233);
#1024=LINE('',#8427,#1234);
#1025=LINE('',#9080,#1235);
#1026=LINE('',#9721,#1236);
#1027=LINE('',#9727,#1237);
#1028=LINE('',#9731,#1238);
#1029=LINE('',#9738,#1239);
#1030=LINE('',#9742,#1240);
#1031=LINE('',#9749,#1241);
#1032=LINE('',#9753,#1242);
#1033=LINE('',#9760,#1243);
#1034=LINE('',#9764,#1244);
#1035=LINE('',#9902,#1245);
#1036=LINE('',#9904,#1246);
#1037=LINE('',#9905,#1247);
#1038=LINE('',#9907,#1248);
#1039=LINE('',#9909,#1249);
#1040=LINE('',#9911,#1250);
#1041=LINE('',#9931,#1251);
#1042=LINE('',#9933,#1252);
#1043=LINE('',#9935,#1253);
#1044=VECTOR('',#3692,0.0445);
#1045=VECTOR('',#3697,0.0445);
#1046=VECTOR('',#3700,0.0445);
#1047=VECTOR('',#3703,0.0445);
#1048=VECTOR('',#3706,0.0445);
#1049=VECTOR('',#3709,0.0445);
#1050=VECTOR('',#3712,0.0445);
#1051=VECTOR('',#3715,0.0445);
#1052=VECTOR('',#3720,0.056);
#1053=VECTOR('',#3725,0.056);
#1054=VECTOR('',#3728,0.056);
#1055=VECTOR('',#3731,0.056);
#1056=VECTOR('',#3734,0.056);
#1057=VECTOR('',#3737,0.056);
#1058=VECTOR('',#3740,0.056);
#1059=VECTOR('',#3743,0.056);
#1060=VECTOR('',#3748,0.051);
#1061=VECTOR('',#3753,0.051);
#1062=VECTOR('',#3756,0.051);
#1063=VECTOR('',#3759,0.051);
#1064=VECTOR('',#3762,0.051);
#1065=VECTOR('',#3765,0.051);
#1066=VECTOR('',#3768,0.051);
#1067=VECTOR('',#3771,0.051);
#1068=VECTOR('',#3776,0.0625000000000001);
#1069=VECTOR('',#3781,0.0625000000000001);
#1070=VECTOR('',#3784,0.0625000000000001);
#1071=VECTOR('',#3787,0.0625000000000001);
#1072=VECTOR('',#3790,0.0625000000000001);
#1073=VECTOR('',#3793,0.0625000000000001);
#1074=VECTOR('',#3796,0.0625000000000001);
#1075=VECTOR('',#3799,0.0625000000000001);
#1076=VECTOR('',#3804,0.0445);
#1077=VECTOR('',#3809,0.0445);
#1078=VECTOR('',#3812,0.0445);
#1079=VECTOR('',#3815,0.0445);
#1080=VECTOR('',#3818,0.0445);
#1081=VECTOR('',#3821,0.0445);
#1082=VECTOR('',#3824,0.0445);
#1083=VECTOR('',#3827,0.0445);
#1084=VECTOR('',#3832,0.0559999999999999);
#1085=VECTOR('',#3837,0.0559999999999999);
#1086=VECTOR('',#3840,0.0559999999999999);
#1087=VECTOR('',#3843,0.0559999999999999);
#1088=VECTOR('',#3846,0.0559999999999999);
#1089=VECTOR('',#3849,0.0559999999999999);
#1090=VECTOR('',#3852,0.0559999999999999);
#1091=VECTOR('',#3855,0.0559999999999999);
#1092=VECTOR('',#3860,0.0445);
#1093=VECTOR('',#3865,0.0445);
#1094=VECTOR('',#3868,0.0445);
#1095=VECTOR('',#3871,0.0445);
#1096=VECTOR('',#3874,0.0445);
#1097=VECTOR('',#3877,0.0445);
#1098=VECTOR('',#3880,0.0445);
#1099=VECTOR('',#3883,0.0445);
#1100=VECTOR('',#3888,0.0560000000000001);
#1101=VECTOR('',#3893,0.0560000000000001);
#1102=VECTOR('',#3896,0.0560000000000001);
#1103=VECTOR('',#3899,0.0560000000000001);
#1104=VECTOR('',#3902,0.0560000000000001);
#1105=VECTOR('',#3905,0.0560000000000001);
#1106=VECTOR('',#3908,0.0560000000000001);
#1107=VECTOR('',#3911,0.0560000000000001);
#1108=VECTOR('',#3918,0.2625);
#1109=VECTOR('',#3923,0.393700787401575);
#1110=VECTOR('',#3924,0.393700787401575);
#1111=VECTOR('',#3925,0.393700787401575);
#1112=VECTOR('',#3926,0.393700787401575);
#1113=VECTOR('',#3929,0.2525);
#1114=VECTOR('',#3934,0.393700787401575);
#1115=VECTOR('',#3937,0.393700787401575);
#1116=VECTOR('',#3942,0.393700787401575);
#1117=VECTOR('',#3943,0.393700787401575);
#1118=VECTOR('',#3944,0.393700787401575);
#1119=VECTOR('',#3947,0.393700787401575);
#1120=VECTOR('',#3954,0.393700787401575);
#1121=VECTOR('',#3955,0.393700787401575);
#1122=VECTOR('',#3958,0.393700787401575);
#1123=VECTOR('',#3965,0.393700787401575);
#1124=VECTOR('',#3966,0.393700787401575);
#1125=VECTOR('',#3967,0.393700787401575);
#1126=VECTOR('',#3970,0.393700787401575);
#1127=VECTOR('',#3977,0.393700787401575);
#1128=VECTOR('',#3978,0.393700787401575);
#1129=VECTOR('',#3981,0.393700787401575);
#1130=VECTOR('',#3986,0.393700787401575);
#1131=VECTOR('',#3987,0.393700787401575);
#1132=VECTOR('',#3990,0.393700787401575);
#1133=VECTOR('',#3995,0.393700787401575);
#1134=VECTOR('',#3998,0.393700787401575);
#1135=VECTOR('',#4001,0.393700787401575);
#1136=VECTOR('',#4004,0.393700787401575);
#1137=VECTOR('',#4009,0.393700787401575);
#1138=VECTOR('',#4010,0.393700787401575);
#1139=VECTOR('',#4011,0.393700787401575);
#1140=VECTOR('',#4014,0.393700787401575);
#1141=VECTOR('',#4019,0.393700787401575);
#1142=VECTOR('',#4020,0.393700787401575);
#1143=VECTOR('',#4023,0.393700787401575);
#1144=VECTOR('',#4028,0.393700787401575);
#1145=VECTOR('',#4029,0.393700787401575);
#1146=VECTOR('',#4032,0.393700787401575);
#1147=VECTOR('',#4037,0.393700787401575);
#1148=VECTOR('',#4038,0.393700787401575);
#1149=VECTOR('',#4045,0.393700787401575);
#1150=VECTOR('',#4048,0.393700787401575);
#1151=VECTOR('',#4051,0.393700787401575);
#1152=VECTOR('',#4052,0.393700787401575);
#1153=VECTOR('',#4055,0.393700787401575);
#1154=VECTOR('',#4058,0.393700787401575);
#1155=VECTOR('',#4061,0.393700787401575);
#1156=VECTOR('',#4064,0.393700787401575);
#1157=VECTOR('',#4067,0.393700787401575);
#1158=VECTOR('',#4072,0.393700787401575);
#1159=VECTOR('',#4073,0.393700787401575);
#1160=VECTOR('',#4076,0.393700787401575);
#1161=VECTOR('',#4079,0.393700787401575);
#1162=VECTOR('',#4082,0.393700787401575);
#1163=VECTOR('',#4085,0.393700787401575);
#1164=VECTOR('',#4104,0.393700787401575);
#1165=VECTOR('',#4105,0.393700787401575);
#1166=VECTOR('',#4108,0.393700787401575);
#1167=VECTOR('',#4109,0.393700787401575);
#1168=VECTOR('',#4112,0.393700787401575);
#1169=VECTOR('',#4113,0.393700787401575);
#1170=VECTOR('',#4116,0.393700787401575);
#1171=VECTOR('',#4117,0.393700787401575);
#1172=VECTOR('',#4120,0.393700787401575);
#1173=VECTOR('',#4121,0.393700787401575);
#1174=VECTOR('',#4144,0.393700787401575);
#1175=VECTOR('',#4145,0.393700787401575);
#1176=VECTOR('',#4150,0.393700787401575);
#1177=VECTOR('',#4151,0.393700787401575);
#1178=VECTOR('',#4156,0.393700787401575);
#1179=VECTOR('',#4157,0.393700787401575);
#1180=VECTOR('',#4162,0.393700787401575);
#1181=VECTOR('',#4163,0.393700787401575);
#1182=VECTOR('',#4168,0.393700787401575);
#1183=VECTOR('',#4169,0.393700787401575);
#1184=VECTOR('',#4172,0.393700787401575);
#1185=VECTOR('',#4175,0.393700787401575);
#1186=VECTOR('',#4194,0.393700787401575);
#1187=VECTOR('',#4195,0.393700787401575);
#1188=VECTOR('',#4200,0.393700787401575);
#1189=VECTOR('',#4201,0.393700787401575);
#1190=VECTOR('',#4206,0.393700787401575);
#1191=VECTOR('',#4207,0.393700787401575);
#1192=VECTOR('',#4212,0.393700787401575);
#1193=VECTOR('',#4213,0.393700787401575);
#1194=VECTOR('',#4218,0.393700787401575);
#1195=VECTOR('',#4219,0.393700787401575);
#1196=VECTOR('',#4222,0.393700787401575);
#1197=VECTOR('',#4225,0.393700787401575);
#1198=VECTOR('',#4244,0.393700787401575);
#1199=VECTOR('',#4245,0.393700787401575);
#1200=VECTOR('',#4248,0.393700787401575);
#1201=VECTOR('',#4249,0.393700787401575);
#1202=VECTOR('',#4252,0.393700787401575);
#1203=VECTOR('',#4253,0.393700787401575);
#1204=VECTOR('',#4256,0.393700787401575);
#1205=VECTOR('',#4257,0.393700787401575);
#1206=VECTOR('',#4260,0.393700787401575);
#1207=VECTOR('',#4261,0.393700787401575);
#1208=VECTOR('',#4268,0.393700787401575);
#1209=VECTOR('',#4271,0.393700787401575);
#1210=VECTOR('',#4274,0.393700787401575);
#1211=VECTOR('',#4277,0.393700787401575);
#1212=VECTOR('',#4288,0.393700787401575);
#1213=VECTOR('',#4291,0.393700787401575);
#1214=VECTOR('',#4294,0.393700787401575);
#1215=VECTOR('',#4299,0.0839402636843019);
#1216=VECTOR('',#4302,0.393700787401575);
#1217=VECTOR('',#4305,0.393700787401575);
#1218=VECTOR('',#4306,0.393700787401575);
#1219=VECTOR('',#4307,0.393700787401575);
#1220=VECTOR('',#4314,0.393700787401575);
#1221=VECTOR('',#4317,0.393700787401575);
#1222=VECTOR('',#4318,0.393700787401575);
#1223=VECTOR('',#4319,0.393700787401575);
#1224=VECTOR('',#4326,0.393700787401575);
#1225=VECTOR('',#4329,0.393700787401575);
#1226=VECTOR('',#4330,0.393700787401575);
#1227=VECTOR('',#4331,0.393700787401575);
#1228=VECTOR('',#4338,0.393700787401575);
#1229=VECTOR('',#4341,0.393700787401575);
#1230=VECTOR('',#4342,0.393700787401575);
#1231=VECTOR('',#4345,0.393700787401575);
#1232=VECTOR('',#4348,0.393700787401575);
#1233=VECTOR('',#4361,0.02225);
#1234=VECTOR('',#4374,0.02225);
#1235=VECTOR('',#4387,0.0255);
#1236=VECTOR('',#4400,0.02225);
#1237=VECTOR('',#4407,0.0884251968503937);
#1238=VECTOR('',#4412,0.0984251968503937);
#1239=VECTOR('',#4421,0.0884251968503937);
#1240=VECTOR('',#4426,0.0984251968503937);
#1241=VECTOR('',#4435,0.0884251968503937);
#1242=VECTOR('',#4440,0.0984251968503937);
#1243=VECTOR('',#4449,0.0884251968503937);
#1244=VECTOR('',#4454,0.0984251968503937);
#1245=VECTOR('',#4479,0.393700787401575);
#1246=VECTOR('',#4482,0.393700787401575);
#1247=VECTOR('',#4483,0.393700787401575);
#1248=VECTOR('',#4486,0.393700787401575);
#1249=VECTOR('',#4489,0.393700787401575);
#1250=VECTOR('',#4492,0.393700787401575);
#1251=VECTOR('',#4523,0.393700787401575);
#1252=VECTOR('',#4526,0.393700787401575);
#1253=VECTOR('',#4529,0.393700787401575);
#1254=VERTEX_POINT('',#4537);
#1255=VERTEX_POINT('',#4538);
#1256=VERTEX_POINT('',#4540);
#1257=VERTEX_POINT('',#4545);
#1258=VERTEX_POINT('',#4561);
#1259=VERTEX_POINT('',#4562);
#1260=VERTEX_POINT('',#4609);
#1261=VERTEX_POINT('',#4610);
#1262=VERTEX_POINT('',#4660);
#1263=VERTEX_POINT('',#4661);
#1264=VERTEX_POINT('',#4711);
#1265=VERTEX_POINT('',#4712);
#1266=VERTEX_POINT('',#4759);
#1267=VERTEX_POINT('',#4760);
#1268=VERTEX_POINT('',#4810);
#1269=VERTEX_POINT('',#4811);
#1270=VERTEX_POINT('',#4858);
#1271=VERTEX_POINT('',#4859);
#1272=VERTEX_POINT('',#4861);
#1273=VERTEX_POINT('',#4875);
#1274=VERTEX_POINT('',#4900);
#1275=VERTEX_POINT('',#4901);
#1276=VERTEX_POINT('',#4903);
#1277=VERTEX_POINT('',#4912);
#1278=VERTEX_POINT('',#4924);
#1279=VERTEX_POINT('',#4925);
#1280=VERTEX_POINT('',#4949);
#1281=VERTEX_POINT('',#4950);
#1282=VERTEX_POINT('',#4973);
#1283=VERTEX_POINT('',#4974);
#1284=VERTEX_POINT('',#4998);
#1285=VERTEX_POINT('',#4999);
#1286=VERTEX_POINT('',#5023);
#1287=VERTEX_POINT('',#5024);
#1288=VERTEX_POINT('',#5047);
#1289=VERTEX_POINT('',#5048);
#1290=VERTEX_POINT('',#5071);
#1291=VERTEX_POINT('',#5072);
#1292=VERTEX_POINT('',#5074);
#1293=VERTEX_POINT('',#5080);
#1294=VERTEX_POINT('',#5089);
#1295=VERTEX_POINT('',#5090);
#1296=VERTEX_POINT('',#5092);
#1297=VERTEX_POINT('',#5097);
#1298=VERTEX_POINT('',#5113);
#1299=VERTEX_POINT('',#5114);
#1300=VERTEX_POINT('',#5161);
#1301=VERTEX_POINT('',#5162);
#1302=VERTEX_POINT('',#5212);
#1303=VERTEX_POINT('',#5213);
#1304=VERTEX_POINT('',#5263);
#1305=VERTEX_POINT('',#5264);
#1306=VERTEX_POINT('',#5311);
#1307=VERTEX_POINT('',#5312);
#1308=VERTEX_POINT('',#5362);
#1309=VERTEX_POINT('',#5363);
#1310=VERTEX_POINT('',#5410);
#1311=VERTEX_POINT('',#5411);
#1312=VERTEX_POINT('',#5413);
#1313=VERTEX_POINT('',#5427);
#1314=VERTEX_POINT('',#5452);
#1315=VERTEX_POINT('',#5453);
#1316=VERTEX_POINT('',#5455);
#1317=VERTEX_POINT('',#5464);
#1318=VERTEX_POINT('',#5476);
#1319=VERTEX_POINT('',#5477);
#1320=VERTEX_POINT('',#5501);
#1321=VERTEX_POINT('',#5502);
#1322=VERTEX_POINT('',#5525);
#1323=VERTEX_POINT('',#5526);
#1324=VERTEX_POINT('',#5550);
#1325=VERTEX_POINT('',#5551);
#1326=VERTEX_POINT('',#5575);
#1327=VERTEX_POINT('',#5576);
#1328=VERTEX_POINT('',#5599);
#1329=VERTEX_POINT('',#5600);
#1330=VERTEX_POINT('',#5623);
#1331=VERTEX_POINT('',#5624);
#1332=VERTEX_POINT('',#5626);
#1333=VERTEX_POINT('',#5632);
#1334=VERTEX_POINT('',#5641);
#1335=VERTEX_POINT('',#5642);
#1336=VERTEX_POINT('',#5644);
#1337=VERTEX_POINT('',#5649);
#1338=VERTEX_POINT('',#5665);
#1339=VERTEX_POINT('',#5666);
#1340=VERTEX_POINT('',#5713);
#1341=VERTEX_POINT('',#5714);
#1342=VERTEX_POINT('',#5764);
#1343=VERTEX_POINT('',#5765);
#1344=VERTEX_POINT('',#5815);
#1345=VERTEX_POINT('',#5816);
#1346=VERTEX_POINT('',#5863);
#1347=VERTEX_POINT('',#5864);
#1348=VERTEX_POINT('',#5914);
#1349=VERTEX_POINT('',#5915);
#1350=VERTEX_POINT('',#5962);
#1351=VERTEX_POINT('',#5963);
#1352=VERTEX_POINT('',#5965);
#1353=VERTEX_POINT('',#5979);
#1354=VERTEX_POINT('',#6004);
#1355=VERTEX_POINT('',#6005);
#1356=VERTEX_POINT('',#6007);
#1357=VERTEX_POINT('',#6016);
#1358=VERTEX_POINT('',#6028);
#1359=VERTEX_POINT('',#6029);
#1360=VERTEX_POINT('',#6053);
#1361=VERTEX_POINT('',#6054);
#1362=VERTEX_POINT('',#6077);
#1363=VERTEX_POINT('',#6078);
#1364=VERTEX_POINT('',#6102);
#1365=VERTEX_POINT('',#6103);
#1366=VERTEX_POINT('',#6127);
#1367=VERTEX_POINT('',#6128);
#1368=VERTEX_POINT('',#6151);
#1369=VERTEX_POINT('',#6152);
#1370=VERTEX_POINT('',#6175);
#1371=VERTEX_POINT('',#6176);
#1372=VERTEX_POINT('',#6178);
#1373=VERTEX_POINT('',#6184);
#1374=VERTEX_POINT('',#6193);
#1375=VERTEX_POINT('',#6194);
#1376=VERTEX_POINT('',#6196);
#1377=VERTEX_POINT('',#6201);
#1378=VERTEX_POINT('',#6217);
#1379=VERTEX_POINT('',#6218);
#1380=VERTEX_POINT('',#6265);
#1381=VERTEX_POINT('',#6266);
#1382=VERTEX_POINT('',#6316);
#1383=VERTEX_POINT('',#6317);
#1384=VERTEX_POINT('',#6367);
#1385=VERTEX_POINT('',#6368);
#1386=VERTEX_POINT('',#6415);
#1387=VERTEX_POINT('',#6416);
#1388=VERTEX_POINT('',#6466);
#1389=VERTEX_POINT('',#6467);
#1390=VERTEX_POINT('',#6514);
#1391=VERTEX_POINT('',#6515);
#1392=VERTEX_POINT('',#6517);
#1393=VERTEX_POINT('',#6531);
#1394=VERTEX_POINT('',#6556);
#1395=VERTEX_POINT('',#6557);
#1396=VERTEX_POINT('',#6559);
#1397=VERTEX_POINT('',#6568);
#1398=VERTEX_POINT('',#6580);
#1399=VERTEX_POINT('',#6581);
#1400=VERTEX_POINT('',#6605);
#1401=VERTEX_POINT('',#6606);
#1402=VERTEX_POINT('',#6629);
#1403=VERTEX_POINT('',#6630);
#1404=VERTEX_POINT('',#6654);
#1405=VERTEX_POINT('',#6655);
#1406=VERTEX_POINT('',#6679);
#1407=VERTEX_POINT('',#6680);
#1408=VERTEX_POINT('',#6703);
#1409=VERTEX_POINT('',#6704);
#1410=VERTEX_POINT('',#6727);
#1411=VERTEX_POINT('',#6728);
#1412=VERTEX_POINT('',#6730);
#1413=VERTEX_POINT('',#6736);
#1414=VERTEX_POINT('',#6745);
#1415=VERTEX_POINT('',#6747);
#1416=VERTEX_POINT('',#6751);
#1417=VERTEX_POINT('',#6752);
#1418=VERTEX_POINT('',#6754);
#1419=VERTEX_POINT('',#6756);
#1420=VERTEX_POINT('',#6760);
#1421=VERTEX_POINT('',#6764);
#1422=VERTEX_POINT('',#6765);
#1423=VERTEX_POINT('',#6767);
#1424=VERTEX_POINT('',#6769);
#1425=VERTEX_POINT('',#6773);
#1426=VERTEX_POINT('',#6774);
#1427=VERTEX_POINT('',#6779);
#1428=VERTEX_POINT('',#6784);
#1429=VERTEX_POINT('',#6788);
#1430=VERTEX_POINT('',#6789);
#1431=VERTEX_POINT('',#6794);
#1432=VERTEX_POINT('',#6795);
#1433=VERTEX_POINT('',#6800);
#1434=VERTEX_POINT('',#6801);
#1435=VERTEX_POINT('',#6809);
#1436=VERTEX_POINT('',#6813);
#1437=VERTEX_POINT('',#6817);
#1438=VERTEX_POINT('',#6821);
#1439=VERTEX_POINT('',#6822);
#1440=VERTEX_POINT('',#6824);
#1441=VERTEX_POINT('',#6826);
#1442=VERTEX_POINT('',#6828);
#1443=VERTEX_POINT('',#6830);
#1444=VERTEX_POINT('',#6832);
#1445=VERTEX_POINT('',#6834);
#1446=VERTEX_POINT('',#6838);
#1447=VERTEX_POINT('',#6840);
#1448=VERTEX_POINT('',#6844);
#1449=VERTEX_POINT('',#6848);
#1450=VERTEX_POINT('',#6852);
#1451=VERTEX_POINT('',#6856);
#1452=VERTEX_POINT('',#6860);
#1453=VERTEX_POINT('',#6864);
#1454=VERTEX_POINT('',#6870);
#1455=VERTEX_POINT('',#6872);
#1456=VERTEX_POINT('',#6876);
#1457=VERTEX_POINT('',#6879);
#1458=VERTEX_POINT('',#6880);
#1459=VERTEX_POINT('',#6882);
#1460=VERTEX_POINT('',#6884);
#1461=VERTEX_POINT('',#6886);
#1462=VERTEX_POINT('',#6888);
#1463=VERTEX_POINT('',#6890);
#1464=VERTEX_POINT('',#6892);
#1465=VERTEX_POINT('',#6896);
#1466=VERTEX_POINT('',#6900);
#1467=VERTEX_POINT('',#6903);
#1468=VERTEX_POINT('',#6904);
#1469=VERTEX_POINT('',#6906);
#1470=VERTEX_POINT('',#6908);
#1471=VERTEX_POINT('',#6910);
#1472=VERTEX_POINT('',#6912);
#1473=VERTEX_POINT('',#6914);
#1474=VERTEX_POINT('',#6916);
#1475=VERTEX_POINT('',#6920);
#1476=VERTEX_POINT('',#6921);
#1477=VERTEX_POINT('',#6923);
#1478=VERTEX_POINT('',#6927);
#1479=VERTEX_POINT('',#6928);
#1480=VERTEX_POINT('',#6930);
#1481=VERTEX_POINT('',#6951);
#1482=VERTEX_POINT('',#6952);
#1483=VERTEX_POINT('',#6954);
#1484=VERTEX_POINT('',#6958);
#1485=VERTEX_POINT('',#6959);
#1486=VERTEX_POINT('',#6961);
#1487=VERTEX_POINT('',#6968);
#1488=VERTEX_POINT('',#6969);
#1489=VERTEX_POINT('',#6974);
#1490=VERTEX_POINT('',#6975);
#1491=VERTEX_POINT('',#6980);
#1492=VERTEX_POINT('',#6981);
#1493=VERTEX_POINT('',#6986);
#1494=VERTEX_POINT('',#6987);
#1495=VERTEX_POINT('',#6996);
#1496=VERTEX_POINT('',#6997);
#1497=VERTEX_POINT('',#6999);
#1498=VERTEX_POINT('',#7003);
#1499=VERTEX_POINT('',#7004);
#1500=VERTEX_POINT('',#7006);
#1501=VERTEX_POINT('',#7013);
#1502=VERTEX_POINT('',#7014);
#1503=VERTEX_POINT('',#7019);
#1504=VERTEX_POINT('',#7020);
#1505=VERTEX_POINT('',#7025);
#1506=VERTEX_POINT('',#7026);
#1507=VERTEX_POINT('',#7031);
#1508=VERTEX_POINT('',#7032);
#1509=VERTEX_POINT('',#7041);
#1510=VERTEX_POINT('',#7042);
#1511=VERTEX_POINT('',#7044);
#1512=VERTEX_POINT('',#7048);
#1513=VERTEX_POINT('',#7049);
#1514=VERTEX_POINT('',#7051);
#1515=VERTEX_POINT('',#7084);
#1516=VERTEX_POINT('',#7086);
#1517=VERTEX_POINT('',#7092);
#1518=VERTEX_POINT('',#7093);
#1519=VERTEX_POINT('',#7095);
#1520=VERTEX_POINT('',#7097);
#1521=VERTEX_POINT('',#7101);
#1522=VERTEX_POINT('',#7103);
#1523=VERTEX_POINT('',#7107);
#1524=VERTEX_POINT('',#7109);
#1525=VERTEX_POINT('',#7113);
#1526=VERTEX_POINT('',#7115);
#1527=VERTEX_POINT('',#7119);
#1528=VERTEX_POINT('',#7121);
#1529=VERTEX_POINT('',#7125);
#1530=VERTEX_POINT('',#7127);
#1531=VERTEX_POINT('',#7131);
#1532=VERTEX_POINT('',#7133);
#1533=VERTEX_POINT('',#7140);
#1534=VERTEX_POINT('',#7142);
#1535=VERTEX_POINT('',#7144);
#1536=VERTEX_POINT('',#7148);
#1537=VERTEX_POINT('',#7785);
#1538=VERTEX_POINT('',#7789);
#1539=VERTEX_POINT('',#8426);
#1540=VERTEX_POINT('',#8430);
#1541=VERTEX_POINT('',#9079);
#1542=VERTEX_POINT('',#9083);
#1543=VERTEX_POINT('',#9720);
#1544=VERTEX_POINT('',#9724);
#1545=VERTEX_POINT('',#9726);
#1546=VERTEX_POINT('',#9730);
#1547=VERTEX_POINT('',#9735);
#1548=VERTEX_POINT('',#9737);
#1549=VERTEX_POINT('',#9741);
#1550=VERTEX_POINT('',#9746);
#1551=VERTEX_POINT('',#9748);
#1552=VERTEX_POINT('',#9752);
#1553=VERTEX_POINT('',#9757);
#1554=VERTEX_POINT('',#9759);
#1555=VERTEX_POINT('',#9763);
#1556=VERTEX_POINT('',#9797);
#1557=VERTEX_POINT('',#9830);
#1558=VERTEX_POINT('',#9863);
#1559=VERTEX_POINT('',#9896);
#1560=VERTEX_POINT('',#9897);
#1561=VERTEX_POINT('',#9914);
#1562=VERTEX_POINT('',#9916);
#1563=VERTEX_POINT('',#9918);
#1564=VERTEX_POINT('',#9920);
#1565=EDGE_CURVE('',#1254,#1255,#834,.T.);
#1566=EDGE_CURVE('',#1255,#1256,#674,.T.);
#1567=EDGE_CURVE('',#1256,#1257,#571,.T.);
#1568=EDGE_CURVE('',#1257,#1254,#675,.T.);
#1569=EDGE_CURVE('',#1258,#1259,#835,.T.);
#1570=EDGE_CURVE('',#1259,#1255,#676,.T.);
#1571=EDGE_CURVE('',#1254,#1258,#677,.T.);
#1572=EDGE_CURVE('',#1260,#1261,#836,.T.);
#1573=EDGE_CURVE('',#1261,#1259,#678,.T.);
#1574=EDGE_CURVE('',#1258,#1260,#679,.T.);
#1575=EDGE_CURVE('',#1262,#1263,#837,.T.);
#1576=EDGE_CURVE('',#1263,#1261,#680,.T.);
#1577=EDGE_CURVE('',#1260,#1262,#681,.T.);
#1578=EDGE_CURVE('',#1264,#1265,#838,.T.);
#1579=EDGE_CURVE('',#1265,#1263,#682,.T.);
#1580=EDGE_CURVE('',#1262,#1264,#683,.T.);
#1581=EDGE_CURVE('',#1266,#1267,#839,.T.);
#1582=EDGE_CURVE('',#1267,#1265,#684,.T.);
#1583=EDGE_CURVE('',#1264,#1266,#685,.T.);
#1584=EDGE_CURVE('',#1268,#1269,#840,.T.);
#1585=EDGE_CURVE('',#1269,#1267,#686,.T.);
#1586=EDGE_CURVE('',#1266,#1268,#687,.T.);
#1587=EDGE_CURVE('',#1270,#1271,#841,.T.);
#1588=EDGE_CURVE('',#1270,#1272,#688,.T.);
#1589=EDGE_CURVE('',#1273,#1272,#572,.T.);
#1590=EDGE_CURVE('',#1273,#1271,#689,.T.);
#1591=EDGE_CURVE('',#1274,#1275,#842,.T.);
#1592=EDGE_CURVE('',#1275,#1276,#690,.T.);
#1593=EDGE_CURVE('',#1277,#1276,#573,.T.);
#1594=EDGE_CURVE('',#1274,#1277,#691,.T.);
#1595=EDGE_CURVE('',#1278,#1279,#843,.T.);
#1596=EDGE_CURVE('',#1279,#1275,#692,.T.);
#1597=EDGE_CURVE('',#1278,#1274,#693,.T.);
#1598=EDGE_CURVE('',#1280,#1281,#844,.T.);
#1599=EDGE_CURVE('',#1281,#1279,#694,.T.);
#1600=EDGE_CURVE('',#1280,#1278,#695,.T.);
#1601=EDGE_CURVE('',#1282,#1283,#845,.T.);
#1602=EDGE_CURVE('',#1283,#1281,#696,.T.);
#1603=EDGE_CURVE('',#1282,#1280,#697,.T.);
#1604=EDGE_CURVE('',#1284,#1285,#846,.T.);
#1605=EDGE_CURVE('',#1285,#1283,#698,.T.);
#1606=EDGE_CURVE('',#1284,#1282,#699,.T.);
#1607=EDGE_CURVE('',#1286,#1287,#847,.T.);
#1608=EDGE_CURVE('',#1287,#1285,#700,.T.);
#1609=EDGE_CURVE('',#1286,#1284,#701,.T.);
#1610=EDGE_CURVE('',#1288,#1289,#848,.T.);
#1611=EDGE_CURVE('',#1289,#1287,#702,.T.);
#1612=EDGE_CURVE('',#1288,#1286,#703,.T.);
#1613=EDGE_CURVE('',#1290,#1291,#849,.T.);
#1614=EDGE_CURVE('',#1292,#1290,#704,.T.);
#1615=EDGE_CURVE('',#1293,#1292,#574,.T.);
#1616=EDGE_CURVE('',#1293,#1291,#705,.T.);
#1617=EDGE_CURVE('',#1294,#1295,#850,.T.);
#1618=EDGE_CURVE('',#1295,#1296,#706,.T.);
#1619=EDGE_CURVE('',#1296,#1297,#575,.T.);
#1620=EDGE_CURVE('',#1297,#1294,#707,.T.);
#1621=EDGE_CURVE('',#1298,#1299,#851,.T.);
#1622=EDGE_CURVE('',#1299,#1295,#708,.T.);
#1623=EDGE_CURVE('',#1294,#1298,#709,.T.);
#1624=EDGE_CURVE('',#1300,#1301,#852,.T.);
#1625=EDGE_CURVE('',#1301,#1299,#710,.T.);
#1626=EDGE_CURVE('',#1298,#1300,#711,.T.);
#1627=EDGE_CURVE('',#1302,#1303,#853,.T.);
#1628=EDGE_CURVE('',#1303,#1301,#712,.T.);
#1629=EDGE_CURVE('',#1300,#1302,#713,.T.);
#1630=EDGE_CURVE('',#1304,#1305,#854,.T.);
#1631=EDGE_CURVE('',#1305,#1303,#714,.T.);
#1632=EDGE_CURVE('',#1302,#1304,#715,.T.);
#1633=EDGE_CURVE('',#1306,#1307,#855,.T.);
#1634=EDGE_CURVE('',#1307,#1305,#716,.T.);
#1635=EDGE_CURVE('',#1304,#1306,#717,.T.);
#1636=EDGE_CURVE('',#1308,#1309,#856,.T.);
#1637=EDGE_CURVE('',#1309,#1307,#718,.T.);
#1638=EDGE_CURVE('',#1306,#1308,#719,.T.);
#1639=EDGE_CURVE('',#1310,#1311,#857,.T.);
#1640=EDGE_CURVE('',#1310,#1312,#720,.T.);
#1641=EDGE_CURVE('',#1313,#1312,#576,.T.);
#1642=EDGE_CURVE('',#1313,#1311,#721,.T.);
#1643=EDGE_CURVE('',#1314,#1315,#858,.T.);
#1644=EDGE_CURVE('',#1315,#1316,#722,.T.);
#1645=EDGE_CURVE('',#1317,#1316,#577,.T.);
#1646=EDGE_CURVE('',#1314,#1317,#723,.T.);
#1647=EDGE_CURVE('',#1318,#1319,#859,.T.);
#1648=EDGE_CURVE('',#1319,#1315,#724,.T.);
#1649=EDGE_CURVE('',#1318,#1314,#725,.T.);
#1650=EDGE_CURVE('',#1320,#1321,#860,.T.);
#1651=EDGE_CURVE('',#1321,#1319,#726,.T.);
#1652=EDGE_CURVE('',#1320,#1318,#727,.T.);
#1653=EDGE_CURVE('',#1322,#1323,#861,.T.);
#1654=EDGE_CURVE('',#1323,#1321,#728,.T.);
#1655=EDGE_CURVE('',#1322,#1320,#729,.T.);
#1656=EDGE_CURVE('',#1324,#1325,#862,.T.);
#1657=EDGE_CURVE('',#1325,#1323,#730,.T.);
#1658=EDGE_CURVE('',#1324,#1322,#731,.T.);
#1659=EDGE_CURVE('',#1326,#1327,#863,.T.);
#1660=EDGE_CURVE('',#1327,#1325,#732,.T.);
#1661=EDGE_CURVE('',#1326,#1324,#733,.T.);
#1662=EDGE_CURVE('',#1328,#1329,#864,.T.);
#1663=EDGE_CURVE('',#1329,#1327,#734,.T.);
#1664=EDGE_CURVE('',#1328,#1326,#735,.T.);
#1665=EDGE_CURVE('',#1330,#1331,#865,.T.);
#1666=EDGE_CURVE('',#1332,#1330,#736,.T.);
#1667=EDGE_CURVE('',#1333,#1332,#578,.T.);
#1668=EDGE_CURVE('',#1333,#1331,#737,.T.);
#1669=EDGE_CURVE('',#1334,#1335,#866,.T.);
#1670=EDGE_CURVE('',#1335,#1336,#738,.T.);
#1671=EDGE_CURVE('',#1336,#1337,#579,.T.);
#1672=EDGE_CURVE('',#1337,#1334,#739,.T.);
#1673=EDGE_CURVE('',#1338,#1339,#867,.T.);
#1674=EDGE_CURVE('',#1339,#1335,#740,.T.);
#1675=EDGE_CURVE('',#1334,#1338,#741,.T.);
#1676=EDGE_CURVE('',#1340,#1341,#868,.T.);
#1677=EDGE_CURVE('',#1341,#1339,#742,.T.);
#1678=EDGE_CURVE('',#1338,#1340,#743,.T.);
#1679=EDGE_CURVE('',#1342,#1343,#869,.T.);
#1680=EDGE_CURVE('',#1343,#1341,#744,.T.);
#1681=EDGE_CURVE('',#1340,#1342,#745,.T.);
#1682=EDGE_CURVE('',#1344,#1345,#870,.T.);
#1683=EDGE_CURVE('',#1345,#1343,#746,.T.);
#1684=EDGE_CURVE('',#1342,#1344,#747,.T.);
#1685=EDGE_CURVE('',#1346,#1347,#871,.T.);
#1686=EDGE_CURVE('',#1347,#1345,#748,.T.);
#1687=EDGE_CURVE('',#1344,#1346,#749,.T.);
#1688=EDGE_CURVE('',#1348,#1349,#872,.T.);
#1689=EDGE_CURVE('',#1349,#1347,#750,.T.);
#1690=EDGE_CURVE('',#1346,#1348,#751,.T.);
#1691=EDGE_CURVE('',#1350,#1351,#873,.T.);
#1692=EDGE_CURVE('',#1350,#1352,#752,.T.);
#1693=EDGE_CURVE('',#1353,#1352,#580,.T.);
#1694=EDGE_CURVE('',#1353,#1351,#753,.T.);
#1695=EDGE_CURVE('',#1354,#1355,#874,.T.);
#1696=EDGE_CURVE('',#1355,#1356,#754,.T.);
#1697=EDGE_CURVE('',#1357,#1356,#581,.T.);
#1698=EDGE_CURVE('',#1354,#1357,#755,.T.);
#1699=EDGE_CURVE('',#1358,#1359,#875,.T.);
#1700=EDGE_CURVE('',#1359,#1355,#756,.T.);
#1701=EDGE_CURVE('',#1358,#1354,#757,.T.);
#1702=EDGE_CURVE('',#1360,#1361,#876,.T.);
#1703=EDGE_CURVE('',#1361,#1359,#758,.T.);
#1704=EDGE_CURVE('',#1360,#1358,#759,.T.);
#1705=EDGE_CURVE('',#1362,#1363,#877,.T.);
#1706=EDGE_CURVE('',#1363,#1361,#760,.T.);
#1707=EDGE_CURVE('',#1362,#1360,#761,.T.);
#1708=EDGE_CURVE('',#1364,#1365,#878,.T.);
#1709=EDGE_CURVE('',#1365,#1363,#762,.T.);
#1710=EDGE_CURVE('',#1364,#1362,#763,.T.);
#1711=EDGE_CURVE('',#1366,#1367,#879,.T.);
#1712=EDGE_CURVE('',#1367,#1365,#764,.T.);
#1713=EDGE_CURVE('',#1366,#1364,#765,.T.);
#1714=EDGE_CURVE('',#1368,#1369,#880,.T.);
#1715=EDGE_CURVE('',#1369,#1367,#766,.T.);
#1716=EDGE_CURVE('',#1368,#1366,#767,.T.);
#1717=EDGE_CURVE('',#1370,#1371,#881,.T.);
#1718=EDGE_CURVE('',#1372,#1370,#768,.T.);
#1719=EDGE_CURVE('',#1373,#1372,#582,.T.);
#1720=EDGE_CURVE('',#1373,#1371,#769,.T.);
#1721=EDGE_CURVE('',#1374,#1375,#882,.T.);
#1722=EDGE_CURVE('',#1375,#1376,#770,.T.);
#1723=EDGE_CURVE('',#1376,#1377,#583,.T.);
#1724=EDGE_CURVE('',#1377,#1374,#771,.T.);
#1725=EDGE_CURVE('',#1378,#1379,#883,.T.);
#1726=EDGE_CURVE('',#1379,#1375,#772,.T.);
#1727=EDGE_CURVE('',#1374,#1378,#773,.T.);
#1728=EDGE_CURVE('',#1380,#1381,#884,.T.);
#1729=EDGE_CURVE('',#1381,#1379,#774,.T.);
#1730=EDGE_CURVE('',#1378,#1380,#775,.T.);
#1731=EDGE_CURVE('',#1382,#1383,#885,.T.);
#1732=EDGE_CURVE('',#1383,#1381,#776,.T.);
#1733=EDGE_CURVE('',#1380,#1382,#777,.T.);
#1734=EDGE_CURVE('',#1384,#1385,#886,.T.);
#1735=EDGE_CURVE('',#1385,#1383,#778,.T.);
#1736=EDGE_CURVE('',#1382,#1384,#779,.T.);
#1737=EDGE_CURVE('',#1386,#1387,#887,.T.);
#1738=EDGE_CURVE('',#1387,#1385,#780,.T.);
#1739=EDGE_CURVE('',#1384,#1386,#781,.T.);
#1740=EDGE_CURVE('',#1388,#1389,#888,.T.);
#1741=EDGE_CURVE('',#1389,#1387,#782,.T.);
#1742=EDGE_CURVE('',#1386,#1388,#783,.T.);
#1743=EDGE_CURVE('',#1390,#1391,#889,.T.);
#1744=EDGE_CURVE('',#1390,#1392,#784,.T.);
#1745=EDGE_CURVE('',#1393,#1392,#584,.T.);
#1746=EDGE_CURVE('',#1393,#1391,#785,.T.);
#1747=EDGE_CURVE('',#1394,#1395,#890,.T.);
#1748=EDGE_CURVE('',#1395,#1396,#786,.T.);
#1749=EDGE_CURVE('',#1397,#1396,#585,.T.);
#1750=EDGE_CURVE('',#1394,#1397,#787,.T.);
#1751=EDGE_CURVE('',#1398,#1399,#891,.T.);
#1752=EDGE_CURVE('',#1399,#1395,#788,.T.);
#1753=EDGE_CURVE('',#1398,#1394,#789,.T.);
#1754=EDGE_CURVE('',#1400,#1401,#892,.T.);
#1755=EDGE_CURVE('',#1401,#1399,#790,.T.);
#1756=EDGE_CURVE('',#1400,#1398,#791,.T.);
#1757=EDGE_CURVE('',#1402,#1403,#893,.T.);
#1758=EDGE_CURVE('',#1403,#1401,#792,.T.);
#1759=EDGE_CURVE('',#1402,#1400,#793,.T.);
#1760=EDGE_CURVE('',#1404,#1405,#894,.T.);
#1761=EDGE_CURVE('',#1405,#1403,#794,.T.);
#1762=EDGE_CURVE('',#1404,#1402,#795,.T.);
#1763=EDGE_CURVE('',#1406,#1407,#895,.T.);
#1764=EDGE_CURVE('',#1407,#1405,#796,.T.);
#1765=EDGE_CURVE('',#1406,#1404,#797,.T.);
#1766=EDGE_CURVE('',#1408,#1409,#896,.T.);
#1767=EDGE_CURVE('',#1409,#1407,#798,.T.);
#1768=EDGE_CURVE('',#1408,#1406,#799,.T.);
#1769=EDGE_CURVE('',#1410,#1411,#897,.T.);
#1770=EDGE_CURVE('',#1412,#1410,#800,.T.);
#1771=EDGE_CURVE('',#1413,#1412,#586,.T.);
#1772=EDGE_CURVE('',#1413,#1411,#801,.T.);
#1773=EDGE_CURVE('',#1414,#1414,#587,.T.);
#1774=EDGE_CURVE('',#1414,#1415,#898,.T.);
#1775=EDGE_CURVE('',#1415,#1415,#588,.T.);
#1776=EDGE_CURVE('',#1416,#1417,#899,.T.);
#1777=EDGE_CURVE('',#1418,#1416,#900,.T.);
#1778=EDGE_CURVE('',#1419,#1418,#901,.T.);
#1779=EDGE_CURVE('',#1419,#1417,#902,.T.);
#1780=EDGE_CURVE('',#1415,#1420,#903,.T.);
#1781=EDGE_CURVE('',#1420,#1420,#589,.T.);
#1782=EDGE_CURVE('',#1421,#1422,#904,.T.);
#1783=EDGE_CURVE('',#1422,#1423,#590,.T.);
#1784=EDGE_CURVE('',#1423,#1424,#905,.T.);
#1785=EDGE_CURVE('',#1424,#1421,#591,.T.);
#1786=EDGE_CURVE('',#1425,#1426,#906,.T.);
#1787=EDGE_CURVE('',#1426,#1422,#907,.T.);
#1788=EDGE_CURVE('',#1421,#1425,#908,.T.);
#1789=EDGE_CURVE('',#1416,#1427,#909,.T.);
#1790=EDGE_CURVE('',#1427,#1426,#592,.T.);
#1791=EDGE_CURVE('',#1425,#1416,#593,.T.);
#1792=EDGE_CURVE('',#1417,#1428,#910,.T.);
#1793=EDGE_CURVE('',#1428,#1427,#911,.T.);
#1794=EDGE_CURVE('',#1429,#1430,#912,.T.);
#1795=EDGE_CURVE('',#1430,#1428,#594,.T.);
#1796=EDGE_CURVE('',#1417,#1429,#595,.T.);
#1797=EDGE_CURVE('',#1431,#1432,#913,.T.);
#1798=EDGE_CURVE('',#1432,#1430,#914,.T.);
#1799=EDGE_CURVE('',#1429,#1431,#915,.T.);
#1800=EDGE_CURVE('',#1433,#1434,#916,.T.);
#1801=EDGE_CURVE('',#1434,#1432,#596,.T.);
#1802=EDGE_CURVE('',#1431,#1433,#597,.T.);
#1803=EDGE_CURVE('',#1423,#1434,#917,.T.);
#1804=EDGE_CURVE('',#1433,#1424,#918,.T.);
#1805=EDGE_CURVE('',#1435,#1425,#919,.T.);
#1806=EDGE_CURVE('',#1435,#1418,#598,.T.);
#1807=EDGE_CURVE('',#1436,#1421,#920,.T.);
#1808=EDGE_CURVE('',#1435,#1436,#921,.T.);
#1809=EDGE_CURVE('',#1437,#1424,#922,.T.);
#1810=EDGE_CURVE('',#1437,#1436,#599,.T.);
#1811=EDGE_CURVE('',#1438,#1439,#923,.T.);
#1812=EDGE_CURVE('',#1440,#1438,#600,.T.);
#1813=EDGE_CURVE('',#1441,#1440,#924,.T.);
#1814=EDGE_CURVE('',#1442,#1441,#601,.T.);
#1815=EDGE_CURVE('',#1443,#1442,#925,.T.);
#1816=EDGE_CURVE('',#1444,#1443,#602,.T.);
#1817=EDGE_CURVE('',#1445,#1444,#926,.T.);
#1818=EDGE_CURVE('',#1439,#1445,#603,.T.);
#1819=EDGE_CURVE('',#1446,#1438,#927,.T.);
#1820=EDGE_CURVE('',#1439,#1447,#928,.T.);
#1821=EDGE_CURVE('',#1447,#1446,#929,.T.);
#1822=EDGE_CURVE('',#1448,#1440,#930,.T.);
#1823=EDGE_CURVE('',#1446,#1448,#604,.T.);
#1824=EDGE_CURVE('',#1449,#1441,#931,.T.);
#1825=EDGE_CURVE('',#1448,#1449,#932,.T.);
#1826=EDGE_CURVE('',#1450,#1442,#933,.T.);
#1827=EDGE_CURVE('',#1449,#1450,#605,.T.);
#1828=EDGE_CURVE('',#1451,#1443,#934,.T.);
#1829=EDGE_CURVE('',#1450,#1451,#935,.T.);
#1830=EDGE_CURVE('',#1452,#1444,#936,.T.);
#1831=EDGE_CURVE('',#1451,#1452,#606,.T.);
#1832=EDGE_CURVE('',#1453,#1445,#937,.T.);
#1833=EDGE_CURVE('',#1452,#1453,#938,.T.);
#1834=EDGE_CURVE('',#1453,#1447,#607,.T.);
#1835=EDGE_CURVE('',#1454,#1449,#939,.T.);
#1836=EDGE_CURVE('',#1455,#1454,#608,.T.);
#1837=EDGE_CURVE('',#1455,#1450,#940,.T.);
#1838=EDGE_CURVE('',#1456,#1448,#941,.T.);
#1839=EDGE_CURVE('',#1454,#1456,#942,.T.);
#1840=EDGE_CURVE('',#1457,#1458,#43,.T.);
#1841=EDGE_CURVE('',#1458,#1459,#943,.T.);
#1842=EDGE_CURVE('',#1459,#1460,#44,.T.);
#1843=EDGE_CURVE('',#1460,#1461,#944,.T.);
#1844=EDGE_CURVE('',#1461,#1462,#45,.T.);
#1845=EDGE_CURVE('',#1462,#1463,#945,.T.);
#1846=EDGE_CURVE('',#1463,#1464,#46,.T.);
#1847=EDGE_CURVE('',#1464,#1457,#946,.T.);
#1848=EDGE_CURVE('',#1465,#1446,#947,.T.);
#1849=EDGE_CURVE('',#1456,#1465,#609,.T.);
#1850=EDGE_CURVE('',#1466,#1447,#948,.T.);
#1851=EDGE_CURVE('',#1465,#1466,#949,.T.);
#1852=EDGE_CURVE('',#1467,#1468,#47,.T.);
#1853=EDGE_CURVE('',#1468,#1469,#950,.T.);
#1854=EDGE_CURVE('',#1469,#1470,#48,.T.);
#1855=EDGE_CURVE('',#1470,#1471,#951,.T.);
#1856=EDGE_CURVE('',#1471,#1472,#49,.T.);
#1857=EDGE_CURVE('',#1472,#1473,#952,.T.);
#1858=EDGE_CURVE('',#1473,#1474,#50,.T.);
#1859=EDGE_CURVE('',#1474,#1467,#953,.T.);
#1860=EDGE_CURVE('',#1475,#1476,#610,.F.);
#1861=EDGE_CURVE('',#1476,#1477,#611,.F.);
#1862=EDGE_CURVE('',#1477,#1475,#612,.F.);
#1863=EDGE_CURVE('',#1478,#1479,#613,.F.);
#1864=EDGE_CURVE('',#1479,#1480,#614,.F.);
#1865=EDGE_CURVE('',#1480,#1478,#615,.F.);
#1866=EDGE_CURVE('',#1478,#1477,#954,.T.);
#1867=EDGE_CURVE('',#1475,#1480,#955,.T.);
#1868=EDGE_CURVE('',#1480,#1469,#956,.T.);
#1869=EDGE_CURVE('',#1470,#1479,#957,.T.);
#1870=EDGE_CURVE('',#1479,#1471,#958,.T.);
#1871=EDGE_CURVE('',#1472,#1478,#959,.T.);
#1872=EDGE_CURVE('',#1477,#1473,#960,.T.);
#1873=EDGE_CURVE('',#1474,#1476,#961,.T.);
#1874=EDGE_CURVE('',#1476,#1467,#962,.T.);
#1875=EDGE_CURVE('',#1468,#1475,#963,.T.);
#1876=EDGE_CURVE('',#1481,#1482,#616,.F.);
#1877=EDGE_CURVE('',#1482,#1483,#617,.F.);
#1878=EDGE_CURVE('',#1483,#1481,#618,.F.);
#1879=EDGE_CURVE('',#1484,#1485,#619,.F.);
#1880=EDGE_CURVE('',#1485,#1486,#620,.F.);
#1881=EDGE_CURVE('',#1486,#1484,#621,.F.);
#1882=EDGE_CURVE('',#1484,#1483,#964,.T.);
#1883=EDGE_CURVE('',#1481,#1486,#965,.T.);
#1884=EDGE_CURVE('',#1487,#1488,#51,.T.);
#1885=EDGE_CURVE('',#1486,#1487,#966,.T.);
#1886=EDGE_CURVE('',#1488,#1485,#967,.T.);
#1887=EDGE_CURVE('',#1489,#1490,#52,.T.);
#1888=EDGE_CURVE('',#1485,#1489,#968,.T.);
#1889=EDGE_CURVE('',#1490,#1484,#969,.T.);
#1890=EDGE_CURVE('',#1491,#1492,#53,.T.);
#1891=EDGE_CURVE('',#1483,#1491,#970,.T.);
#1892=EDGE_CURVE('',#1492,#1482,#971,.T.);
#1893=EDGE_CURVE('',#1493,#1494,#54,.T.);
#1894=EDGE_CURVE('',#1482,#1493,#972,.T.);
#1895=EDGE_CURVE('',#1494,#1481,#973,.T.);
#1896=EDGE_CURVE('',#1488,#1489,#974,.T.);
#1897=EDGE_CURVE('',#1494,#1487,#975,.T.);
#1898=EDGE_CURVE('',#1495,#1496,#622,.F.);
#1899=EDGE_CURVE('',#1496,#1497,#623,.F.);
#1900=EDGE_CURVE('',#1497,#1495,#624,.F.);
#1901=EDGE_CURVE('',#1498,#1499,#625,.F.);
#1902=EDGE_CURVE('',#1499,#1500,#626,.F.);
#1903=EDGE_CURVE('',#1500,#1498,#627,.F.);
#1904=EDGE_CURVE('',#1498,#1497,#976,.T.);
#1905=EDGE_CURVE('',#1495,#1500,#977,.T.);
#1906=EDGE_CURVE('',#1501,#1502,#55,.T.);
#1907=EDGE_CURVE('',#1500,#1501,#978,.T.);
#1908=EDGE_CURVE('',#1502,#1499,#979,.T.);
#1909=EDGE_CURVE('',#1503,#1504,#56,.T.);
#1910=EDGE_CURVE('',#1499,#1503,#980,.T.);
#1911=EDGE_CURVE('',#1504,#1498,#981,.T.);
#1912=EDGE_CURVE('',#1505,#1506,#57,.T.);
#1913=EDGE_CURVE('',#1497,#1505,#982,.T.);
#1914=EDGE_CURVE('',#1506,#1496,#983,.T.);
#1915=EDGE_CURVE('',#1507,#1508,#58,.T.);
#1916=EDGE_CURVE('',#1496,#1507,#984,.T.);
#1917=EDGE_CURVE('',#1508,#1495,#985,.T.);
#1918=EDGE_CURVE('',#1502,#1503,#986,.T.);
#1919=EDGE_CURVE('',#1508,#1501,#987,.T.);
#1920=EDGE_CURVE('',#1509,#1510,#628,.F.);
#1921=EDGE_CURVE('',#1510,#1511,#629,.F.);
#1922=EDGE_CURVE('',#1511,#1509,#630,.F.);
#1923=EDGE_CURVE('',#1512,#1513,#631,.F.);
#1924=EDGE_CURVE('',#1513,#1514,#632,.F.);
#1925=EDGE_CURVE('',#1514,#1512,#633,.F.);
#1926=EDGE_CURVE('',#1512,#1511,#988,.T.);
#1927=EDGE_CURVE('',#1509,#1514,#989,.T.);
#1928=EDGE_CURVE('',#1514,#1459,#990,.T.);
#1929=EDGE_CURVE('',#1460,#1513,#991,.T.);
#1930=EDGE_CURVE('',#1513,#1461,#992,.T.);
#1931=EDGE_CURVE('',#1462,#1512,#993,.T.);
#1932=EDGE_CURVE('',#1511,#1463,#994,.T.);
#1933=EDGE_CURVE('',#1464,#1510,#995,.T.);
#1934=EDGE_CURVE('',#1510,#1457,#996,.T.);
#1935=EDGE_CURVE('',#1458,#1509,#997,.T.);
#1936=EDGE_CURVE('',#1504,#1505,#998,.T.);
#1937=EDGE_CURVE('',#1506,#1507,#999,.T.);
#1938=EDGE_CURVE('',#1490,#1491,#1000,.T.);
#1939=EDGE_CURVE('',#1492,#1493,#1001,.T.);
#1940=EDGE_CURVE('',#1515,#1451,#1002,.T.);
#1941=EDGE_CURVE('',#1516,#1515,#634,.T.);
#1942=EDGE_CURVE('',#1516,#1452,#1003,.T.);
#1943=EDGE_CURVE('',#1515,#1455,#1004,.T.);
#1944=EDGE_CURVE('',#1517,#1518,#635,.T.);
#1945=EDGE_CURVE('',#1517,#1519,#1005,.T.);
#1946=EDGE_CURVE('',#1519,#1520,#636,.T.);
#1947=EDGE_CURVE('',#1518,#1520,#1006,.T.);
#1948=EDGE_CURVE('',#1518,#1521,#1007,.T.);
#1949=EDGE_CURVE('',#1520,#1522,#1008,.T.);
#1950=EDGE_CURVE('',#1521,#1522,#1009,.T.);
#1951=EDGE_CURVE('',#1521,#1523,#637,.T.);
#1952=EDGE_CURVE('',#1522,#1524,#638,.T.);
#1953=EDGE_CURVE('',#1523,#1524,#1010,.T.);
#1954=EDGE_CURVE('',#1523,#1525,#1011,.T.);
#1955=EDGE_CURVE('',#1524,#1526,#1012,.T.);
#1956=EDGE_CURVE('',#1525,#1526,#1013,.T.);
#1957=EDGE_CURVE('',#1525,#1527,#639,.T.);
#1958=EDGE_CURVE('',#1526,#1528,#640,.T.);
#1959=EDGE_CURVE('',#1527,#1528,#1014,.T.);
#1960=EDGE_CURVE('',#1527,#1529,#1015,.T.);
#1961=EDGE_CURVE('',#1528,#1530,#1016,.T.);
#1962=EDGE_CURVE('',#1530,#1529,#1017,.T.);
#1963=EDGE_CURVE('',#1529,#1531,#641,.T.);
#1964=EDGE_CURVE('',#1530,#1532,#642,.T.);
#1965=EDGE_CURVE('',#1531,#1532,#1018,.T.);
#1966=EDGE_CURVE('',#1517,#1531,#1019,.T.);
#1967=EDGE_CURVE('',#1532,#1519,#1020,.T.);
#1968=EDGE_CURVE('',#1437,#1533,#1021,.T.);
#1969=EDGE_CURVE('',#1534,#1533,#643,.T.);
#1970=EDGE_CURVE('',#1534,#1535,#1022,.T.);
#1971=EDGE_CURVE('',#1419,#1535,#644,.T.);
#1972=EDGE_CURVE('',#1377,#1536,#645,.T.);
#1973=EDGE_CURVE('',#1536,#1376,#646,.T.);
#1974=EDGE_CURVE('',#1376,#1397,#802,.T.);
#1975=EDGE_CURVE('',#1396,#1377,#803,.T.);
#1976=EDGE_CURVE('',#1411,#1409,#804,.T.);
#1977=EDGE_CURVE('',#1410,#1408,#805,.T.);
#1978=EDGE_CURVE('',#1392,#1413,#806,.T.);
#1979=EDGE_CURVE('',#1388,#1390,#807,.T.);
#1980=EDGE_CURVE('',#1391,#1389,#808,.T.);
#1981=EDGE_CURVE('',#1412,#1393,#809,.T.);
#1982=EDGE_CURVE('',#1536,#1537,#1023,.T.);
#1983=EDGE_CURVE('',#1337,#1538,#647,.T.);
#1984=EDGE_CURVE('',#1538,#1336,#648,.T.);
#1985=EDGE_CURVE('',#1336,#1357,#810,.T.);
#1986=EDGE_CURVE('',#1356,#1337,#811,.T.);
#1987=EDGE_CURVE('',#1371,#1369,#812,.T.);
#1988=EDGE_CURVE('',#1370,#1368,#813,.T.);
#1989=EDGE_CURVE('',#1352,#1373,#814,.T.);
#1990=EDGE_CURVE('',#1348,#1350,#815,.T.);
#1991=EDGE_CURVE('',#1351,#1349,#816,.T.);
#1992=EDGE_CURVE('',#1372,#1353,#817,.T.);
#1993=EDGE_CURVE('',#1538,#1539,#1024,.T.);
#1994=EDGE_CURVE('',#1297,#1540,#649,.T.);
#1995=EDGE_CURVE('',#1540,#1296,#650,.T.);
#1996=EDGE_CURVE('',#1296,#1317,#818,.T.);
#1997=EDGE_CURVE('',#1316,#1297,#819,.T.);
#1998=EDGE_CURVE('',#1331,#1329,#820,.T.);
#1999=EDGE_CURVE('',#1330,#1328,#821,.T.);
#2000=EDGE_CURVE('',#1312,#1333,#822,.T.);
#2001=EDGE_CURVE('',#1308,#1310,#823,.T.);
#2002=EDGE_CURVE('',#1311,#1309,#824,.T.);
#2003=EDGE_CURVE('',#1332,#1313,#825,.T.);
#2004=EDGE_CURVE('',#1540,#1541,#1025,.T.);
#2005=EDGE_CURVE('',#1257,#1542,#651,.T.);
#2006=EDGE_CURVE('',#1542,#1256,#652,.T.);
#2007=EDGE_CURVE('',#1256,#1277,#826,.T.);
#2008=EDGE_CURVE('',#1276,#1257,#827,.T.);
#2009=EDGE_CURVE('',#1291,#1289,#828,.T.);
#2010=EDGE_CURVE('',#1290,#1288,#829,.T.);
#2011=EDGE_CURVE('',#1272,#1293,#830,.T.);
#2012=EDGE_CURVE('',#1268,#1270,#831,.T.);
#2013=EDGE_CURVE('',#1271,#1269,#832,.T.);
#2014=EDGE_CURVE('',#1292,#1273,#833,.T.);
#2015=EDGE_CURVE('',#1542,#1543,#1026,.T.);
#2016=EDGE_CURVE('',#1544,#1544,#653,.T.);
#2017=EDGE_CURVE('',#1544,#1545,#1027,.T.);
#2018=EDGE_CURVE('',#1545,#1545,#654,.T.);
#2019=EDGE_CURVE('',#1545,#1546,#1028,.T.);
#2020=EDGE_CURVE('',#1546,#1546,#655,.T.);
#2021=EDGE_CURVE('',#1547,#1547,#656,.T.);
#2022=EDGE_CURVE('',#1547,#1548,#1029,.T.);
#2023=EDGE_CURVE('',#1548,#1548,#657,.T.);
#2024=EDGE_CURVE('',#1548,#1549,#1030,.T.);
#2025=EDGE_CURVE('',#1549,#1549,#658,.T.);
#2026=EDGE_CURVE('',#1550,#1550,#659,.T.);
#2027=EDGE_CURVE('',#1550,#1551,#1031,.T.);
#2028=EDGE_CURVE('',#1551,#1551,#660,.T.);
#2029=EDGE_CURVE('',#1551,#1552,#1032,.T.);
#2030=EDGE_CURVE('',#1552,#1552,#661,.T.);
#2031=EDGE_CURVE('',#1553,#1553,#662,.T.);
#2032=EDGE_CURVE('',#1553,#1554,#1033,.T.);
#2033=EDGE_CURVE('',#1554,#1554,#663,.T.);
#2034=EDGE_CURVE('',#1554,#1555,#1034,.T.);
#2035=EDGE_CURVE('',#1555,#1555,#664,.T.);
#2036=EDGE_CURVE('',#1465,#1556,#59,.T.);
#2037=EDGE_CURVE('',#1556,#1456,#60,.T.);
#2038=EDGE_CURVE('',#1454,#1557,#61,.T.);
#2039=EDGE_CURVE('',#1557,#1455,#62,.T.);
#2040=EDGE_CURVE('',#1515,#1558,#63,.T.);
#2041=EDGE_CURVE('',#1558,#1516,#64,.T.);
#2042=EDGE_CURVE('',#1559,#1560,#65,.T.);
#2043=EDGE_CURVE('',#1560,#1466,#66,.T.);
#2044=EDGE_CURVE('',#1466,#1559,#665,.T.);
#2045=EDGE_CURVE('',#1560,#1556,#1035,.T.);
#2046=EDGE_CURVE('',#1558,#1560,#1036,.T.);
#2047=EDGE_CURVE('',#1559,#1516,#1037,.T.);
#2048=EDGE_CURVE('',#1557,#1558,#1038,.T.);
#2049=EDGE_CURVE('',#1556,#1557,#1039,.T.);
#2050=EDGE_CURVE('',#1559,#1453,#1040,.T.);
#2051=EDGE_CURVE('',#1561,#1561,#666,.T.);
#2052=EDGE_CURVE('',#1562,#1562,#667,.T.);
#2053=EDGE_CURVE('',#1563,#1563,#668,.T.);
#2054=EDGE_CURVE('',#1564,#1564,#669,.T.);
#2055=EDGE_CURVE('',#1546,#1564,#670,.T.);
#2056=EDGE_CURVE('',#1549,#1561,#671,.T.);
#2057=EDGE_CURVE('',#1555,#1563,#672,.T.);
#2058=EDGE_CURVE('',#1552,#1562,#673,.T.);
#2059=EDGE_CURVE('',#1533,#1433,#1041,.T.);
#2060=EDGE_CURVE('',#1534,#1431,#1042,.T.);
#2061=EDGE_CURVE('',#1535,#1429,#1043,.T.);
#2062=ORIENTED_EDGE('',*,*,#1565,.T.);
#2063=ORIENTED_EDGE('',*,*,#1566,.T.);
#2064=ORIENTED_EDGE('',*,*,#1567,.T.);
#2065=ORIENTED_EDGE('',*,*,#1568,.T.);
#2066=ORIENTED_EDGE('',*,*,#1569,.T.);
#2067=ORIENTED_EDGE('',*,*,#1570,.T.);
#2068=ORIENTED_EDGE('',*,*,#1565,.F.);
#2069=ORIENTED_EDGE('',*,*,#1571,.T.);
#2070=ORIENTED_EDGE('',*,*,#1572,.T.);
#2071=ORIENTED_EDGE('',*,*,#1573,.T.);
#2072=ORIENTED_EDGE('',*,*,#1569,.F.);
#2073=ORIENTED_EDGE('',*,*,#1574,.T.);
#2074=ORIENTED_EDGE('',*,*,#1575,.T.);
#2075=ORIENTED_EDGE('',*,*,#1576,.T.);
#2076=ORIENTED_EDGE('',*,*,#1572,.F.);
#2077=ORIENTED_EDGE('',*,*,#1577,.T.);
#2078=ORIENTED_EDGE('',*,*,#1578,.T.);
#2079=ORIENTED_EDGE('',*,*,#1579,.T.);
#2080=ORIENTED_EDGE('',*,*,#1575,.F.);
#2081=ORIENTED_EDGE('',*,*,#1580,.T.);
#2082=ORIENTED_EDGE('',*,*,#1581,.T.);
#2083=ORIENTED_EDGE('',*,*,#1582,.T.);
#2084=ORIENTED_EDGE('',*,*,#1578,.F.);
#2085=ORIENTED_EDGE('',*,*,#1583,.T.);
#2086=ORIENTED_EDGE('',*,*,#1584,.T.);
#2087=ORIENTED_EDGE('',*,*,#1585,.T.);
#2088=ORIENTED_EDGE('',*,*,#1581,.F.);
#2089=ORIENTED_EDGE('',*,*,#1586,.T.);
#2090=ORIENTED_EDGE('',*,*,#1587,.F.);
#2091=ORIENTED_EDGE('',*,*,#1588,.T.);
#2092=ORIENTED_EDGE('',*,*,#1589,.F.);
#2093=ORIENTED_EDGE('',*,*,#1590,.T.);
#2094=ORIENTED_EDGE('',*,*,#1591,.T.);
#2095=ORIENTED_EDGE('',*,*,#1592,.T.);
#2096=ORIENTED_EDGE('',*,*,#1593,.F.);
#2097=ORIENTED_EDGE('',*,*,#1594,.F.);
#2098=ORIENTED_EDGE('',*,*,#1595,.T.);
#2099=ORIENTED_EDGE('',*,*,#1596,.T.);
#2100=ORIENTED_EDGE('',*,*,#1591,.F.);
#2101=ORIENTED_EDGE('',*,*,#1597,.F.);
#2102=ORIENTED_EDGE('',*,*,#1598,.T.);
#2103=ORIENTED_EDGE('',*,*,#1599,.T.);
#2104=ORIENTED_EDGE('',*,*,#1595,.F.);
#2105=ORIENTED_EDGE('',*,*,#1600,.F.);
#2106=ORIENTED_EDGE('',*,*,#1601,.T.);
#2107=ORIENTED_EDGE('',*,*,#1602,.T.);
#2108=ORIENTED_EDGE('',*,*,#1598,.F.);
#2109=ORIENTED_EDGE('',*,*,#1603,.F.);
#2110=ORIENTED_EDGE('',*,*,#1604,.T.);
#2111=ORIENTED_EDGE('',*,*,#1605,.T.);
#2112=ORIENTED_EDGE('',*,*,#1601,.F.);
#2113=ORIENTED_EDGE('',*,*,#1606,.F.);
#2114=ORIENTED_EDGE('',*,*,#1607,.T.);
#2115=ORIENTED_EDGE('',*,*,#1608,.T.);
#2116=ORIENTED_EDGE('',*,*,#1604,.F.);
#2117=ORIENTED_EDGE('',*,*,#1609,.F.);
#2118=ORIENTED_EDGE('',*,*,#1610,.T.);
#2119=ORIENTED_EDGE('',*,*,#1611,.T.);
#2120=ORIENTED_EDGE('',*,*,#1607,.F.);
#2121=ORIENTED_EDGE('',*,*,#1612,.F.);
#2122=ORIENTED_EDGE('',*,*,#1613,.F.);
#2123=ORIENTED_EDGE('',*,*,#1614,.F.);
#2124=ORIENTED_EDGE('',*,*,#1615,.F.);
#2125=ORIENTED_EDGE('',*,*,#1616,.T.);
#2126=ORIENTED_EDGE('',*,*,#1617,.T.);
#2127=ORIENTED_EDGE('',*,*,#1618,.T.);
#2128=ORIENTED_EDGE('',*,*,#1619,.T.);
#2129=ORIENTED_EDGE('',*,*,#1620,.T.);
#2130=ORIENTED_EDGE('',*,*,#1621,.T.);
#2131=ORIENTED_EDGE('',*,*,#1622,.T.);
#2132=ORIENTED_EDGE('',*,*,#1617,.F.);
#2133=ORIENTED_EDGE('',*,*,#1623,.T.);
#2134=ORIENTED_EDGE('',*,*,#1624,.T.);
#2135=ORIENTED_EDGE('',*,*,#1625,.T.);
#2136=ORIENTED_EDGE('',*,*,#1621,.F.);
#2137=ORIENTED_EDGE('',*,*,#1626,.T.);
#2138=ORIENTED_EDGE('',*,*,#1627,.T.);
#2139=ORIENTED_EDGE('',*,*,#1628,.T.);
#2140=ORIENTED_EDGE('',*,*,#1624,.F.);
#2141=ORIENTED_EDGE('',*,*,#1629,.T.);
#2142=ORIENTED_EDGE('',*,*,#1630,.T.);
#2143=ORIENTED_EDGE('',*,*,#1631,.T.);
#2144=ORIENTED_EDGE('',*,*,#1627,.F.);
#2145=ORIENTED_EDGE('',*,*,#1632,.T.);
#2146=ORIENTED_EDGE('',*,*,#1633,.T.);
#2147=ORIENTED_EDGE('',*,*,#1634,.T.);
#2148=ORIENTED_EDGE('',*,*,#1630,.F.);
#2149=ORIENTED_EDGE('',*,*,#1635,.T.);
#2150=ORIENTED_EDGE('',*,*,#1636,.T.);
#2151=ORIENTED_EDGE('',*,*,#1637,.T.);
#2152=ORIENTED_EDGE('',*,*,#1633,.F.);
#2153=ORIENTED_EDGE('',*,*,#1638,.T.);
#2154=ORIENTED_EDGE('',*,*,#1639,.F.);
#2155=ORIENTED_EDGE('',*,*,#1640,.T.);
#2156=ORIENTED_EDGE('',*,*,#1641,.F.);
#2157=ORIENTED_EDGE('',*,*,#1642,.T.);
#2158=ORIENTED_EDGE('',*,*,#1643,.T.);
#2159=ORIENTED_EDGE('',*,*,#1644,.T.);
#2160=ORIENTED_EDGE('',*,*,#1645,.F.);
#2161=ORIENTED_EDGE('',*,*,#1646,.F.);
#2162=ORIENTED_EDGE('',*,*,#1647,.T.);
#2163=ORIENTED_EDGE('',*,*,#1648,.T.);
#2164=ORIENTED_EDGE('',*,*,#1643,.F.);
#2165=ORIENTED_EDGE('',*,*,#1649,.F.);
#2166=ORIENTED_EDGE('',*,*,#1650,.T.);
#2167=ORIENTED_EDGE('',*,*,#1651,.T.);
#2168=ORIENTED_EDGE('',*,*,#1647,.F.);
#2169=ORIENTED_EDGE('',*,*,#1652,.F.);
#2170=ORIENTED_EDGE('',*,*,#1653,.T.);
#2171=ORIENTED_EDGE('',*,*,#1654,.T.);
#2172=ORIENTED_EDGE('',*,*,#1650,.F.);
#2173=ORIENTED_EDGE('',*,*,#1655,.F.);
#2174=ORIENTED_EDGE('',*,*,#1656,.T.);
#2175=ORIENTED_EDGE('',*,*,#1657,.T.);
#2176=ORIENTED_EDGE('',*,*,#1653,.F.);
#2177=ORIENTED_EDGE('',*,*,#1658,.F.);
#2178=ORIENTED_EDGE('',*,*,#1659,.T.);
#2179=ORIENTED_EDGE('',*,*,#1660,.T.);
#2180=ORIENTED_EDGE('',*,*,#1656,.F.);
#2181=ORIENTED_EDGE('',*,*,#1661,.F.);
#2182=ORIENTED_EDGE('',*,*,#1662,.T.);
#2183=ORIENTED_EDGE('',*,*,#1663,.T.);
#2184=ORIENTED_EDGE('',*,*,#1659,.F.);
#2185=ORIENTED_EDGE('',*,*,#1664,.F.);
#2186=ORIENTED_EDGE('',*,*,#1665,.F.);
#2187=ORIENTED_EDGE('',*,*,#1666,.F.);
#2188=ORIENTED_EDGE('',*,*,#1667,.F.);
#2189=ORIENTED_EDGE('',*,*,#1668,.T.);
#2190=ORIENTED_EDGE('',*,*,#1669,.T.);
#2191=ORIENTED_EDGE('',*,*,#1670,.T.);
#2192=ORIENTED_EDGE('',*,*,#1671,.T.);
#2193=ORIENTED_EDGE('',*,*,#1672,.T.);
#2194=ORIENTED_EDGE('',*,*,#1673,.T.);
#2195=ORIENTED_EDGE('',*,*,#1674,.T.);
#2196=ORIENTED_EDGE('',*,*,#1669,.F.);
#2197=ORIENTED_EDGE('',*,*,#1675,.T.);
#2198=ORIENTED_EDGE('',*,*,#1676,.T.);
#2199=ORIENTED_EDGE('',*,*,#1677,.T.);
#2200=ORIENTED_EDGE('',*,*,#1673,.F.);
#2201=ORIENTED_EDGE('',*,*,#1678,.T.);
#2202=ORIENTED_EDGE('',*,*,#1679,.T.);
#2203=ORIENTED_EDGE('',*,*,#1680,.T.);
#2204=ORIENTED_EDGE('',*,*,#1676,.F.);
#2205=ORIENTED_EDGE('',*,*,#1681,.T.);
#2206=ORIENTED_EDGE('',*,*,#1682,.T.);
#2207=ORIENTED_EDGE('',*,*,#1683,.T.);
#2208=ORIENTED_EDGE('',*,*,#1679,.F.);
#2209=ORIENTED_EDGE('',*,*,#1684,.T.);
#2210=ORIENTED_EDGE('',*,*,#1685,.T.);
#2211=ORIENTED_EDGE('',*,*,#1686,.T.);
#2212=ORIENTED_EDGE('',*,*,#1682,.F.);
#2213=ORIENTED_EDGE('',*,*,#1687,.T.);
#2214=ORIENTED_EDGE('',*,*,#1688,.T.);
#2215=ORIENTED_EDGE('',*,*,#1689,.T.);
#2216=ORIENTED_EDGE('',*,*,#1685,.F.);
#2217=ORIENTED_EDGE('',*,*,#1690,.T.);
#2218=ORIENTED_EDGE('',*,*,#1691,.F.);
#2219=ORIENTED_EDGE('',*,*,#1692,.T.);
#2220=ORIENTED_EDGE('',*,*,#1693,.F.);
#2221=ORIENTED_EDGE('',*,*,#1694,.T.);
#2222=ORIENTED_EDGE('',*,*,#1695,.T.);
#2223=ORIENTED_EDGE('',*,*,#1696,.T.);
#2224=ORIENTED_EDGE('',*,*,#1697,.F.);
#2225=ORIENTED_EDGE('',*,*,#1698,.F.);
#2226=ORIENTED_EDGE('',*,*,#1699,.T.);
#2227=ORIENTED_EDGE('',*,*,#1700,.T.);
#2228=ORIENTED_EDGE('',*,*,#1695,.F.);
#2229=ORIENTED_EDGE('',*,*,#1701,.F.);
#2230=ORIENTED_EDGE('',*,*,#1702,.T.);
#2231=ORIENTED_EDGE('',*,*,#1703,.T.);
#2232=ORIENTED_EDGE('',*,*,#1699,.F.);
#2233=ORIENTED_EDGE('',*,*,#1704,.F.);
#2234=ORIENTED_EDGE('',*,*,#1705,.T.);
#2235=ORIENTED_EDGE('',*,*,#1706,.T.);
#2236=ORIENTED_EDGE('',*,*,#1702,.F.);
#2237=ORIENTED_EDGE('',*,*,#1707,.F.);
#2238=ORIENTED_EDGE('',*,*,#1708,.T.);
#2239=ORIENTED_EDGE('',*,*,#1709,.T.);
#2240=ORIENTED_EDGE('',*,*,#1705,.F.);
#2241=ORIENTED_EDGE('',*,*,#1710,.F.);
#2242=ORIENTED_EDGE('',*,*,#1711,.T.);
#2243=ORIENTED_EDGE('',*,*,#1712,.T.);
#2244=ORIENTED_EDGE('',*,*,#1708,.F.);
#2245=ORIENTED_EDGE('',*,*,#1713,.F.);
#2246=ORIENTED_EDGE('',*,*,#1714,.T.);
#2247=ORIENTED_EDGE('',*,*,#1715,.T.);
#2248=ORIENTED_EDGE('',*,*,#1711,.F.);
#2249=ORIENTED_EDGE('',*,*,#1716,.F.);
#2250=ORIENTED_EDGE('',*,*,#1717,.F.);
#2251=ORIENTED_EDGE('',*,*,#1718,.F.);
#2252=ORIENTED_EDGE('',*,*,#1719,.F.);
#2253=ORIENTED_EDGE('',*,*,#1720,.T.);
#2254=ORIENTED_EDGE('',*,*,#1721,.T.);
#2255=ORIENTED_EDGE('',*,*,#1722,.T.);
#2256=ORIENTED_EDGE('',*,*,#1723,.T.);
#2257=ORIENTED_EDGE('',*,*,#1724,.T.);
#2258=ORIENTED_EDGE('',*,*,#1725,.T.);
#2259=ORIENTED_EDGE('',*,*,#1726,.T.);
#2260=ORIENTED_EDGE('',*,*,#1721,.F.);
#2261=ORIENTED_EDGE('',*,*,#1727,.T.);
#2262=ORIENTED_EDGE('',*,*,#1728,.T.);
#2263=ORIENTED_EDGE('',*,*,#1729,.T.);
#2264=ORIENTED_EDGE('',*,*,#1725,.F.);
#2265=ORIENTED_EDGE('',*,*,#1730,.T.);
#2266=ORIENTED_EDGE('',*,*,#1731,.T.);
#2267=ORIENTED_EDGE('',*,*,#1732,.T.);
#2268=ORIENTED_EDGE('',*,*,#1728,.F.);
#2269=ORIENTED_EDGE('',*,*,#1733,.T.);
#2270=ORIENTED_EDGE('',*,*,#1734,.T.);
#2271=ORIENTED_EDGE('',*,*,#1735,.T.);
#2272=ORIENTED_EDGE('',*,*,#1731,.F.);
#2273=ORIENTED_EDGE('',*,*,#1736,.T.);
#2274=ORIENTED_EDGE('',*,*,#1737,.T.);
#2275=ORIENTED_EDGE('',*,*,#1738,.T.);
#2276=ORIENTED_EDGE('',*,*,#1734,.F.);
#2277=ORIENTED_EDGE('',*,*,#1739,.T.);
#2278=ORIENTED_EDGE('',*,*,#1740,.T.);
#2279=ORIENTED_EDGE('',*,*,#1741,.T.);
#2280=ORIENTED_EDGE('',*,*,#1737,.F.);
#2281=ORIENTED_EDGE('',*,*,#1742,.T.);
#2282=ORIENTED_EDGE('',*,*,#1743,.F.);
#2283=ORIENTED_EDGE('',*,*,#1744,.T.);
#2284=ORIENTED_EDGE('',*,*,#1745,.F.);
#2285=ORIENTED_EDGE('',*,*,#1746,.T.);
#2286=ORIENTED_EDGE('',*,*,#1747,.T.);
#2287=ORIENTED_EDGE('',*,*,#1748,.T.);
#2288=ORIENTED_EDGE('',*,*,#1749,.F.);
#2289=ORIENTED_EDGE('',*,*,#1750,.F.);
#2290=ORIENTED_EDGE('',*,*,#1751,.T.);
#2291=ORIENTED_EDGE('',*,*,#1752,.T.);
#2292=ORIENTED_EDGE('',*,*,#1747,.F.);
#2293=ORIENTED_EDGE('',*,*,#1753,.F.);
#2294=ORIENTED_EDGE('',*,*,#1754,.T.);
#2295=ORIENTED_EDGE('',*,*,#1755,.T.);
#2296=ORIENTED_EDGE('',*,*,#1751,.F.);
#2297=ORIENTED_EDGE('',*,*,#1756,.F.);
#2298=ORIENTED_EDGE('',*,*,#1757,.T.);
#2299=ORIENTED_EDGE('',*,*,#1758,.T.);
#2300=ORIENTED_EDGE('',*,*,#1754,.F.);
#2301=ORIENTED_EDGE('',*,*,#1759,.F.);
#2302=ORIENTED_EDGE('',*,*,#1760,.T.);
#2303=ORIENTED_EDGE('',*,*,#1761,.T.);
#2304=ORIENTED_EDGE('',*,*,#1757,.F.);
#2305=ORIENTED_EDGE('',*,*,#1762,.F.);
#2306=ORIENTED_EDGE('',*,*,#1763,.T.);
#2307=ORIENTED_EDGE('',*,*,#1764,.T.);
#2308=ORIENTED_EDGE('',*,*,#1760,.F.);
#2309=ORIENTED_EDGE('',*,*,#1765,.F.);
#2310=ORIENTED_EDGE('',*,*,#1766,.T.);
#2311=ORIENTED_EDGE('',*,*,#1767,.T.);
#2312=ORIENTED_EDGE('',*,*,#1763,.F.);
#2313=ORIENTED_EDGE('',*,*,#1768,.F.);
#2314=ORIENTED_EDGE('',*,*,#1769,.F.);
#2315=ORIENTED_EDGE('',*,*,#1770,.F.);
#2316=ORIENTED_EDGE('',*,*,#1771,.F.);
#2317=ORIENTED_EDGE('',*,*,#1772,.T.);
#2318=ORIENTED_EDGE('',*,*,#1773,.T.);
#2319=ORIENTED_EDGE('',*,*,#1774,.T.);
#2320=ORIENTED_EDGE('',*,*,#1775,.T.);
#2321=ORIENTED_EDGE('',*,*,#1774,.F.);
#2322=ORIENTED_EDGE('',*,*,#1776,.F.);
#2323=ORIENTED_EDGE('',*,*,#1777,.F.);
#2324=ORIENTED_EDGE('',*,*,#1778,.F.);
#2325=ORIENTED_EDGE('',*,*,#1779,.T.);
#2326=ORIENTED_EDGE('',*,*,#1773,.F.);
#2327=ORIENTED_EDGE('',*,*,#1775,.F.);
#2328=ORIENTED_EDGE('',*,*,#1780,.T.);
#2329=ORIENTED_EDGE('',*,*,#1781,.F.);
#2330=ORIENTED_EDGE('',*,*,#1780,.F.);
#2331=ORIENTED_EDGE('',*,*,#1782,.T.);
#2332=ORIENTED_EDGE('',*,*,#1783,.T.);
#2333=ORIENTED_EDGE('',*,*,#1784,.T.);
#2334=ORIENTED_EDGE('',*,*,#1785,.T.);
#2335=ORIENTED_EDGE('',*,*,#1786,.T.);
#2336=ORIENTED_EDGE('',*,*,#1787,.T.);
#2337=ORIENTED_EDGE('',*,*,#1782,.F.);
#2338=ORIENTED_EDGE('',*,*,#1788,.T.);
#2339=ORIENTED_EDGE('',*,*,#1789,.T.);
#2340=ORIENTED_EDGE('',*,*,#1790,.T.);
#2341=ORIENTED_EDGE('',*,*,#1786,.F.);
#2342=ORIENTED_EDGE('',*,*,#1791,.T.);
#2343=ORIENTED_EDGE('',*,*,#1792,.T.);
#2344=ORIENTED_EDGE('',*,*,#1793,.T.);
#2345=ORIENTED_EDGE('',*,*,#1789,.F.);
#2346=ORIENTED_EDGE('',*,*,#1776,.T.);
#2347=ORIENTED_EDGE('',*,*,#1794,.T.);
#2348=ORIENTED_EDGE('',*,*,#1795,.T.);
#2349=ORIENTED_EDGE('',*,*,#1792,.F.);
#2350=ORIENTED_EDGE('',*,*,#1796,.T.);
#2351=ORIENTED_EDGE('',*,*,#1797,.T.);
#2352=ORIENTED_EDGE('',*,*,#1798,.T.);
#2353=ORIENTED_EDGE('',*,*,#1794,.F.);
#2354=ORIENTED_EDGE('',*,*,#1799,.T.);
#2355=ORIENTED_EDGE('',*,*,#1800,.T.);
#2356=ORIENTED_EDGE('',*,*,#1801,.T.);
#2357=ORIENTED_EDGE('',*,*,#1797,.F.);
#2358=ORIENTED_EDGE('',*,*,#1802,.T.);
#2359=ORIENTED_EDGE('',*,*,#1784,.F.);
#2360=ORIENTED_EDGE('',*,*,#1803,.T.);
#2361=ORIENTED_EDGE('',*,*,#1800,.F.);
#2362=ORIENTED_EDGE('',*,*,#1804,.T.);
#2363=ORIENTED_EDGE('',*,*,#1791,.F.);
#2364=ORIENTED_EDGE('',*,*,#1805,.F.);
#2365=ORIENTED_EDGE('',*,*,#1806,.T.);
#2366=ORIENTED_EDGE('',*,*,#1777,.T.);
#2367=ORIENTED_EDGE('',*,*,#1788,.F.);
#2368=ORIENTED_EDGE('',*,*,#1807,.F.);
#2369=ORIENTED_EDGE('',*,*,#1808,.F.);
#2370=ORIENTED_EDGE('',*,*,#1805,.T.);
#2371=ORIENTED_EDGE('',*,*,#1785,.F.);
#2372=ORIENTED_EDGE('',*,*,#1809,.F.);
#2373=ORIENTED_EDGE('',*,*,#1810,.T.);
#2374=ORIENTED_EDGE('',*,*,#1807,.T.);
#2375=ORIENTED_EDGE('',*,*,#1783,.F.);
#2376=ORIENTED_EDGE('',*,*,#1787,.F.);
#2377=ORIENTED_EDGE('',*,*,#1790,.F.);
#2378=ORIENTED_EDGE('',*,*,#1793,.F.);
#2379=ORIENTED_EDGE('',*,*,#1795,.F.);
#2380=ORIENTED_EDGE('',*,*,#1798,.F.);
#2381=ORIENTED_EDGE('',*,*,#1801,.F.);
#2382=ORIENTED_EDGE('',*,*,#1803,.F.);
#2383=ORIENTED_EDGE('',*,*,#1811,.F.);
#2384=ORIENTED_EDGE('',*,*,#1812,.F.);
#2385=ORIENTED_EDGE('',*,*,#1813,.F.);
#2386=ORIENTED_EDGE('',*,*,#1814,.F.);
#2387=ORIENTED_EDGE('',*,*,#1815,.F.);
#2388=ORIENTED_EDGE('',*,*,#1816,.F.);
#2389=ORIENTED_EDGE('',*,*,#1817,.F.);
#2390=ORIENTED_EDGE('',*,*,#1818,.F.);
#2391=ORIENTED_EDGE('',*,*,#1819,.T.);
#2392=ORIENTED_EDGE('',*,*,#1811,.T.);
#2393=ORIENTED_EDGE('',*,*,#1820,.T.);
#2394=ORIENTED_EDGE('',*,*,#1821,.T.);
#2395=ORIENTED_EDGE('',*,*,#1822,.T.);
#2396=ORIENTED_EDGE('',*,*,#1812,.T.);
#2397=ORIENTED_EDGE('',*,*,#1819,.F.);
#2398=ORIENTED_EDGE('',*,*,#1823,.T.);
#2399=ORIENTED_EDGE('',*,*,#1824,.T.);
#2400=ORIENTED_EDGE('',*,*,#1813,.T.);
#2401=ORIENTED_EDGE('',*,*,#1822,.F.);
#2402=ORIENTED_EDGE('',*,*,#1825,.T.);
#2403=ORIENTED_EDGE('',*,*,#1826,.T.);
#2404=ORIENTED_EDGE('',*,*,#1814,.T.);
#2405=ORIENTED_EDGE('',*,*,#1824,.F.);
#2406=ORIENTED_EDGE('',*,*,#1827,.T.);
#2407=ORIENTED_EDGE('',*,*,#1828,.T.);
#2408=ORIENTED_EDGE('',*,*,#1815,.T.);
#2409=ORIENTED_EDGE('',*,*,#1826,.F.);
#2410=ORIENTED_EDGE('',*,*,#1829,.T.);
#2411=ORIENTED_EDGE('',*,*,#1830,.T.);
#2412=ORIENTED_EDGE('',*,*,#1816,.T.);
#2413=ORIENTED_EDGE('',*,*,#1828,.F.);
#2414=ORIENTED_EDGE('',*,*,#1831,.T.);
#2415=ORIENTED_EDGE('',*,*,#1832,.T.);
#2416=ORIENTED_EDGE('',*,*,#1817,.T.);
#2417=ORIENTED_EDGE('',*,*,#1830,.F.);
#2418=ORIENTED_EDGE('',*,*,#1833,.T.);
#2419=ORIENTED_EDGE('',*,*,#1820,.F.);
#2420=ORIENTED_EDGE('',*,*,#1818,.T.);
#2421=ORIENTED_EDGE('',*,*,#1832,.F.);
#2422=ORIENTED_EDGE('',*,*,#1834,.T.);
#2423=ORIENTED_EDGE('',*,*,#1827,.F.);
#2424=ORIENTED_EDGE('',*,*,#1835,.F.);
#2425=ORIENTED_EDGE('',*,*,#1836,.F.);
#2426=ORIENTED_EDGE('',*,*,#1837,.T.);
#2427=ORIENTED_EDGE('',*,*,#1825,.F.);
#2428=ORIENTED_EDGE('',*,*,#1838,.F.);
#2429=ORIENTED_EDGE('',*,*,#1839,.F.);
#2430=ORIENTED_EDGE('',*,*,#1835,.T.);
#2431=ORIENTED_EDGE('',*,*,#1840,.T.);
#2432=ORIENTED_EDGE('',*,*,#1841,.T.);
#2433=ORIENTED_EDGE('',*,*,#1842,.T.);
#2434=ORIENTED_EDGE('',*,*,#1843,.T.);
#2435=ORIENTED_EDGE('',*,*,#1844,.T.);
#2436=ORIENTED_EDGE('',*,*,#1845,.T.);
#2437=ORIENTED_EDGE('',*,*,#1846,.T.);
#2438=ORIENTED_EDGE('',*,*,#1847,.T.);
#2439=ORIENTED_EDGE('',*,*,#1823,.F.);
#2440=ORIENTED_EDGE('',*,*,#1848,.F.);
#2441=ORIENTED_EDGE('',*,*,#1849,.F.);
#2442=ORIENTED_EDGE('',*,*,#1838,.T.);
#2443=ORIENTED_EDGE('',*,*,#1821,.F.);
#2444=ORIENTED_EDGE('',*,*,#1850,.F.);
#2445=ORIENTED_EDGE('',*,*,#1851,.F.);
#2446=ORIENTED_EDGE('',*,*,#1848,.T.);
#2447=ORIENTED_EDGE('',*,*,#1852,.T.);
#2448=ORIENTED_EDGE('',*,*,#1853,.T.);
#2449=ORIENTED_EDGE('',*,*,#1854,.T.);
#2450=ORIENTED_EDGE('',*,*,#1855,.T.);
#2451=ORIENTED_EDGE('',*,*,#1856,.T.);
#2452=ORIENTED_EDGE('',*,*,#1857,.T.);
#2453=ORIENTED_EDGE('',*,*,#1858,.T.);
#2454=ORIENTED_EDGE('',*,*,#1859,.T.);
#2455=ORIENTED_EDGE('',*,*,#1860,.T.);
#2456=ORIENTED_EDGE('',*,*,#1861,.T.);
#2457=ORIENTED_EDGE('',*,*,#1862,.T.);
#2458=ORIENTED_EDGE('',*,*,#1863,.T.);
#2459=ORIENTED_EDGE('',*,*,#1864,.T.);
#2460=ORIENTED_EDGE('',*,*,#1865,.T.);
#2461=ORIENTED_EDGE('',*,*,#1862,.F.);
#2462=ORIENTED_EDGE('',*,*,#1866,.F.);
#2463=ORIENTED_EDGE('',*,*,#1865,.F.);
#2464=ORIENTED_EDGE('',*,*,#1867,.F.);
#2465=ORIENTED_EDGE('',*,*,#1854,.F.);
#2466=ORIENTED_EDGE('',*,*,#1868,.F.);
#2467=ORIENTED_EDGE('',*,*,#1864,.F.);
#2468=ORIENTED_EDGE('',*,*,#1869,.F.);
#2469=ORIENTED_EDGE('',*,*,#1856,.F.);
#2470=ORIENTED_EDGE('',*,*,#1870,.F.);
#2471=ORIENTED_EDGE('',*,*,#1863,.F.);
#2472=ORIENTED_EDGE('',*,*,#1871,.F.);
#2473=ORIENTED_EDGE('',*,*,#1858,.F.);
#2474=ORIENTED_EDGE('',*,*,#1872,.F.);
#2475=ORIENTED_EDGE('',*,*,#1861,.F.);
#2476=ORIENTED_EDGE('',*,*,#1873,.F.);
#2477=ORIENTED_EDGE('',*,*,#1852,.F.);
#2478=ORIENTED_EDGE('',*,*,#1874,.F.);
#2479=ORIENTED_EDGE('',*,*,#1860,.F.);
#2480=ORIENTED_EDGE('',*,*,#1875,.F.);
#2481=ORIENTED_EDGE('',*,*,#1870,.T.);
#2482=ORIENTED_EDGE('',*,*,#1855,.F.);
#2483=ORIENTED_EDGE('',*,*,#1869,.T.);
#2484=ORIENTED_EDGE('',*,*,#1868,.T.);
#2485=ORIENTED_EDGE('',*,*,#1853,.F.);
#2486=ORIENTED_EDGE('',*,*,#1875,.T.);
#2487=ORIENTED_EDGE('',*,*,#1867,.T.);
#2488=ORIENTED_EDGE('',*,*,#1876,.T.);
#2489=ORIENTED_EDGE('',*,*,#1877,.T.);
#2490=ORIENTED_EDGE('',*,*,#1878,.T.);
#2491=ORIENTED_EDGE('',*,*,#1879,.T.);
#2492=ORIENTED_EDGE('',*,*,#1880,.T.);
#2493=ORIENTED_EDGE('',*,*,#1881,.T.);
#2494=ORIENTED_EDGE('',*,*,#1878,.F.);
#2495=ORIENTED_EDGE('',*,*,#1882,.F.);
#2496=ORIENTED_EDGE('',*,*,#1881,.F.);
#2497=ORIENTED_EDGE('',*,*,#1883,.F.);
#2498=ORIENTED_EDGE('',*,*,#1884,.F.);
#2499=ORIENTED_EDGE('',*,*,#1885,.F.);
#2500=ORIENTED_EDGE('',*,*,#1880,.F.);
#2501=ORIENTED_EDGE('',*,*,#1886,.F.);
#2502=ORIENTED_EDGE('',*,*,#1887,.F.);
#2503=ORIENTED_EDGE('',*,*,#1888,.F.);
#2504=ORIENTED_EDGE('',*,*,#1879,.F.);
#2505=ORIENTED_EDGE('',*,*,#1889,.F.);
#2506=ORIENTED_EDGE('',*,*,#1890,.F.);
#2507=ORIENTED_EDGE('',*,*,#1891,.F.);
#2508=ORIENTED_EDGE('',*,*,#1877,.F.);
#2509=ORIENTED_EDGE('',*,*,#1892,.F.);
#2510=ORIENTED_EDGE('',*,*,#1893,.F.);
#2511=ORIENTED_EDGE('',*,*,#1894,.F.);
#2512=ORIENTED_EDGE('',*,*,#1876,.F.);
#2513=ORIENTED_EDGE('',*,*,#1895,.F.);
#2514=ORIENTED_EDGE('',*,*,#1888,.T.);
#2515=ORIENTED_EDGE('',*,*,#1896,.F.);
#2516=ORIENTED_EDGE('',*,*,#1886,.T.);
#2517=ORIENTED_EDGE('',*,*,#1885,.T.);
#2518=ORIENTED_EDGE('',*,*,#1897,.F.);
#2519=ORIENTED_EDGE('',*,*,#1895,.T.);
#2520=ORIENTED_EDGE('',*,*,#1883,.T.);
#2521=ORIENTED_EDGE('',*,*,#1898,.T.);
#2522=ORIENTED_EDGE('',*,*,#1899,.T.);
#2523=ORIENTED_EDGE('',*,*,#1900,.T.);
#2524=ORIENTED_EDGE('',*,*,#1901,.T.);
#2525=ORIENTED_EDGE('',*,*,#1902,.T.);
#2526=ORIENTED_EDGE('',*,*,#1903,.T.);
#2527=ORIENTED_EDGE('',*,*,#1900,.F.);
#2528=ORIENTED_EDGE('',*,*,#1904,.F.);
#2529=ORIENTED_EDGE('',*,*,#1903,.F.);
#2530=ORIENTED_EDGE('',*,*,#1905,.F.);
#2531=ORIENTED_EDGE('',*,*,#1906,.F.);
#2532=ORIENTED_EDGE('',*,*,#1907,.F.);
#2533=ORIENTED_EDGE('',*,*,#1902,.F.);
#2534=ORIENTED_EDGE('',*,*,#1908,.F.);
#2535=ORIENTED_EDGE('',*,*,#1909,.F.);
#2536=ORIENTED_EDGE('',*,*,#1910,.F.);
#2537=ORIENTED_EDGE('',*,*,#1901,.F.);
#2538=ORIENTED_EDGE('',*,*,#1911,.F.);
#2539=ORIENTED_EDGE('',*,*,#1912,.F.);
#2540=ORIENTED_EDGE('',*,*,#1913,.F.);
#2541=ORIENTED_EDGE('',*,*,#1899,.F.);
#2542=ORIENTED_EDGE('',*,*,#1914,.F.);
#2543=ORIENTED_EDGE('',*,*,#1915,.F.);
#2544=ORIENTED_EDGE('',*,*,#1916,.F.);
#2545=ORIENTED_EDGE('',*,*,#1898,.F.);
#2546=ORIENTED_EDGE('',*,*,#1917,.F.);
#2547=ORIENTED_EDGE('',*,*,#1910,.T.);
#2548=ORIENTED_EDGE('',*,*,#1918,.F.);
#2549=ORIENTED_EDGE('',*,*,#1908,.T.);
#2550=ORIENTED_EDGE('',*,*,#1907,.T.);
#2551=ORIENTED_EDGE('',*,*,#1919,.F.);
#2552=ORIENTED_EDGE('',*,*,#1917,.T.);
#2553=ORIENTED_EDGE('',*,*,#1905,.T.);
#2554=ORIENTED_EDGE('',*,*,#1920,.T.);
#2555=ORIENTED_EDGE('',*,*,#1921,.T.);
#2556=ORIENTED_EDGE('',*,*,#1922,.T.);
#2557=ORIENTED_EDGE('',*,*,#1923,.T.);
#2558=ORIENTED_EDGE('',*,*,#1924,.T.);
#2559=ORIENTED_EDGE('',*,*,#1925,.T.);
#2560=ORIENTED_EDGE('',*,*,#1922,.F.);
#2561=ORIENTED_EDGE('',*,*,#1926,.F.);
#2562=ORIENTED_EDGE('',*,*,#1925,.F.);
#2563=ORIENTED_EDGE('',*,*,#1927,.F.);
#2564=ORIENTED_EDGE('',*,*,#1842,.F.);
#2565=ORIENTED_EDGE('',*,*,#1928,.F.);
#2566=ORIENTED_EDGE('',*,*,#1924,.F.);
#2567=ORIENTED_EDGE('',*,*,#1929,.F.);
#2568=ORIENTED_EDGE('',*,*,#1844,.F.);
#2569=ORIENTED_EDGE('',*,*,#1930,.F.);
#2570=ORIENTED_EDGE('',*,*,#1923,.F.);
#2571=ORIENTED_EDGE('',*,*,#1931,.F.);
#2572=ORIENTED_EDGE('',*,*,#1846,.F.);
#2573=ORIENTED_EDGE('',*,*,#1932,.F.);
#2574=ORIENTED_EDGE('',*,*,#1921,.F.);
#2575=ORIENTED_EDGE('',*,*,#1933,.F.);
#2576=ORIENTED_EDGE('',*,*,#1840,.F.);
#2577=ORIENTED_EDGE('',*,*,#1934,.F.);
#2578=ORIENTED_EDGE('',*,*,#1920,.F.);
#2579=ORIENTED_EDGE('',*,*,#1935,.F.);
#2580=ORIENTED_EDGE('',*,*,#1930,.T.);
#2581=ORIENTED_EDGE('',*,*,#1843,.F.);
#2582=ORIENTED_EDGE('',*,*,#1929,.T.);
#2583=ORIENTED_EDGE('',*,*,#1928,.T.);
#2584=ORIENTED_EDGE('',*,*,#1841,.F.);
#2585=ORIENTED_EDGE('',*,*,#1935,.T.);
#2586=ORIENTED_EDGE('',*,*,#1927,.T.);
#2587=ORIENTED_EDGE('',*,*,#1911,.T.);
#2588=ORIENTED_EDGE('',*,*,#1904,.T.);
#2589=ORIENTED_EDGE('',*,*,#1913,.T.);
#2590=ORIENTED_EDGE('',*,*,#1936,.F.);
#2591=ORIENTED_EDGE('',*,*,#1914,.T.);
#2592=ORIENTED_EDGE('',*,*,#1916,.T.);
#2593=ORIENTED_EDGE('',*,*,#1937,.F.);
#2594=ORIENTED_EDGE('',*,*,#1889,.T.);
#2595=ORIENTED_EDGE('',*,*,#1882,.T.);
#2596=ORIENTED_EDGE('',*,*,#1891,.T.);
#2597=ORIENTED_EDGE('',*,*,#1938,.F.);
#2598=ORIENTED_EDGE('',*,*,#1892,.T.);
#2599=ORIENTED_EDGE('',*,*,#1894,.T.);
#2600=ORIENTED_EDGE('',*,*,#1939,.F.);
#2601=ORIENTED_EDGE('',*,*,#1871,.T.);
#2602=ORIENTED_EDGE('',*,*,#1866,.T.);
#2603=ORIENTED_EDGE('',*,*,#1872,.T.);
#2604=ORIENTED_EDGE('',*,*,#1857,.F.);
#2605=ORIENTED_EDGE('',*,*,#1873,.T.);
#2606=ORIENTED_EDGE('',*,*,#1874,.T.);
#2607=ORIENTED_EDGE('',*,*,#1859,.F.);
#2608=ORIENTED_EDGE('',*,*,#1931,.T.);
#2609=ORIENTED_EDGE('',*,*,#1926,.T.);
#2610=ORIENTED_EDGE('',*,*,#1932,.T.);
#2611=ORIENTED_EDGE('',*,*,#1845,.F.);
#2612=ORIENTED_EDGE('',*,*,#1933,.T.);
#2613=ORIENTED_EDGE('',*,*,#1934,.T.);
#2614=ORIENTED_EDGE('',*,*,#1847,.F.);
#2615=ORIENTED_EDGE('',*,*,#1831,.F.);
#2616=ORIENTED_EDGE('',*,*,#1940,.F.);
#2617=ORIENTED_EDGE('',*,*,#1941,.F.);
#2618=ORIENTED_EDGE('',*,*,#1942,.T.);
#2619=ORIENTED_EDGE('',*,*,#1829,.F.);
#2620=ORIENTED_EDGE('',*,*,#1837,.F.);
#2621=ORIENTED_EDGE('',*,*,#1943,.F.);
#2622=ORIENTED_EDGE('',*,*,#1940,.T.);
#2623=ORIENTED_EDGE('',*,*,#1781,.T.);
#2624=ORIENTED_EDGE('',*,*,#1915,.T.);
#2625=ORIENTED_EDGE('',*,*,#1919,.T.);
#2626=ORIENTED_EDGE('',*,*,#1906,.T.);
#2627=ORIENTED_EDGE('',*,*,#1918,.T.);
#2628=ORIENTED_EDGE('',*,*,#1909,.T.);
#2629=ORIENTED_EDGE('',*,*,#1936,.T.);
#2630=ORIENTED_EDGE('',*,*,#1912,.T.);
#2631=ORIENTED_EDGE('',*,*,#1937,.T.);
#2632=ORIENTED_EDGE('',*,*,#1944,.F.);
#2633=ORIENTED_EDGE('',*,*,#1945,.T.);
#2634=ORIENTED_EDGE('',*,*,#1946,.T.);
#2635=ORIENTED_EDGE('',*,*,#1947,.F.);
#2636=ORIENTED_EDGE('',*,*,#1948,.F.);
#2637=ORIENTED_EDGE('',*,*,#1947,.T.);
#2638=ORIENTED_EDGE('',*,*,#1949,.T.);
#2639=ORIENTED_EDGE('',*,*,#1950,.F.);
#2640=ORIENTED_EDGE('',*,*,#1951,.F.);
#2641=ORIENTED_EDGE('',*,*,#1950,.T.);
#2642=ORIENTED_EDGE('',*,*,#1952,.T.);
#2643=ORIENTED_EDGE('',*,*,#1953,.F.);
#2644=ORIENTED_EDGE('',*,*,#1954,.F.);
#2645=ORIENTED_EDGE('',*,*,#1953,.T.);
#2646=ORIENTED_EDGE('',*,*,#1955,.T.);
#2647=ORIENTED_EDGE('',*,*,#1956,.F.);
#2648=ORIENTED_EDGE('',*,*,#1957,.F.);
#2649=ORIENTED_EDGE('',*,*,#1956,.T.);
#2650=ORIENTED_EDGE('',*,*,#1958,.T.);
#2651=ORIENTED_EDGE('',*,*,#1959,.F.);
#2652=ORIENTED_EDGE('',*,*,#1960,.F.);
#2653=ORIENTED_EDGE('',*,*,#1959,.T.);
#2654=ORIENTED_EDGE('',*,*,#1961,.T.);
#2655=ORIENTED_EDGE('',*,*,#1962,.T.);
#2656=ORIENTED_EDGE('',*,*,#1963,.F.);
#2657=ORIENTED_EDGE('',*,*,#1962,.F.);
#2658=ORIENTED_EDGE('',*,*,#1964,.T.);
#2659=ORIENTED_EDGE('',*,*,#1965,.F.);
#2660=ORIENTED_EDGE('',*,*,#1966,.T.);
#2661=ORIENTED_EDGE('',*,*,#1965,.T.);
#2662=ORIENTED_EDGE('',*,*,#1967,.T.);
#2663=ORIENTED_EDGE('',*,*,#1945,.F.);
#2664=ORIENTED_EDGE('',*,*,#1810,.F.);
#2665=ORIENTED_EDGE('',*,*,#1968,.T.);
#2666=ORIENTED_EDGE('',*,*,#1969,.F.);
#2667=ORIENTED_EDGE('',*,*,#1970,.T.);
#2668=ORIENTED_EDGE('',*,*,#1971,.F.);
#2669=ORIENTED_EDGE('',*,*,#1778,.T.);
#2670=ORIENTED_EDGE('',*,*,#1806,.F.);
#2671=ORIENTED_EDGE('',*,*,#1808,.T.);
#2672=ORIENTED_EDGE('',*,*,#1961,.F.);
#2673=ORIENTED_EDGE('',*,*,#1958,.F.);
#2674=ORIENTED_EDGE('',*,*,#1955,.F.);
#2675=ORIENTED_EDGE('',*,*,#1952,.F.);
#2676=ORIENTED_EDGE('',*,*,#1949,.F.);
#2677=ORIENTED_EDGE('',*,*,#1946,.F.);
#2678=ORIENTED_EDGE('',*,*,#1967,.F.);
#2679=ORIENTED_EDGE('',*,*,#1964,.F.);
#2680=ORIENTED_EDGE('',*,*,#1972,.T.);
#2681=ORIENTED_EDGE('',*,*,#1973,.T.);
#2682=ORIENTED_EDGE('',*,*,#1974,.T.);
#2683=ORIENTED_EDGE('',*,*,#1749,.T.);
#2684=ORIENTED_EDGE('',*,*,#1975,.T.);
#2685=ORIENTED_EDGE('',*,*,#1769,.T.);
#2686=ORIENTED_EDGE('',*,*,#1976,.T.);
#2687=ORIENTED_EDGE('',*,*,#1766,.F.);
#2688=ORIENTED_EDGE('',*,*,#1977,.F.);
#2689=ORIENTED_EDGE('',*,*,#1975,.F.);
#2690=ORIENTED_EDGE('',*,*,#1748,.F.);
#2691=ORIENTED_EDGE('',*,*,#1752,.F.);
#2692=ORIENTED_EDGE('',*,*,#1755,.F.);
#2693=ORIENTED_EDGE('',*,*,#1758,.F.);
#2694=ORIENTED_EDGE('',*,*,#1761,.F.);
#2695=ORIENTED_EDGE('',*,*,#1764,.F.);
#2696=ORIENTED_EDGE('',*,*,#1767,.F.);
#2697=ORIENTED_EDGE('',*,*,#1976,.F.);
#2698=ORIENTED_EDGE('',*,*,#1772,.F.);
#2699=ORIENTED_EDGE('',*,*,#1978,.F.);
#2700=ORIENTED_EDGE('',*,*,#1744,.F.);
#2701=ORIENTED_EDGE('',*,*,#1979,.F.);
#2702=ORIENTED_EDGE('',*,*,#1742,.F.);
#2703=ORIENTED_EDGE('',*,*,#1739,.F.);
#2704=ORIENTED_EDGE('',*,*,#1736,.F.);
#2705=ORIENTED_EDGE('',*,*,#1733,.F.);
#2706=ORIENTED_EDGE('',*,*,#1730,.F.);
#2707=ORIENTED_EDGE('',*,*,#1727,.F.);
#2708=ORIENTED_EDGE('',*,*,#1724,.F.);
#2709=ORIENTED_EDGE('',*,*,#1974,.F.);
#2710=ORIENTED_EDGE('',*,*,#1722,.F.);
#2711=ORIENTED_EDGE('',*,*,#1726,.F.);
#2712=ORIENTED_EDGE('',*,*,#1729,.F.);
#2713=ORIENTED_EDGE('',*,*,#1732,.F.);
#2714=ORIENTED_EDGE('',*,*,#1735,.F.);
#2715=ORIENTED_EDGE('',*,*,#1738,.F.);
#2716=ORIENTED_EDGE('',*,*,#1741,.F.);
#2717=ORIENTED_EDGE('',*,*,#1980,.F.);
#2718=ORIENTED_EDGE('',*,*,#1746,.F.);
#2719=ORIENTED_EDGE('',*,*,#1981,.F.);
#2720=ORIENTED_EDGE('',*,*,#1770,.T.);
#2721=ORIENTED_EDGE('',*,*,#1977,.T.);
#2722=ORIENTED_EDGE('',*,*,#1768,.T.);
#2723=ORIENTED_EDGE('',*,*,#1765,.T.);
#2724=ORIENTED_EDGE('',*,*,#1762,.T.);
#2725=ORIENTED_EDGE('',*,*,#1759,.T.);
#2726=ORIENTED_EDGE('',*,*,#1756,.T.);
#2727=ORIENTED_EDGE('',*,*,#1753,.T.);
#2728=ORIENTED_EDGE('',*,*,#1750,.T.);
#2729=ORIENTED_EDGE('',*,*,#1972,.F.);
#2730=ORIENTED_EDGE('',*,*,#1723,.F.);
#2731=ORIENTED_EDGE('',*,*,#1973,.F.);
#2732=ORIENTED_EDGE('',*,*,#1982,.T.);
#2733=ORIENTED_EDGE('',*,*,#1982,.F.);
#2734=ORIENTED_EDGE('',*,*,#1743,.T.);
#2735=ORIENTED_EDGE('',*,*,#1980,.T.);
#2736=ORIENTED_EDGE('',*,*,#1740,.F.);
#2737=ORIENTED_EDGE('',*,*,#1979,.T.);
#2738=ORIENTED_EDGE('',*,*,#1983,.T.);
#2739=ORIENTED_EDGE('',*,*,#1984,.T.);
#2740=ORIENTED_EDGE('',*,*,#1985,.T.);
#2741=ORIENTED_EDGE('',*,*,#1697,.T.);
#2742=ORIENTED_EDGE('',*,*,#1986,.T.);
#2743=ORIENTED_EDGE('',*,*,#1717,.T.);
#2744=ORIENTED_EDGE('',*,*,#1987,.T.);
#2745=ORIENTED_EDGE('',*,*,#1714,.F.);
#2746=ORIENTED_EDGE('',*,*,#1988,.F.);
#2747=ORIENTED_EDGE('',*,*,#1986,.F.);
#2748=ORIENTED_EDGE('',*,*,#1696,.F.);
#2749=ORIENTED_EDGE('',*,*,#1700,.F.);
#2750=ORIENTED_EDGE('',*,*,#1703,.F.);
#2751=ORIENTED_EDGE('',*,*,#1706,.F.);
#2752=ORIENTED_EDGE('',*,*,#1709,.F.);
#2753=ORIENTED_EDGE('',*,*,#1712,.F.);
#2754=ORIENTED_EDGE('',*,*,#1715,.F.);
#2755=ORIENTED_EDGE('',*,*,#1987,.F.);
#2756=ORIENTED_EDGE('',*,*,#1720,.F.);
#2757=ORIENTED_EDGE('',*,*,#1989,.F.);
#2758=ORIENTED_EDGE('',*,*,#1692,.F.);
#2759=ORIENTED_EDGE('',*,*,#1990,.F.);
#2760=ORIENTED_EDGE('',*,*,#1690,.F.);
#2761=ORIENTED_EDGE('',*,*,#1687,.F.);
#2762=ORIENTED_EDGE('',*,*,#1684,.F.);
#2763=ORIENTED_EDGE('',*,*,#1681,.F.);
#2764=ORIENTED_EDGE('',*,*,#1678,.F.);
#2765=ORIENTED_EDGE('',*,*,#1675,.F.);
#2766=ORIENTED_EDGE('',*,*,#1672,.F.);
#2767=ORIENTED_EDGE('',*,*,#1985,.F.);
#2768=ORIENTED_EDGE('',*,*,#1670,.F.);
#2769=ORIENTED_EDGE('',*,*,#1674,.F.);
#2770=ORIENTED_EDGE('',*,*,#1677,.F.);
#2771=ORIENTED_EDGE('',*,*,#1680,.F.);
#2772=ORIENTED_EDGE('',*,*,#1683,.F.);
#2773=ORIENTED_EDGE('',*,*,#1686,.F.);
#2774=ORIENTED_EDGE('',*,*,#1689,.F.);
#2775=ORIENTED_EDGE('',*,*,#1991,.F.);
#2776=ORIENTED_EDGE('',*,*,#1694,.F.);
#2777=ORIENTED_EDGE('',*,*,#1992,.F.);
#2778=ORIENTED_EDGE('',*,*,#1718,.T.);
#2779=ORIENTED_EDGE('',*,*,#1988,.T.);
#2780=ORIENTED_EDGE('',*,*,#1716,.T.);
#2781=ORIENTED_EDGE('',*,*,#1713,.T.);
#2782=ORIENTED_EDGE('',*,*,#1710,.T.);
#2783=ORIENTED_EDGE('',*,*,#1707,.T.);
#2784=ORIENTED_EDGE('',*,*,#1704,.T.);
#2785=ORIENTED_EDGE('',*,*,#1701,.T.);
#2786=ORIENTED_EDGE('',*,*,#1698,.T.);
#2787=ORIENTED_EDGE('',*,*,#1983,.F.);
#2788=ORIENTED_EDGE('',*,*,#1671,.F.);
#2789=ORIENTED_EDGE('',*,*,#1984,.F.);
#2790=ORIENTED_EDGE('',*,*,#1993,.T.);
#2791=ORIENTED_EDGE('',*,*,#1993,.F.);
#2792=ORIENTED_EDGE('',*,*,#1691,.T.);
#2793=ORIENTED_EDGE('',*,*,#1991,.T.);
#2794=ORIENTED_EDGE('',*,*,#1688,.F.);
#2795=ORIENTED_EDGE('',*,*,#1990,.T.);
#2796=ORIENTED_EDGE('',*,*,#1994,.T.);
#2797=ORIENTED_EDGE('',*,*,#1995,.T.);
#2798=ORIENTED_EDGE('',*,*,#1996,.T.);
#2799=ORIENTED_EDGE('',*,*,#1645,.T.);
#2800=ORIENTED_EDGE('',*,*,#1997,.T.);
#2801=ORIENTED_EDGE('',*,*,#1665,.T.);
#2802=ORIENTED_EDGE('',*,*,#1998,.T.);
#2803=ORIENTED_EDGE('',*,*,#1662,.F.);
#2804=ORIENTED_EDGE('',*,*,#1999,.F.);
#2805=ORIENTED_EDGE('',*,*,#1997,.F.);
#2806=ORIENTED_EDGE('',*,*,#1644,.F.);
#2807=ORIENTED_EDGE('',*,*,#1648,.F.);
#2808=ORIENTED_EDGE('',*,*,#1651,.F.);
#2809=ORIENTED_EDGE('',*,*,#1654,.F.);
#2810=ORIENTED_EDGE('',*,*,#1657,.F.);
#2811=ORIENTED_EDGE('',*,*,#1660,.F.);
#2812=ORIENTED_EDGE('',*,*,#1663,.F.);
#2813=ORIENTED_EDGE('',*,*,#1998,.F.);
#2814=ORIENTED_EDGE('',*,*,#1668,.F.);
#2815=ORIENTED_EDGE('',*,*,#2000,.F.);
#2816=ORIENTED_EDGE('',*,*,#1640,.F.);
#2817=ORIENTED_EDGE('',*,*,#2001,.F.);
#2818=ORIENTED_EDGE('',*,*,#1638,.F.);
#2819=ORIENTED_EDGE('',*,*,#1635,.F.);
#2820=ORIENTED_EDGE('',*,*,#1632,.F.);
#2821=ORIENTED_EDGE('',*,*,#1629,.F.);
#2822=ORIENTED_EDGE('',*,*,#1626,.F.);
#2823=ORIENTED_EDGE('',*,*,#1623,.F.);
#2824=ORIENTED_EDGE('',*,*,#1620,.F.);
#2825=ORIENTED_EDGE('',*,*,#1996,.F.);
#2826=ORIENTED_EDGE('',*,*,#1618,.F.);
#2827=ORIENTED_EDGE('',*,*,#1622,.F.);
#2828=ORIENTED_EDGE('',*,*,#1625,.F.);
#2829=ORIENTED_EDGE('',*,*,#1628,.F.);
#2830=ORIENTED_EDGE('',*,*,#1631,.F.);
#2831=ORIENTED_EDGE('',*,*,#1634,.F.);
#2832=ORIENTED_EDGE('',*,*,#1637,.F.);
#2833=ORIENTED_EDGE('',*,*,#2002,.F.);
#2834=ORIENTED_EDGE('',*,*,#1642,.F.);
#2835=ORIENTED_EDGE('',*,*,#2003,.F.);
#2836=ORIENTED_EDGE('',*,*,#1666,.T.);
#2837=ORIENTED_EDGE('',*,*,#1999,.T.);
#2838=ORIENTED_EDGE('',*,*,#1664,.T.);
#2839=ORIENTED_EDGE('',*,*,#1661,.T.);
#2840=ORIENTED_EDGE('',*,*,#1658,.T.);
#2841=ORIENTED_EDGE('',*,*,#1655,.T.);
#2842=ORIENTED_EDGE('',*,*,#1652,.T.);
#2843=ORIENTED_EDGE('',*,*,#1649,.T.);
#2844=ORIENTED_EDGE('',*,*,#1646,.T.);
#2845=ORIENTED_EDGE('',*,*,#1994,.F.);
#2846=ORIENTED_EDGE('',*,*,#1619,.F.);
#2847=ORIENTED_EDGE('',*,*,#1995,.F.);
#2848=ORIENTED_EDGE('',*,*,#2004,.T.);
#2849=ORIENTED_EDGE('',*,*,#2004,.F.);
#2850=ORIENTED_EDGE('',*,*,#1639,.T.);
#2851=ORIENTED_EDGE('',*,*,#2002,.T.);
#2852=ORIENTED_EDGE('',*,*,#1636,.F.);
#2853=ORIENTED_EDGE('',*,*,#2001,.T.);
#2854=ORIENTED_EDGE('',*,*,#2005,.T.);
#2855=ORIENTED_EDGE('',*,*,#2006,.T.);
#2856=ORIENTED_EDGE('',*,*,#2007,.T.);
#2857=ORIENTED_EDGE('',*,*,#1593,.T.);
#2858=ORIENTED_EDGE('',*,*,#2008,.T.);
#2859=ORIENTED_EDGE('',*,*,#1613,.T.);
#2860=ORIENTED_EDGE('',*,*,#2009,.T.);
#2861=ORIENTED_EDGE('',*,*,#1610,.F.);
#2862=ORIENTED_EDGE('',*,*,#2010,.F.);
#2863=ORIENTED_EDGE('',*,*,#2008,.F.);
#2864=ORIENTED_EDGE('',*,*,#1592,.F.);
#2865=ORIENTED_EDGE('',*,*,#1596,.F.);
#2866=ORIENTED_EDGE('',*,*,#1599,.F.);
#2867=ORIENTED_EDGE('',*,*,#1602,.F.);
#2868=ORIENTED_EDGE('',*,*,#1605,.F.);
#2869=ORIENTED_EDGE('',*,*,#1608,.F.);
#2870=ORIENTED_EDGE('',*,*,#1611,.F.);
#2871=ORIENTED_EDGE('',*,*,#2009,.F.);
#2872=ORIENTED_EDGE('',*,*,#1616,.F.);
#2873=ORIENTED_EDGE('',*,*,#2011,.F.);
#2874=ORIENTED_EDGE('',*,*,#1588,.F.);
#2875=ORIENTED_EDGE('',*,*,#2012,.F.);
#2876=ORIENTED_EDGE('',*,*,#1586,.F.);
#2877=ORIENTED_EDGE('',*,*,#1583,.F.);
#2878=ORIENTED_EDGE('',*,*,#1580,.F.);
#2879=ORIENTED_EDGE('',*,*,#1577,.F.);
#2880=ORIENTED_EDGE('',*,*,#1574,.F.);
#2881=ORIENTED_EDGE('',*,*,#1571,.F.);
#2882=ORIENTED_EDGE('',*,*,#1568,.F.);
#2883=ORIENTED_EDGE('',*,*,#2007,.F.);
#2884=ORIENTED_EDGE('',*,*,#1566,.F.);
#2885=ORIENTED_EDGE('',*,*,#1570,.F.);
#2886=ORIENTED_EDGE('',*,*,#1573,.F.);
#2887=ORIENTED_EDGE('',*,*,#1576,.F.);
#2888=ORIENTED_EDGE('',*,*,#1579,.F.);
#2889=ORIENTED_EDGE('',*,*,#1582,.F.);
#2890=ORIENTED_EDGE('',*,*,#1585,.F.);
#2891=ORIENTED_EDGE('',*,*,#2013,.F.);
#2892=ORIENTED_EDGE('',*,*,#1590,.F.);
#2893=ORIENTED_EDGE('',*,*,#2014,.F.);
#2894=ORIENTED_EDGE('',*,*,#1614,.T.);
#2895=ORIENTED_EDGE('',*,*,#2010,.T.);
#2896=ORIENTED_EDGE('',*,*,#1612,.T.);
#2897=ORIENTED_EDGE('',*,*,#1609,.T.);
#2898=ORIENTED_EDGE('',*,*,#1606,.T.);
#2899=ORIENTED_EDGE('',*,*,#1603,.T.);
#2900=ORIENTED_EDGE('',*,*,#1600,.T.);
#2901=ORIENTED_EDGE('',*,*,#1597,.T.);
#2902=ORIENTED_EDGE('',*,*,#1594,.T.);
#2903=ORIENTED_EDGE('',*,*,#2005,.F.);
#2904=ORIENTED_EDGE('',*,*,#1567,.F.);
#2905=ORIENTED_EDGE('',*,*,#2006,.F.);
#2906=ORIENTED_EDGE('',*,*,#2015,.T.);
#2907=ORIENTED_EDGE('',*,*,#2015,.F.);
#2908=ORIENTED_EDGE('',*,*,#1587,.T.);
#2909=ORIENTED_EDGE('',*,*,#2013,.T.);
#2910=ORIENTED_EDGE('',*,*,#1584,.F.);
#2911=ORIENTED_EDGE('',*,*,#2012,.T.);
#2912=ORIENTED_EDGE('',*,*,#2016,.T.);
#2913=ORIENTED_EDGE('',*,*,#2017,.T.);
#2914=ORIENTED_EDGE('',*,*,#2018,.T.);
#2915=ORIENTED_EDGE('',*,*,#2017,.F.);
#2916=ORIENTED_EDGE('',*,*,#2018,.F.);
#2917=ORIENTED_EDGE('',*,*,#2019,.T.);
#2918=ORIENTED_EDGE('',*,*,#2020,.F.);
#2919=ORIENTED_EDGE('',*,*,#2019,.F.);
#2920=ORIENTED_EDGE('',*,*,#2016,.F.);
#2921=ORIENTED_EDGE('',*,*,#2003,.T.);
#2922=ORIENTED_EDGE('',*,*,#1641,.T.);
#2923=ORIENTED_EDGE('',*,*,#2000,.T.);
#2924=ORIENTED_EDGE('',*,*,#1667,.T.);
#2925=ORIENTED_EDGE('',*,*,#2021,.T.);
#2926=ORIENTED_EDGE('',*,*,#2022,.T.);
#2927=ORIENTED_EDGE('',*,*,#2023,.T.);
#2928=ORIENTED_EDGE('',*,*,#2022,.F.);
#2929=ORIENTED_EDGE('',*,*,#2023,.F.);
#2930=ORIENTED_EDGE('',*,*,#2024,.T.);
#2931=ORIENTED_EDGE('',*,*,#2025,.F.);
#2932=ORIENTED_EDGE('',*,*,#2024,.F.);
#2933=ORIENTED_EDGE('',*,*,#2021,.F.);
#2934=ORIENTED_EDGE('',*,*,#1981,.T.);
#2935=ORIENTED_EDGE('',*,*,#1745,.T.);
#2936=ORIENTED_EDGE('',*,*,#1978,.T.);
#2937=ORIENTED_EDGE('',*,*,#1771,.T.);
#2938=ORIENTED_EDGE('',*,*,#2026,.T.);
#2939=ORIENTED_EDGE('',*,*,#2027,.T.);
#2940=ORIENTED_EDGE('',*,*,#2028,.T.);
#2941=ORIENTED_EDGE('',*,*,#2027,.F.);
#2942=ORIENTED_EDGE('',*,*,#2028,.F.);
#2943=ORIENTED_EDGE('',*,*,#2029,.T.);
#2944=ORIENTED_EDGE('',*,*,#2030,.F.);
#2945=ORIENTED_EDGE('',*,*,#2029,.F.);
#2946=ORIENTED_EDGE('',*,*,#2026,.F.);
#2947=ORIENTED_EDGE('',*,*,#1992,.T.);
#2948=ORIENTED_EDGE('',*,*,#1693,.T.);
#2949=ORIENTED_EDGE('',*,*,#1989,.T.);
#2950=ORIENTED_EDGE('',*,*,#1719,.T.);
#2951=ORIENTED_EDGE('',*,*,#2031,.T.);
#2952=ORIENTED_EDGE('',*,*,#2032,.T.);
#2953=ORIENTED_EDGE('',*,*,#2033,.T.);
#2954=ORIENTED_EDGE('',*,*,#2032,.F.);
#2955=ORIENTED_EDGE('',*,*,#2033,.F.);
#2956=ORIENTED_EDGE('',*,*,#2034,.T.);
#2957=ORIENTED_EDGE('',*,*,#2035,.F.);
#2958=ORIENTED_EDGE('',*,*,#2034,.F.);
#2959=ORIENTED_EDGE('',*,*,#2031,.F.);
#2960=ORIENTED_EDGE('',*,*,#2014,.T.);
#2961=ORIENTED_EDGE('',*,*,#1589,.T.);
#2962=ORIENTED_EDGE('',*,*,#2011,.T.);
#2963=ORIENTED_EDGE('',*,*,#1615,.T.);
#2964=ORIENTED_EDGE('',*,*,#2036,.T.);
#2965=ORIENTED_EDGE('',*,*,#2037,.T.);
#2966=ORIENTED_EDGE('',*,*,#1849,.T.);
#2967=ORIENTED_EDGE('',*,*,#2038,.T.);
#2968=ORIENTED_EDGE('',*,*,#2039,.T.);
#2969=ORIENTED_EDGE('',*,*,#1836,.T.);
#2970=ORIENTED_EDGE('',*,*,#2040,.T.);
#2971=ORIENTED_EDGE('',*,*,#2041,.T.);
#2972=ORIENTED_EDGE('',*,*,#1941,.T.);
#2973=ORIENTED_EDGE('',*,*,#2042,.T.);
#2974=ORIENTED_EDGE('',*,*,#2043,.T.);
#2975=ORIENTED_EDGE('',*,*,#2044,.T.);
#2976=ORIENTED_EDGE('',*,*,#2036,.F.);
#2977=ORIENTED_EDGE('',*,*,#1851,.T.);
#2978=ORIENTED_EDGE('',*,*,#2043,.F.);
#2979=ORIENTED_EDGE('',*,*,#2045,.T.);
#2980=ORIENTED_EDGE('',*,*,#2041,.F.);
#2981=ORIENTED_EDGE('',*,*,#2046,.T.);
#2982=ORIENTED_EDGE('',*,*,#2042,.F.);
#2983=ORIENTED_EDGE('',*,*,#2047,.T.);
#2984=ORIENTED_EDGE('',*,*,#2039,.F.);
#2985=ORIENTED_EDGE('',*,*,#2048,.T.);
#2986=ORIENTED_EDGE('',*,*,#2040,.F.);
#2987=ORIENTED_EDGE('',*,*,#1943,.T.);
#2988=ORIENTED_EDGE('',*,*,#2037,.F.);
#2989=ORIENTED_EDGE('',*,*,#2049,.T.);
#2990=ORIENTED_EDGE('',*,*,#2038,.F.);
#2991=ORIENTED_EDGE('',*,*,#1839,.T.);
#2992=ORIENTED_EDGE('',*,*,#1833,.F.);
#2993=ORIENTED_EDGE('',*,*,#1942,.F.);
#2994=ORIENTED_EDGE('',*,*,#2047,.F.);
#2995=ORIENTED_EDGE('',*,*,#2050,.T.);
#2996=ORIENTED_EDGE('',*,*,#1893,.T.);
#2997=ORIENTED_EDGE('',*,*,#1897,.T.);
#2998=ORIENTED_EDGE('',*,*,#1884,.T.);
#2999=ORIENTED_EDGE('',*,*,#1896,.T.);
#3000=ORIENTED_EDGE('',*,*,#1887,.T.);
#3001=ORIENTED_EDGE('',*,*,#1938,.T.);
#3002=ORIENTED_EDGE('',*,*,#1890,.T.);
#3003=ORIENTED_EDGE('',*,*,#1939,.T.);
#3004=ORIENTED_EDGE('',*,*,#1834,.F.);
#3005=ORIENTED_EDGE('',*,*,#2050,.F.);
#3006=ORIENTED_EDGE('',*,*,#2044,.F.);
#3007=ORIENTED_EDGE('',*,*,#1850,.T.);
#3008=ORIENTED_EDGE('',*,*,#2045,.F.);
#3009=ORIENTED_EDGE('',*,*,#2046,.F.);
#3010=ORIENTED_EDGE('',*,*,#2048,.F.);
#3011=ORIENTED_EDGE('',*,*,#2049,.F.);
#3012=ORIENTED_EDGE('',*,*,#1944,.T.);
#3013=ORIENTED_EDGE('',*,*,#1948,.T.);
#3014=ORIENTED_EDGE('',*,*,#1951,.T.);
#3015=ORIENTED_EDGE('',*,*,#1954,.T.);
#3016=ORIENTED_EDGE('',*,*,#1957,.T.);
#3017=ORIENTED_EDGE('',*,*,#1960,.T.);
#3018=ORIENTED_EDGE('',*,*,#1963,.T.);
#3019=ORIENTED_EDGE('',*,*,#1966,.F.);
#3020=ORIENTED_EDGE('',*,*,#2051,.F.);
#3021=ORIENTED_EDGE('',*,*,#2052,.F.);
#3022=ORIENTED_EDGE('',*,*,#2053,.F.);
#3023=ORIENTED_EDGE('',*,*,#2054,.F.);
#3024=ORIENTED_EDGE('',*,*,#2020,.T.);
#3025=ORIENTED_EDGE('',*,*,#2055,.T.);
#3026=ORIENTED_EDGE('',*,*,#2054,.T.);
#3027=ORIENTED_EDGE('',*,*,#2055,.F.);
#3028=ORIENTED_EDGE('',*,*,#2025,.T.);
#3029=ORIENTED_EDGE('',*,*,#2056,.T.);
#3030=ORIENTED_EDGE('',*,*,#2051,.T.);
#3031=ORIENTED_EDGE('',*,*,#2056,.F.);
#3032=ORIENTED_EDGE('',*,*,#2035,.T.);
#3033=ORIENTED_EDGE('',*,*,#2057,.T.);
#3034=ORIENTED_EDGE('',*,*,#2053,.T.);
#3035=ORIENTED_EDGE('',*,*,#2057,.F.);
#3036=ORIENTED_EDGE('',*,*,#2030,.T.);
#3037=ORIENTED_EDGE('',*,*,#2058,.T.);
#3038=ORIENTED_EDGE('',*,*,#2052,.T.);
#3039=ORIENTED_EDGE('',*,*,#2058,.F.);
#3040=ORIENTED_EDGE('',*,*,#1804,.F.);
#3041=ORIENTED_EDGE('',*,*,#2059,.F.);
#3042=ORIENTED_EDGE('',*,*,#1968,.F.);
#3043=ORIENTED_EDGE('',*,*,#1809,.T.);
#3044=ORIENTED_EDGE('',*,*,#1802,.F.);
#3045=ORIENTED_EDGE('',*,*,#2060,.F.);
#3046=ORIENTED_EDGE('',*,*,#1969,.T.);
#3047=ORIENTED_EDGE('',*,*,#2059,.T.);
#3048=ORIENTED_EDGE('',*,*,#1799,.F.);
#3049=ORIENTED_EDGE('',*,*,#2061,.F.);
#3050=ORIENTED_EDGE('',*,*,#1970,.F.);
#3051=ORIENTED_EDGE('',*,*,#2060,.T.);
#3052=ORIENTED_EDGE('',*,*,#1796,.F.);
#3053=ORIENTED_EDGE('',*,*,#1779,.F.);
#3054=ORIENTED_EDGE('',*,*,#1971,.T.);
#3055=ORIENTED_EDGE('',*,*,#2061,.T.);
#3056=CYLINDRICAL_SURFACE('',#3369,0.0447);
#3057=CYLINDRICAL_SURFACE('',#3371,0.0447);
#3058=CYLINDRICAL_SURFACE('',#3372,0.0447);
#3059=CYLINDRICAL_SURFACE('',#3373,0.0447);
#3060=CYLINDRICAL_SURFACE('',#3374,0.0447);
#3061=CYLINDRICAL_SURFACE('',#3375,0.0447);
#3062=CYLINDRICAL_SURFACE('',#3376,0.0447);
#3063=CYLINDRICAL_SURFACE('',#3377,0.0447);
#3064=CYLINDRICAL_SURFACE('',#3379,0.056);
#3065=CYLINDRICAL_SURFACE('',#3381,0.056);
#3066=CYLINDRICAL_SURFACE('',#3382,0.056);
#3067=CYLINDRICAL_SURFACE('',#3383,0.056);
#3068=CYLINDRICAL_SURFACE('',#3384,0.056);
#3069=CYLINDRICAL_SURFACE('',#3385,0.056);
#3070=CYLINDRICAL_SURFACE('',#3386,0.056);
#3071=CYLINDRICAL_SURFACE('',#3387,0.056);
#3072=CYLINDRICAL_SURFACE('',#3389,0.05105);
#3073=CYLINDRICAL_SURFACE('',#3391,0.05105);
#3074=CYLINDRICAL_SURFACE('',#3392,0.05105);
#3075=CYLINDRICAL_SURFACE('',#3393,0.05105);
#3076=CYLINDRICAL_SURFACE('',#3394,0.05105);
#3077=CYLINDRICAL_SURFACE('',#3395,0.05105);
#3078=CYLINDRICAL_SURFACE('',#3396,0.05105);
#3079=CYLINDRICAL_SURFACE('',#3397,0.05105);
#3080=CYLINDRICAL_SURFACE('',#3399,0.0625000000000001);
#3081=CYLINDRICAL_SURFACE('',#3401,0.0625000000000001);
#3082=CYLINDRICAL_SURFACE('',#3402,0.0625000000000001);
#3083=CYLINDRICAL_SURFACE('',#3403,0.0625000000000001);
#3084=CYLINDRICAL_SURFACE('',#3404,0.0625000000000001);
#3085=CYLINDRICAL_SURFACE('',#3405,0.0625000000000001);
#3086=CYLINDRICAL_SURFACE('',#3406,0.0625000000000001);
#3087=CYLINDRICAL_SURFACE('',#3407,0.0625000000000001);
#3088=CYLINDRICAL_SURFACE('',#3409,0.0447);
#3089=CYLINDRICAL_SURFACE('',#3411,0.0447);
#3090=CYLINDRICAL_SURFACE('',#3412,0.0447);
#3091=CYLINDRICAL_SURFACE('',#3413,0.0447);
#3092=CYLINDRICAL_SURFACE('',#3414,0.0447);
#3093=CYLINDRICAL_SURFACE('',#3415,0.0447);
#3094=CYLINDRICAL_SURFACE('',#3416,0.0447);
#3095=CYLINDRICAL_SURFACE('',#3417,0.0447);
#3096=CYLINDRICAL_SURFACE('',#3419,0.0559999999999999);
#3097=CYLINDRICAL_SURFACE('',#3421,0.0559999999999999);
#3098=CYLINDRICAL_SURFACE('',#3422,0.0559999999999999);
#3099=CYLINDRICAL_SURFACE('',#3423,0.0559999999999999);
#3100=CYLINDRICAL_SURFACE('',#3424,0.0559999999999999);
#3101=CYLINDRICAL_SURFACE('',#3425,0.0559999999999999);
#3102=CYLINDRICAL_SURFACE('',#3426,0.0559999999999999);
#3103=CYLINDRICAL_SURFACE('',#3427,0.0559999999999999);
#3104=CYLINDRICAL_SURFACE('',#3429,0.0447);
#3105=CYLINDRICAL_SURFACE('',#3431,0.0447);
#3106=CYLINDRICAL_SURFACE('',#3432,0.0447);
#3107=CYLINDRICAL_SURFACE('',#3433,0.0447);
#3108=CYLINDRICAL_SURFACE('',#3434,0.0447);
#3109=CYLINDRICAL_SURFACE('',#3435,0.0447);
#3110=CYLINDRICAL_SURFACE('',#3436,0.0447);
#3111=CYLINDRICAL_SURFACE('',#3437,0.0447);
#3112=CYLINDRICAL_SURFACE('',#3439,0.0560000000000001);
#3113=CYLINDRICAL_SURFACE('',#3441,0.0560000000000001);
#3114=CYLINDRICAL_SURFACE('',#3442,0.0560000000000001);
#3115=CYLINDRICAL_SURFACE('',#3443,0.0560000000000001);
#3116=CYLINDRICAL_SURFACE('',#3444,0.0560000000000001);
#3117=CYLINDRICAL_SURFACE('',#3445,0.0560000000000001);
#3118=CYLINDRICAL_SURFACE('',#3446,0.0560000000000001);
#3119=CYLINDRICAL_SURFACE('',#3447,0.0560000000000001);
#3120=CYLINDRICAL_SURFACE('',#3453,0.2525);
#3121=CYLINDRICAL_SURFACE('',#3471,0.125);
#3122=CYLINDRICAL_SURFACE('',#3474,0.125);
#3123=CYLINDRICAL_SURFACE('',#3493,0.0462598425196846);
#3124=CYLINDRICAL_SURFACE('',#3500,0.0462598425196847);
#3125=CYLINDRICAL_SURFACE('',#3515,0.008);
#3126=CYLINDRICAL_SURFACE('',#3516,0.008);
#3127=CYLINDRICAL_SURFACE('',#3517,0.008);
#3128=CYLINDRICAL_SURFACE('',#3518,0.008);
#3129=CYLINDRICAL_SURFACE('',#3519,0.008);
#3130=CYLINDRICAL_SURFACE('',#3530,0.008);
#3131=CYLINDRICAL_SURFACE('',#3531,0.008);
#3132=CYLINDRICAL_SURFACE('',#3533,0.008);
#3133=CYLINDRICAL_SURFACE('',#3535,0.008);
#3134=CYLINDRICAL_SURFACE('',#3537,0.008);
#3135=CYLINDRICAL_SURFACE('',#3549,0.008);
#3136=CYLINDRICAL_SURFACE('',#3550,0.008);
#3137=CYLINDRICAL_SURFACE('',#3552,0.008);
#3138=CYLINDRICAL_SURFACE('',#3554,0.008);
#3139=CYLINDRICAL_SURFACE('',#3556,0.008);
#3140=CYLINDRICAL_SURFACE('',#3568,0.008);
#3141=CYLINDRICAL_SURFACE('',#3569,0.008);
#3142=CYLINDRICAL_SURFACE('',#3570,0.008);
#3143=CYLINDRICAL_SURFACE('',#3571,0.008);
#3144=CYLINDRICAL_SURFACE('',#3572,0.008);
#3145=CYLINDRICAL_SURFACE('',#3583,0.0462598425196847);
#3146=CYLINDRICAL_SURFACE('',#3608,0.0560000000000001);
#3147=CYLINDRICAL_SURFACE('',#3610,0.0447);
#3148=CYLINDRICAL_SURFACE('',#3614,0.0559999999999999);
#3149=CYLINDRICAL_SURFACE('',#3616,0.0447);
#3150=CYLINDRICAL_SURFACE('',#3620,0.0625000000000001);
#3151=CYLINDRICAL_SURFACE('',#3622,0.05105);
#3152=CYLINDRICAL_SURFACE('',#3626,0.056);
#3153=CYLINDRICAL_SURFACE('',#3628,0.0447);
#3154=CYLINDRICAL_SURFACE('',#3632,0.0984251968503937);
#3155=CYLINDRICAL_SURFACE('',#3638,0.0984251968503937);
#3156=CYLINDRICAL_SURFACE('',#3644,0.0984251968503937);
#3157=CYLINDRICAL_SURFACE('',#3650,0.0984251968503937);
#3158=CYLINDRICAL_SURFACE('',#3662,0.1);
#3159=CYLINDRICAL_SURFACE('',#3663,0.1);
#3160=CYLINDRICAL_SURFACE('',#3664,0.1);
#3161=CYLINDRICAL_SURFACE('',#3665,0.1);
#3162=CYLINDRICAL_SURFACE('',#3667,0.0462598425196853);
#3163=CYLINDRICAL_SURFACE('',#3682,0.125);
#3164=CYLINDRICAL_SURFACE('',#3684,0.125);
#3165=ADVANCED_FACE('',(#152),#3056,.F.);
#3166=ADVANCED_FACE('',(#153),#3057,.F.);
#3167=ADVANCED_FACE('',(#154),#3058,.F.);
#3168=ADVANCED_FACE('',(#155),#3059,.F.);
#3169=ADVANCED_FACE('',(#156),#3060,.F.);
#3170=ADVANCED_FACE('',(#157),#3061,.F.);
#3171=ADVANCED_FACE('',(#158),#3062,.F.);
#3172=ADVANCED_FACE('',(#159),#3063,.F.);
#3173=ADVANCED_FACE('',(#160),#3064,.F.);
#3174=ADVANCED_FACE('',(#161),#3065,.F.);
#3175=ADVANCED_FACE('',(#162),#3066,.F.);
#3176=ADVANCED_FACE('',(#163),#3067,.F.);
#3177=ADVANCED_FACE('',(#164),#3068,.F.);
#3178=ADVANCED_FACE('',(#165),#3069,.F.);
#3179=ADVANCED_FACE('',(#166),#3070,.F.);
#3180=ADVANCED_FACE('',(#167),#3071,.F.);
#3181=ADVANCED_FACE('',(#168),#3072,.F.);
#3182=ADVANCED_FACE('',(#169),#3073,.F.);
#3183=ADVANCED_FACE('',(#170),#3074,.F.);
#3184=ADVANCED_FACE('',(#171),#3075,.F.);
#3185=ADVANCED_FACE('',(#172),#3076,.F.);
#3186=ADVANCED_FACE('',(#173),#3077,.F.);
#3187=ADVANCED_FACE('',(#174),#3078,.F.);
#3188=ADVANCED_FACE('',(#175),#3079,.F.);
#3189=ADVANCED_FACE('',(#176),#3080,.F.);
#3190=ADVANCED_FACE('',(#177),#3081,.F.);
#3191=ADVANCED_FACE('',(#178),#3082,.F.);
#3192=ADVANCED_FACE('',(#179),#3083,.F.);
#3193=ADVANCED_FACE('',(#180),#3084,.F.);
#3194=ADVANCED_FACE('',(#181),#3085,.F.);
#3195=ADVANCED_FACE('',(#182),#3086,.F.);
#3196=ADVANCED_FACE('',(#183),#3087,.F.);
#3197=ADVANCED_FACE('',(#184),#3088,.F.);
#3198=ADVANCED_FACE('',(#185),#3089,.F.);
#3199=ADVANCED_FACE('',(#186),#3090,.F.);
#3200=ADVANCED_FACE('',(#187),#3091,.F.);
#3201=ADVANCED_FACE('',(#188),#3092,.F.);
#3202=ADVANCED_FACE('',(#189),#3093,.F.);
#3203=ADVANCED_FACE('',(#190),#3094,.F.);
#3204=ADVANCED_FACE('',(#191),#3095,.F.);
#3205=ADVANCED_FACE('',(#192),#3096,.F.);
#3206=ADVANCED_FACE('',(#193),#3097,.F.);
#3207=ADVANCED_FACE('',(#194),#3098,.F.);
#3208=ADVANCED_FACE('',(#195),#3099,.F.);
#3209=ADVANCED_FACE('',(#196),#3100,.F.);
#3210=ADVANCED_FACE('',(#197),#3101,.F.);
#3211=ADVANCED_FACE('',(#198),#3102,.F.);
#3212=ADVANCED_FACE('',(#199),#3103,.F.);
#3213=ADVANCED_FACE('',(#200),#3104,.F.);
#3214=ADVANCED_FACE('',(#201),#3105,.F.);
#3215=ADVANCED_FACE('',(#202),#3106,.F.);
#3216=ADVANCED_FACE('',(#203),#3107,.F.);
#3217=ADVANCED_FACE('',(#204),#3108,.F.);
#3218=ADVANCED_FACE('',(#205),#3109,.F.);
#3219=ADVANCED_FACE('',(#206),#3110,.F.);
#3220=ADVANCED_FACE('',(#207),#3111,.F.);
#3221=ADVANCED_FACE('',(#208),#3112,.F.);
#3222=ADVANCED_FACE('',(#209),#3113,.F.);
#3223=ADVANCED_FACE('',(#210),#3114,.F.);
#3224=ADVANCED_FACE('',(#211),#3115,.F.);
#3225=ADVANCED_FACE('',(#212),#3116,.F.);
#3226=ADVANCED_FACE('',(#213),#3117,.F.);
#3227=ADVANCED_FACE('',(#214),#3118,.F.);
#3228=ADVANCED_FACE('',(#215),#3119,.F.);
#3229=ADVANCED_FACE('',(#216),#131,.F.);
#3230=ADVANCED_FACE('',(#217,#67),#84,.T.);
#3231=ADVANCED_FACE('',(#218),#3120,.F.);
#3232=ADVANCED_FACE('',(#219),#132,.T.);
#3233=ADVANCED_FACE('',(#220),#85,.T.);
#3234=ADVANCED_FACE('',(#221),#133,.T.);
#3235=ADVANCED_FACE('',(#222),#86,.T.);
#3236=ADVANCED_FACE('',(#223),#134,.T.);
#3237=ADVANCED_FACE('',(#224),#87,.T.);
#3238=ADVANCED_FACE('',(#225),#135,.T.);
#3239=ADVANCED_FACE('',(#226),#88,.T.);
#3240=ADVANCED_FACE('',(#227),#3121,.T.);
#3241=ADVANCED_FACE('',(#228),#89,.T.);
#3242=ADVANCED_FACE('',(#229),#3122,.T.);
#3243=ADVANCED_FACE('',(#230,#68),#90,.T.);
#3244=ADVANCED_FACE('',(#231),#91,.T.);
#3245=ADVANCED_FACE('',(#232),#136,.F.);
#3246=ADVANCED_FACE('',(#233),#92,.T.);
#3247=ADVANCED_FACE('',(#234),#137,.F.);
#3248=ADVANCED_FACE('',(#235),#93,.T.);
#3249=ADVANCED_FACE('',(#236),#138,.F.);
#3250=ADVANCED_FACE('',(#237),#94,.T.);
#3251=ADVANCED_FACE('',(#238),#139,.F.);
#3252=ADVANCED_FACE('',(#239),#3123,.F.);
#3253=ADVANCED_FACE('',(#240,#69),#95,.F.);
#3254=ADVANCED_FACE('',(#241),#3124,.F.);
#3255=ADVANCED_FACE('',(#242,#70),#96,.F.);
#3256=ADVANCED_FACE('',(#243),#35,.F.);
#3257=ADVANCED_FACE('',(#244),#36,.F.);
#3258=ADVANCED_FACE('',(#245),#3125,.F.);
#3259=ADVANCED_FACE('',(#246),#3126,.F.);
#3260=ADVANCED_FACE('',(#247),#3127,.F.);
#3261=ADVANCED_FACE('',(#248),#3128,.F.);
#3262=ADVANCED_FACE('',(#249),#3129,.F.);
#3263=ADVANCED_FACE('',(#250),#97,.F.);
#3264=ADVANCED_FACE('',(#251),#98,.F.);
#3265=ADVANCED_FACE('',(#252),#37,.F.);
#3266=ADVANCED_FACE('',(#253),#38,.F.);
#3267=ADVANCED_FACE('',(#254),#3130,.F.);
#3268=ADVANCED_FACE('',(#255),#3131,.F.);
#3269=ADVANCED_FACE('',(#256),#3132,.F.);
#3270=ADVANCED_FACE('',(#257),#3133,.F.);
#3271=ADVANCED_FACE('',(#258),#3134,.F.);
#3272=ADVANCED_FACE('',(#259),#99,.F.);
#3273=ADVANCED_FACE('',(#260),#100,.F.);
#3274=ADVANCED_FACE('',(#261),#39,.F.);
#3275=ADVANCED_FACE('',(#262),#40,.F.);
#3276=ADVANCED_FACE('',(#263),#3135,.F.);
#3277=ADVANCED_FACE('',(#264),#3136,.F.);
#3278=ADVANCED_FACE('',(#265),#3137,.F.);
#3279=ADVANCED_FACE('',(#266),#3138,.F.);
#3280=ADVANCED_FACE('',(#267),#3139,.F.);
#3281=ADVANCED_FACE('',(#268),#101,.F.);
#3282=ADVANCED_FACE('',(#269),#102,.F.);
#3283=ADVANCED_FACE('',(#270),#41,.F.);
#3284=ADVANCED_FACE('',(#271),#42,.F.);
#3285=ADVANCED_FACE('',(#272),#3140,.F.);
#3286=ADVANCED_FACE('',(#273),#3141,.F.);
#3287=ADVANCED_FACE('',(#274),#3142,.F.);
#3288=ADVANCED_FACE('',(#275),#3143,.F.);
#3289=ADVANCED_FACE('',(#276),#3144,.F.);
#3290=ADVANCED_FACE('',(#277),#103,.F.);
#3291=ADVANCED_FACE('',(#278),#104,.F.);
#3292=ADVANCED_FACE('',(#279),#105,.F.);
#3293=ADVANCED_FACE('',(#280),#106,.F.);
#3294=ADVANCED_FACE('',(#281),#107,.F.);
#3295=ADVANCED_FACE('',(#282),#108,.F.);
#3296=ADVANCED_FACE('',(#283),#109,.F.);
#3297=ADVANCED_FACE('',(#284),#110,.F.);
#3298=ADVANCED_FACE('',(#285),#111,.F.);
#3299=ADVANCED_FACE('',(#286),#112,.F.);
#3300=ADVANCED_FACE('',(#287),#3145,.F.);
#3301=ADVANCED_FACE('',(#288,#71,#72),#113,.F.);
#3302=ADVANCED_FACE('',(#289),#140,.F.);
#3303=ADVANCED_FACE('',(#290),#114,.T.);
#3304=ADVANCED_FACE('',(#291),#141,.F.);
#3305=ADVANCED_FACE('',(#292),#115,.T.);
#3306=ADVANCED_FACE('',(#293),#142,.F.);
#3307=ADVANCED_FACE('',(#294),#116,.T.);
#3308=ADVANCED_FACE('',(#295),#143,.F.);
#3309=ADVANCED_FACE('',(#296),#117,.T.);
#3310=ADVANCED_FACE('',(#297,#73),#118,.F.);
#3311=ADVANCED_FACE('',(#298),#119,.T.);
#3312=ADVANCED_FACE('',(#299),#3146,.F.);
#3313=ADVANCED_FACE('',(#300),#23,.F.);
#3314=ADVANCED_FACE('',(#301),#24,.F.);
#3315=ADVANCED_FACE('',(#302),#144,.F.);
#3316=ADVANCED_FACE('',(#303),#3147,.F.);
#3317=ADVANCED_FACE('',(#304),#120,.T.);
#3318=ADVANCED_FACE('',(#305),#3148,.F.);
#3319=ADVANCED_FACE('',(#306),#25,.F.);
#3320=ADVANCED_FACE('',(#307),#26,.F.);
#3321=ADVANCED_FACE('',(#308),#145,.F.);
#3322=ADVANCED_FACE('',(#309),#3149,.F.);
#3323=ADVANCED_FACE('',(#310),#121,.T.);
#3324=ADVANCED_FACE('',(#311),#3150,.F.);
#3325=ADVANCED_FACE('',(#312),#27,.F.);
#3326=ADVANCED_FACE('',(#313),#28,.F.);
#3327=ADVANCED_FACE('',(#314),#146,.F.);
#3328=ADVANCED_FACE('',(#315),#3151,.F.);
#3329=ADVANCED_FACE('',(#316),#122,.T.);
#3330=ADVANCED_FACE('',(#317),#3152,.F.);
#3331=ADVANCED_FACE('',(#318),#29,.F.);
#3332=ADVANCED_FACE('',(#319),#30,.F.);
#3333=ADVANCED_FACE('',(#320),#147,.F.);
#3334=ADVANCED_FACE('',(#321),#3153,.F.);
#3335=ADVANCED_FACE('',(#322),#148,.T.);
#3336=ADVANCED_FACE('',(#323),#3154,.T.);
#3337=ADVANCED_FACE('',(#324,#74),#123,.T.);
#3338=ADVANCED_FACE('',(#325),#149,.T.);
#3339=ADVANCED_FACE('',(#326),#3155,.T.);
#3340=ADVANCED_FACE('',(#327,#75),#124,.T.);
#3341=ADVANCED_FACE('',(#328),#150,.T.);
#3342=ADVANCED_FACE('',(#329),#3156,.T.);
#3343=ADVANCED_FACE('',(#330,#76),#125,.T.);
#3344=ADVANCED_FACE('',(#331),#151,.T.);
#3345=ADVANCED_FACE('',(#332),#3157,.T.);
#3346=ADVANCED_FACE('',(#333,#77),#126,.T.);
#3347=ADVANCED_FACE('',(#334),#31,.T.);
#3348=ADVANCED_FACE('',(#335),#32,.T.);
#3349=ADVANCED_FACE('',(#336),#33,.T.);
#3350=ADVANCED_FACE('',(#337),#34,.T.);
#3351=ADVANCED_FACE('',(#338),#3158,.F.);
#3352=ADVANCED_FACE('',(#339),#3159,.F.);
#3353=ADVANCED_FACE('',(#340),#3160,.F.);
#3354=ADVANCED_FACE('',(#341),#3161,.F.);
#3355=ADVANCED_FACE('',(#342,#78),#127,.F.);
#3356=ADVANCED_FACE('',(#343),#3162,.F.);
#3357=ADVANCED_FACE('',(#344,#79,#80,#81,#82,#83),#128,.T.);
#3358=ADVANCED_FACE('',(#345),#19,.F.);
#3359=ADVANCED_FACE('',(#346),#20,.F.);
#3360=ADVANCED_FACE('',(#347),#21,.F.);
#3361=ADVANCED_FACE('',(#348),#22,.F.);
#3362=ADVANCED_FACE('',(#349),#129,.T.);
#3363=ADVANCED_FACE('',(#350),#3163,.T.);
#3364=ADVANCED_FACE('',(#351),#130,.T.);
#3365=ADVANCED_FACE('',(#352),#3164,.T.);
#3366=CLOSED_SHELL('',(#3165,#3166,#3167,#3168,#3169,#3170,#3171,#3172,
#3173,#3174,#3175,#3176,#3177,#3178,#3179,#3180,#3181,#3182,#3183,#3184,
#3185,#3186,#3187,#3188,#3189,#3190,#3191,#3192,#3193,#3194,#3195,#3196,
#3197,#3198,#3199,#3200,#3201,#3202,#3203,#3204,#3205,#3206,#3207,#3208,
#3209,#3210,#3211,#3212,#3213,#3214,#3215,#3216,#3217,#3218,#3219,#3220,
#3221,#3222,#3223,#3224,#3225,#3226,#3227,#3228,#3229,#3230,#3231,#3232,
#3233,#3234,#3235,#3236,#3237,#3238,#3239,#3240,#3241,#3242,#3243,#3244,
#3245,#3246,#3247,#3248,#3249,#3250,#3251,#3252,#3253,#3254,#3255,#3256,
#3257,#3258,#3259,#3260,#3261,#3262,#3263,#3264,#3265,#3266,#3267,#3268,
#3269,#3270,#3271,#3272,#3273,#3274,#3275,#3276,#3277,#3278,#3279,#3280,
#3281,#3282,#3283,#3284,#3285,#3286,#3287,#3288,#3289,#3290,#3291,#3292,
#3293,#3294,#3295,#3296,#3297,#3298,#3299,#3300,#3301,#3302,#3303,#3304,
#3305,#3306,#3307,#3308,#3309,#3310,#3311,#3312,#3313,#3314,#3315,#3316,
#3317,#3318,#3319,#3320,#3321,#3322,#3323,#3324,#3325,#3326,#3327,#3328,
#3329,#3330,#3331,#3332,#3333,#3334,#3335,#3336,#3337,#3338,#3339,#3340,
#3341,#3342,#3343,#3344,#3345,#3346,#3347,#3348,#3349,#3350,#3351,#3352,
#3353,#3354,#3355,#3356,#3357,#3358,#3359,#3360,#3361,#3362,#3363,#3364,
#3365));
#3367=AXIS2_PLACEMENT_3D('',#4534,#3686,#3687);
#3368=AXIS2_PLACEMENT_3D('',#4535,#3688,#3689);
#3369=AXIS2_PLACEMENT_3D('',#4536,#3690,#3691);
#3370=AXIS2_PLACEMENT_3D('',#4546,#3693,#3694);
#3371=AXIS2_PLACEMENT_3D('',#4560,#3695,#3696);
#3372=AXIS2_PLACEMENT_3D('',#4608,#3698,#3699);
#3373=AXIS2_PLACEMENT_3D('',#4659,#3701,#3702);
#3374=AXIS2_PLACEMENT_3D('',#4710,#3704,#3705);
#3375=AXIS2_PLACEMENT_3D('',#4758,#3707,#3708);
#3376=AXIS2_PLACEMENT_3D('',#4809,#3710,#3711);
#3377=AXIS2_PLACEMENT_3D('',#4857,#3713,#3714);
#3378=AXIS2_PLACEMENT_3D('',#4876,#3716,#3717);
#3379=AXIS2_PLACEMENT_3D('',#4899,#3718,#3719);
#3380=AXIS2_PLACEMENT_3D('',#4913,#3721,#3722);
#3381=AXIS2_PLACEMENT_3D('',#4923,#3723,#3724);
#3382=AXIS2_PLACEMENT_3D('',#4948,#3726,#3727);
#3383=AXIS2_PLACEMENT_3D('',#4972,#3729,#3730);
#3384=AXIS2_PLACEMENT_3D('',#4997,#3732,#3733);
#3385=AXIS2_PLACEMENT_3D('',#5022,#3735,#3736);
#3386=AXIS2_PLACEMENT_3D('',#5046,#3738,#3739);
#3387=AXIS2_PLACEMENT_3D('',#5070,#3741,#3742);
#3388=AXIS2_PLACEMENT_3D('',#5081,#3744,#3745);
#3389=AXIS2_PLACEMENT_3D('',#5088,#3746,#3747);
#3390=AXIS2_PLACEMENT_3D('',#5098,#3749,#3750);
#3391=AXIS2_PLACEMENT_3D('',#5112,#3751,#3752);
#3392=AXIS2_PLACEMENT_3D('',#5160,#3754,#3755);
#3393=AXIS2_PLACEMENT_3D('',#5211,#3757,#3758);
#3394=AXIS2_PLACEMENT_3D('',#5262,#3760,#3761);
#3395=AXIS2_PLACEMENT_3D('',#5310,#3763,#3764);
#3396=AXIS2_PLACEMENT_3D('',#5361,#3766,#3767);
#3397=AXIS2_PLACEMENT_3D('',#5409,#3769,#3770);
#3398=AXIS2_PLACEMENT_3D('',#5428,#3772,#3773);
#3399=AXIS2_PLACEMENT_3D('',#5451,#3774,#3775);
#3400=AXIS2_PLACEMENT_3D('',#5465,#3777,#3778);
#3401=AXIS2_PLACEMENT_3D('',#5475,#3779,#3780);
#3402=AXIS2_PLACEMENT_3D('',#5500,#3782,#3783);
#3403=AXIS2_PLACEMENT_3D('',#5524,#3785,#3786);
#3404=AXIS2_PLACEMENT_3D('',#5549,#3788,#3789);
#3405=AXIS2_PLACEMENT_3D('',#5574,#3791,#3792);
#3406=AXIS2_PLACEMENT_3D('',#5598,#3794,#3795);
#3407=AXIS2_PLACEMENT_3D('',#5622,#3797,#3798);
#3408=AXIS2_PLACEMENT_3D('',#5633,#3800,#3801);
#3409=AXIS2_PLACEMENT_3D('',#5640,#3802,#3803);
#3410=AXIS2_PLACEMENT_3D('',#5650,#3805,#3806);
#3411=AXIS2_PLACEMENT_3D('',#5664,#3807,#3808);
#3412=AXIS2_PLACEMENT_3D('',#5712,#3810,#3811);
#3413=AXIS2_PLACEMENT_3D('',#5763,#3813,#3814);
#3414=AXIS2_PLACEMENT_3D('',#5814,#3816,#3817);
#3415=AXIS2_PLACEMENT_3D('',#5862,#3819,#3820);
#3416=AXIS2_PLACEMENT_3D('',#5913,#3822,#3823);
#3417=AXIS2_PLACEMENT_3D('',#5961,#3825,#3826);
#3418=AXIS2_PLACEMENT_3D('',#5980,#3828,#3829);
#3419=AXIS2_PLACEMENT_3D('',#6003,#3830,#3831);
#3420=AXIS2_PLACEMENT_3D('',#6017,#3833,#3834);
#3421=AXIS2_PLACEMENT_3D('',#6027,#3835,#3836);
#3422=AXIS2_PLACEMENT_3D('',#6052,#3838,#3839);
#3423=AXIS2_PLACEMENT_3D('',#6076,#3841,#3842);
#3424=AXIS2_PLACEMENT_3D('',#6101,#3844,#3845);
#3425=AXIS2_PLACEMENT_3D('',#6126,#3847,#3848);
#3426=AXIS2_PLACEMENT_3D('',#6150,#3850,#3851);
#3427=AXIS2_PLACEMENT_3D('',#6174,#3853,#3854);
#3428=AXIS2_PLACEMENT_3D('',#6185,#3856,#3857);
#3429=AXIS2_PLACEMENT_3D('',#6192,#3858,#3859);
#3430=AXIS2_PLACEMENT_3D('',#6202,#3861,#3862);
#3431=AXIS2_PLACEMENT_3D('',#6216,#3863,#3864);
#3432=AXIS2_PLACEMENT_3D('',#6264,#3866,#3867);
#3433=AXIS2_PLACEMENT_3D('',#6315,#3869,#3870);
#3434=AXIS2_PLACEMENT_3D('',#6366,#3872,#3873);
#3435=AXIS2_PLACEMENT_3D('',#6414,#3875,#3876);
#3436=AXIS2_PLACEMENT_3D('',#6465,#3878,#3879);
#3437=AXIS2_PLACEMENT_3D('',#6513,#3881,#3882);
#3438=AXIS2_PLACEMENT_3D('',#6532,#3884,#3885);
#3439=AXIS2_PLACEMENT_3D('',#6555,#3886,#3887);
#3440=AXIS2_PLACEMENT_3D('',#6569,#3889,#3890);
#3441=AXIS2_PLACEMENT_3D('',#6579,#3891,#3892);
#3442=AXIS2_PLACEMENT_3D('',#6604,#3894,#3895);
#3443=AXIS2_PLACEMENT_3D('',#6628,#3897,#3898);
#3444=AXIS2_PLACEMENT_3D('',#6653,#3900,#3901);
#3445=AXIS2_PLACEMENT_3D('',#6678,#3903,#3904);
#3446=AXIS2_PLACEMENT_3D('',#6702,#3906,#3907);
#3447=AXIS2_PLACEMENT_3D('',#6726,#3909,#3910);
#3448=AXIS2_PLACEMENT_3D('',#6737,#3912,#3913);
#3449=AXIS2_PLACEMENT_3D('',#6744,#3914,#3915);
#3450=AXIS2_PLACEMENT_3D('',#6746,#3916,#3917);
#3451=AXIS2_PLACEMENT_3D('',#6749,#3919,#3920);
#3452=AXIS2_PLACEMENT_3D('',#6750,#3921,#3922);
#3453=AXIS2_PLACEMENT_3D('',#6759,#3927,#3928);
#3454=AXIS2_PLACEMENT_3D('',#6762,#3930,#3931);
#3455=AXIS2_PLACEMENT_3D('',#6763,#3932,#3933);
#3456=AXIS2_PLACEMENT_3D('',#6768,#3935,#3936);
#3457=AXIS2_PLACEMENT_3D('',#6771,#3938,#3939);
#3458=AXIS2_PLACEMENT_3D('',#6772,#3940,#3941);
#3459=AXIS2_PLACEMENT_3D('',#6778,#3945,#3946);
#3460=AXIS2_PLACEMENT_3D('',#6781,#3948,#3949);
#3461=AXIS2_PLACEMENT_3D('',#6782,#3950,#3951);
#3462=AXIS2_PLACEMENT_3D('',#6783,#3952,#3953);
#3463=AXIS2_PLACEMENT_3D('',#6787,#3956,#3957);
#3464=AXIS2_PLACEMENT_3D('',#6791,#3959,#3960);
#3465=AXIS2_PLACEMENT_3D('',#6792,#3961,#3962);
#3466=AXIS2_PLACEMENT_3D('',#6793,#3963,#3964);
#3467=AXIS2_PLACEMENT_3D('',#6799,#3968,#3969);
#3468=AXIS2_PLACEMENT_3D('',#6803,#3971,#3972);
#3469=AXIS2_PLACEMENT_3D('',#6804,#3973,#3974);
#3470=AXIS2_PLACEMENT_3D('',#6805,#3975,#3976);
#3471=AXIS2_PLACEMENT_3D('',#6808,#3979,#3980);
#3472=AXIS2_PLACEMENT_3D('',#6811,#3982,#3983);
#3473=AXIS2_PLACEMENT_3D('',#6812,#3984,#3985);
#3474=AXIS2_PLACEMENT_3D('',#6816,#3988,#3989);
#3475=AXIS2_PLACEMENT_3D('',#6819,#3991,#3992);
#3476=AXIS2_PLACEMENT_3D('',#6820,#3993,#3994);
#3477=AXIS2_PLACEMENT_3D('',#6825,#3996,#3997);
#3478=AXIS2_PLACEMENT_3D('',#6829,#3999,#4000);
#3479=AXIS2_PLACEMENT_3D('',#6833,#4002,#4003);
#3480=AXIS2_PLACEMENT_3D('',#6836,#4005,#4006);
#3481=AXIS2_PLACEMENT_3D('',#6837,#4007,#4008);
#3482=AXIS2_PLACEMENT_3D('',#6843,#4012,#4013);
#3483=AXIS2_PLACEMENT_3D('',#6846,#4015,#4016);
#3484=AXIS2_PLACEMENT_3D('',#6847,#4017,#4018);
#3485=AXIS2_PLACEMENT_3D('',#6851,#4021,#4022);
#3486=AXIS2_PLACEMENT_3D('',#6854,#4024,#4025);
#3487=AXIS2_PLACEMENT_3D('',#6855,#4026,#4027);
#3488=AXIS2_PLACEMENT_3D('',#6859,#4030,#4031);
#3489=AXIS2_PLACEMENT_3D('',#6862,#4033,#4034);
#3490=AXIS2_PLACEMENT_3D('',#6863,#4035,#4036);
#3491=AXIS2_PLACEMENT_3D('',#6867,#4039,#4040);
#3492=AXIS2_PLACEMENT_3D('',#6868,#4041,#4042);
#3493=AXIS2_PLACEMENT_3D('',#6869,#4043,#4044);
#3494=AXIS2_PLACEMENT_3D('',#6873,#4046,#4047);
#3495=AXIS2_PLACEMENT_3D('',#6875,#4049,#4050);
#3496=AXIS2_PLACEMENT_3D('',#6881,#4053,#4054);
#3497=AXIS2_PLACEMENT_3D('',#6885,#4056,#4057);
#3498=AXIS2_PLACEMENT_3D('',#6889,#4059,#4060);
#3499=AXIS2_PLACEMENT_3D('',#6893,#4062,#4063);
#3500=AXIS2_PLACEMENT_3D('',#6895,#4065,#4066);
#3501=AXIS2_PLACEMENT_3D('',#6898,#4068,#4069);
#3502=AXIS2_PLACEMENT_3D('',#6899,#4070,#4071);
#3503=AXIS2_PLACEMENT_3D('',#6905,#4074,#4075);
#3504=AXIS2_PLACEMENT_3D('',#6909,#4077,#4078);
#3505=AXIS2_PLACEMENT_3D('',#6913,#4080,#4081);
#3506=AXIS2_PLACEMENT_3D('',#6917,#4083,#4084);
#3507=AXIS2_PLACEMENT_3D('',#6919,#4086,#4087);
#3508=AXIS2_PLACEMENT_3D('',#6922,#4088,#4089);
#3509=AXIS2_PLACEMENT_3D('',#6924,#4090,#4091);
#3510=AXIS2_PLACEMENT_3D('',#6925,#4092,#4093);
#3511=AXIS2_PLACEMENT_3D('',#6926,#4094,#4095);
#3512=AXIS2_PLACEMENT_3D('',#6929,#4096,#4097);
#3513=AXIS2_PLACEMENT_3D('',#6931,#4098,#4099);
#3514=AXIS2_PLACEMENT_3D('',#6932,#4100,#4101);
#3515=AXIS2_PLACEMENT_3D('',#6933,#4102,#4103);
#3516=AXIS2_PLACEMENT_3D('',#6936,#4106,#4107);
#3517=AXIS2_PLACEMENT_3D('',#6939,#4110,#4111);
#3518=AXIS2_PLACEMENT_3D('',#6942,#4114,#4115);
#3519=AXIS2_PLACEMENT_3D('',#6945,#4118,#4119);
#3520=AXIS2_PLACEMENT_3D('',#6948,#4122,#4123);
#3521=AXIS2_PLACEMENT_3D('',#6949,#4124,#4125);
#3522=AXIS2_PLACEMENT_3D('',#6950,#4126,#4127);
#3523=AXIS2_PLACEMENT_3D('',#6953,#4128,#4129);
#3524=AXIS2_PLACEMENT_3D('',#6955,#4130,#4131);
#3525=AXIS2_PLACEMENT_3D('',#6956,#4132,#4133);
#3526=AXIS2_PLACEMENT_3D('',#6957,#4134,#4135);
#3527=AXIS2_PLACEMENT_3D('',#6960,#4136,#4137);
#3528=AXIS2_PLACEMENT_3D('',#6962,#4138,#4139);
#3529=AXIS2_PLACEMENT_3D('',#6963,#4140,#4141);
#3530=AXIS2_PLACEMENT_3D('',#6964,#4142,#4143);
#3531=AXIS2_PLACEMENT_3D('',#6967,#4146,#4147);
#3532=AXIS2_PLACEMENT_3D('',#6970,#4148,#4149);
#3533=AXIS2_PLACEMENT_3D('',#6973,#4152,#4153);
#3534=AXIS2_PLACEMENT_3D('',#6976,#4154,#4155);
#3535=AXIS2_PLACEMENT_3D('',#6979,#4158,#4159);
#3536=AXIS2_PLACEMENT_3D('',#6982,#4160,#4161);
#3537=AXIS2_PLACEMENT_3D('',#6985,#4164,#4165);
#3538=AXIS2_PLACEMENT_3D('',#6988,#4166,#4167);
#3539=AXIS2_PLACEMENT_3D('',#6991,#4170,#4171);
#3540=AXIS2_PLACEMENT_3D('',#6993,#4173,#4174);
#3541=AXIS2_PLACEMENT_3D('',#6995,#4176,#4177);
#3542=AXIS2_PLACEMENT_3D('',#6998,#4178,#4179);
#3543=AXIS2_PLACEMENT_3D('',#7000,#4180,#4181);
#3544=AXIS2_PLACEMENT_3D('',#7001,#4182,#4183);
#3545=AXIS2_PLACEMENT_3D('',#7002,#4184,#4185);
#3546=AXIS2_PLACEMENT_3D('',#7005,#4186,#4187);
#3547=AXIS2_PLACEMENT_3D('',#7007,#4188,#4189);
#3548=AXIS2_PLACEMENT_3D('',#7008,#4190,#4191);
#3549=AXIS2_PLACEMENT_3D('',#7009,#4192,#4193);
#3550=AXIS2_PLACEMENT_3D('',#7012,#4196,#4197);
#3551=AXIS2_PLACEMENT_3D('',#7015,#4198,#4199);
#3552=AXIS2_PLACEMENT_3D('',#7018,#4202,#4203);
#3553=AXIS2_PLACEMENT_3D('',#7021,#4204,#4205);
#3554=AXIS2_PLACEMENT_3D('',#7024,#4208,#4209);
#3555=AXIS2_PLACEMENT_3D('',#7027,#4210,#4211);
#3556=AXIS2_PLACEMENT_3D('',#7030,#4214,#4215);
#3557=AXIS2_PLACEMENT_3D('',#7033,#4216,#4217);
#3558=AXIS2_PLACEMENT_3D('',#7036,#4220,#4221);
#3559=AXIS2_PLACEMENT_3D('',#7038,#4223,#4224);
#3560=AXIS2_PLACEMENT_3D('',#7040,#4226,#4227);
#3561=AXIS2_PLACEMENT_3D('',#7043,#4228,#4229);
#3562=AXIS2_PLACEMENT_3D('',#7045,#4230,#4231);
#3563=AXIS2_PLACEMENT_3D('',#7046,#4232,#4233);
#3564=AXIS2_PLACEMENT_3D('',#7047,#4234,#4235);
#3565=AXIS2_PLACEMENT_3D('',#7050,#4236,#4237);
#3566=AXIS2_PLACEMENT_3D('',#7052,#4238,#4239);
#3567=AXIS2_PLACEMENT_3D('',#7053,#4240,#4241);
#3568=AXIS2_PLACEMENT_3D('',#7054,#4242,#4243);
#3569=AXIS2_PLACEMENT_3D('',#7057,#4246,#4247);
#3570=AXIS2_PLACEMENT_3D('',#7060,#4250,#4251);
#3571=AXIS2_PLACEMENT_3D('',#7063,#4254,#4255);
#3572=AXIS2_PLACEMENT_3D('',#7066,#4258,#4259);
#3573=AXIS2_PLACEMENT_3D('',#7069,#4262,#4263);
#3574=AXIS2_PLACEMENT_3D('',#7070,#4264,#4265);
#3575=AXIS2_PLACEMENT_3D('',#7071,#4266,#4267);
#3576=AXIS2_PLACEMENT_3D('',#7073,#4269,#4270);
#3577=AXIS2_PLACEMENT_3D('',#7075,#4272,#4273);
#3578=AXIS2_PLACEMENT_3D('',#7077,#4275,#4276);
#3579=AXIS2_PLACEMENT_3D('',#7079,#4278,#4279);
#3580=AXIS2_PLACEMENT_3D('',#7080,#4280,#4281);
#3581=AXIS2_PLACEMENT_3D('',#7081,#4282,#4283);
#3582=AXIS2_PLACEMENT_3D('',#7082,#4284,#4285);
#3583=AXIS2_PLACEMENT_3D('',#7083,#4286,#4287);
#3584=AXIS2_PLACEMENT_3D('',#7087,#4289,#4290);
#3585=AXIS2_PLACEMENT_3D('',#7089,#4292,#4293);
#3586=AXIS2_PLACEMENT_3D('',#7091,#4295,#4296);
#3587=AXIS2_PLACEMENT_3D('',#7094,#4297,#4298);
#3588=AXIS2_PLACEMENT_3D('',#7098,#4300,#4301);
#3589=AXIS2_PLACEMENT_3D('',#7100,#4303,#4304);
#3590=AXIS2_PLACEMENT_3D('',#7106,#4308,#4309);
#3591=AXIS2_PLACEMENT_3D('',#7108,#4310,#4311);
#3592=AXIS2_PLACEMENT_3D('',#7110,#4312,#4313);
#3593=AXIS2_PLACEMENT_3D('',#7112,#4315,#4316);
#3594=AXIS2_PLACEMENT_3D('',#7118,#4320,#4321);
#3595=AXIS2_PLACEMENT_3D('',#7120,#4322,#4323);
#3596=AXIS2_PLACEMENT_3D('',#7122,#4324,#4325);
#3597=AXIS2_PLACEMENT_3D('',#7124,#4327,#4328);
#3598=AXIS2_PLACEMENT_3D('',#7130,#4332,#4333);
#3599=AXIS2_PLACEMENT_3D('',#7132,#4334,#4335);
#3600=AXIS2_PLACEMENT_3D('',#7134,#4336,#4337);
#3601=AXIS2_PLACEMENT_3D('',#7136,#4339,#4340);
#3602=AXIS2_PLACEMENT_3D('',#7139,#4343,#4344);
#3603=AXIS2_PLACEMENT_3D('',#7143,#4346,#4347);
#3604=AXIS2_PLACEMENT_3D('',#7146,#4349,#4350);
#3605=AXIS2_PLACEMENT_3D('',#7147,#4351,#4352);
#3606=AXIS2_PLACEMENT_3D('',#7149,#4353,#4354);
#3607=AXIS2_PLACEMENT_3D('',#7150,#4355,#4356);
#3608=AXIS2_PLACEMENT_3D('',#7213,#4357,#4358);
#3609=AXIS2_PLACEMENT_3D('',#7784,#4359,#4360);
#3610=AXIS2_PLACEMENT_3D('',#7787,#4362,#4363);
#3611=AXIS2_PLACEMENT_3D('',#7788,#4364,#4365);
#3612=AXIS2_PLACEMENT_3D('',#7790,#4366,#4367);
#3613=AXIS2_PLACEMENT_3D('',#7791,#4368,#4369);
#3614=AXIS2_PLACEMENT_3D('',#7854,#4370,#4371);
#3615=AXIS2_PLACEMENT_3D('',#8425,#4372,#4373);
#3616=AXIS2_PLACEMENT_3D('',#8428,#4375,#4376);
#3617=AXIS2_PLACEMENT_3D('',#8429,#4377,#4378);
#3618=AXIS2_PLACEMENT_3D('',#8431,#4379,#4380);
#3619=AXIS2_PLACEMENT_3D('',#8432,#4381,#4382);
#3620=AXIS2_PLACEMENT_3D('',#8501,#4383,#4384);
#3621=AXIS2_PLACEMENT_3D('',#9078,#4385,#4386);
#3622=AXIS2_PLACEMENT_3D('',#9081,#4388,#4389);
#3623=AXIS2_PLACEMENT_3D('',#9082,#4390,#4391);
#3624=AXIS2_PLACEMENT_3D('',#9084,#4392,#4393);
#3625=AXIS2_PLACEMENT_3D('',#9085,#4394,#4395);
#3626=AXIS2_PLACEMENT_3D('',#9148,#4396,#4397);
#3627=AXIS2_PLACEMENT_3D('',#9719,#4398,#4399);
#3628=AXIS2_PLACEMENT_3D('',#9722,#4401,#4402);
#3629=AXIS2_PLACEMENT_3D('',#9723,#4403,#4404);
#3630=AXIS2_PLACEMENT_3D('',#9725,#4405,#4406);
#3631=AXIS2_PLACEMENT_3D('',#9728,#4408,#4409);
#3632=AXIS2_PLACEMENT_3D('',#9729,#4410,#4411);
#3633=AXIS2_PLACEMENT_3D('',#9732,#4413,#4414);
#3634=AXIS2_PLACEMENT_3D('',#9733,#4415,#4416);
#3635=AXIS2_PLACEMENT_3D('',#9734,#4417,#4418);
#3636=AXIS2_PLACEMENT_3D('',#9736,#4419,#4420);
#3637=AXIS2_PLACEMENT_3D('',#9739,#4422,#4423);
#3638=AXIS2_PLACEMENT_3D('',#9740,#4424,#4425);
#3639=AXIS2_PLACEMENT_3D('',#9743,#4427,#4428);
#3640=AXIS2_PLACEMENT_3D('',#9744,#4429,#4430);
#3641=AXIS2_PLACEMENT_3D('',#9745,#4431,#4432);
#3642=AXIS2_PLACEMENT_3D('',#9747,#4433,#4434);
#3643=AXIS2_PLACEMENT_3D('',#9750,#4436,#4437);
#3644=AXIS2_PLACEMENT_3D('',#9751,#4438,#4439);
#3645=AXIS2_PLACEMENT_3D('',#9754,#4441,#4442);
#3646=AXIS2_PLACEMENT_3D('',#9755,#4443,#4444);
#3647=AXIS2_PLACEMENT_3D('',#9756,#4445,#4446);
#3648=AXIS2_PLACEMENT_3D('',#9758,#4447,#4448);
#3649=AXIS2_PLACEMENT_3D('',#9761,#4450,#4451);
#3650=AXIS2_PLACEMENT_3D('',#9762,#4452,#4453);
#3651=AXIS2_PLACEMENT_3D('',#9765,#4455,#4456);
#3652=AXIS2_PLACEMENT_3D('',#9766,#4457,#4458);
#3653=AXIS2_PLACEMENT_3D('',#9798,#4459,#4460);
#3654=AXIS2_PLACEMENT_3D('',#9799,#4461,#4462);
#3655=AXIS2_PLACEMENT_3D('',#9831,#4463,#4464);
#3656=AXIS2_PLACEMENT_3D('',#9832,#4465,#4466);
#3657=AXIS2_PLACEMENT_3D('',#9864,#4467,#4468);
#3658=AXIS2_PLACEMENT_3D('',#9865,#4469,#4470);
#3659=AXIS2_PLACEMENT_3D('',#9898,#4471,#4472);
#3660=AXIS2_PLACEMENT_3D('',#9899,#4473,#4474);
#3661=AXIS2_PLACEMENT_3D('',#9900,#4475,#4476);
#3662=AXIS2_PLACEMENT_3D('',#9901,#4477,#4478);
#3663=AXIS2_PLACEMENT_3D('',#9903,#4480,#4481);
#3664=AXIS2_PLACEMENT_3D('',#9906,#4484,#4485);
#3665=AXIS2_PLACEMENT_3D('',#9908,#4487,#4488);
#3666=AXIS2_PLACEMENT_3D('',#9910,#4490,#4491);
#3667=AXIS2_PLACEMENT_3D('',#9912,#4493,#4494);
#3668=AXIS2_PLACEMENT_3D('',#9913,#4495,#4496);
#3669=AXIS2_PLACEMENT_3D('',#9915,#4497,#4498);
#3670=AXIS2_PLACEMENT_3D('',#9917,#4499,#4500);
#3671=AXIS2_PLACEMENT_3D('',#9919,#4501,#4502);
#3672=AXIS2_PLACEMENT_3D('',#9921,#4503,#4504);
#3673=AXIS2_PLACEMENT_3D('',#9922,#4505,#4506);
#3674=AXIS2_PLACEMENT_3D('',#9923,#4507,#4508);
#3675=AXIS2_PLACEMENT_3D('',#9924,#4509,#4510);
#3676=AXIS2_PLACEMENT_3D('',#9925,#4511,#4512);
#3677=AXIS2_PLACEMENT_3D('',#9926,#4513,#4514);
#3678=AXIS2_PLACEMENT_3D('',#9927,#4515,#4516);
#3679=AXIS2_PLACEMENT_3D('',#9928,#4517,#4518);
#3680=AXIS2_PLACEMENT_3D('',#9929,#4519,#4520);
#3681=AXIS2_PLACEMENT_3D('',#9930,#4521,#4522);
#3682=AXIS2_PLACEMENT_3D('',#9932,#4524,#4525);
#3683=AXIS2_PLACEMENT_3D('',#9934,#4527,#4528);
#3684=AXIS2_PLACEMENT_3D('',#9936,#4530,#4531);
#3685=AXIS2_PLACEMENT_3D('',#9937,#4532,#4533);
#3686=DIRECTION('axis',(0.,0.,1.));
#3687=DIRECTION('refdir',(1.,0.,0.));
#3688=DIRECTION('axis',(0.,0.,1.));
#3689=DIRECTION('refdir',(1.,0.,0.));
#3690=DIRECTION('center_axis',(0.,0.,-1.));
#3691=DIRECTION('ref_axis',(-0.290224782818044,0.956958502464041,0.));
#3692=DIRECTION('',(0.,0.,-1.));
#3693=DIRECTION('center_axis',(0.,0.,-1.));
#3694=DIRECTION('ref_axis',(1.,0.,0.));
#3695=DIRECTION('center_axis',(0.,0.,-1.));
#3696=DIRECTION('ref_axis',(1.,0.,0.));
#3697=DIRECTION('',(0.,0.,-1.));
#3698=DIRECTION('center_axis',(0.,0.,-1.));
#3699=DIRECTION('ref_axis',(1.,0.,0.));
#3700=DIRECTION('',(0.,0.,-1.));
#3701=DIRECTION('center_axis',(0.,0.,-1.));
#3702=DIRECTION('ref_axis',(1.,0.,0.));
#3703=DIRECTION('',(0.,0.,-1.));
#3704=DIRECTION('center_axis',(0.,0.,-1.));
#3705=DIRECTION('ref_axis',(1.,0.,0.));
#3706=DIRECTION('',(0.,0.,-1.));
#3707=DIRECTION('center_axis',(0.,0.,-1.));
#3708=DIRECTION('ref_axis',(1.,0.,0.));
#3709=DIRECTION('',(0.,0.,-1.));
#3710=DIRECTION('center_axis',(0.,0.,-1.));
#3711=DIRECTION('ref_axis',(1.,0.,0.));
#3712=DIRECTION('',(0.,0.,-1.));
#3713=DIRECTION('center_axis',(0.,0.,-1.));
#3714=DIRECTION('ref_axis',(0.95700696683627,-0.290064933121607,0.));
#3715=DIRECTION('',(0.,0.,-1.));
#3716=DIRECTION('center_axis',(0.,0.,-1.));
#3717=DIRECTION('ref_axis',(1.,0.,0.));
#3718=DIRECTION('center_axis',(0.,0.,-1.));
#3719=DIRECTION('ref_axis',(0.864661028516386,0.502355756177817,0.));
#3720=DIRECTION('',(1.22464679914735E-16,-2.30908827293386E-30,-1.));
#3721=DIRECTION('center_axis',(0.,0.,1.));
#3722=DIRECTION('ref_axis',(1.,-1.8732671956555E-14,0.));
#3723=DIRECTION('center_axis',(0.,0.,-1.));
#3724=DIRECTION('ref_axis',(1.,-1.8732671956555E-14,0.));
#3725=DIRECTION('',(1.22464679914735E-16,-2.30908827293386E-30,-1.));
#3726=DIRECTION('center_axis',(0.,0.,-1.));
#3727=DIRECTION('ref_axis',(1.,-1.8732671956555E-14,0.));
#3728=DIRECTION('',(1.22464679914735E-16,-2.30908827293386E-30,-1.));
#3729=DIRECTION('center_axis',(0.,0.,-1.));
#3730=DIRECTION('ref_axis',(1.,-1.8732671956555E-14,0.));
#3731=DIRECTION('',(1.22464679914735E-16,-2.30908827293386E-30,-1.));
#3732=DIRECTION('center_axis',(0.,0.,-1.));
#3733=DIRECTION('ref_axis',(1.,-1.8732671956555E-14,0.));
#3734=DIRECTION('',(1.22464679914735E-16,-2.30908827293386E-30,-1.));
#3735=DIRECTION('center_axis',(0.,0.,-1.));
#3736=DIRECTION('ref_axis',(1.,-1.8732671956555E-14,0.));
#3737=DIRECTION('',(1.22464679914735E-16,-2.30908827293386E-30,-1.));
#3738=DIRECTION('center_axis',(0.,0.,-1.));
#3739=DIRECTION('ref_axis',(1.,-1.8732671956555E-14,0.));
#3740=DIRECTION('',(1.22464679914735E-16,-2.30908827293386E-30,-1.));
#3741=DIRECTION('center_axis',(0.,0.,-1.));
#3742=DIRECTION('ref_axis',(-0.502476712662826,-0.864590743202563,0.));
#3743=DIRECTION('',(1.22464679914735E-16,-2.30908827293386E-30,-1.));
#3744=DIRECTION('center_axis',(0.,0.,-1.));
#3745=DIRECTION('ref_axis',(1.,-1.8732671956555E-14,0.));
#3746=DIRECTION('center_axis',(0.,0.,-1.));
#3747=DIRECTION('ref_axis',(-0.300645121619424,0.953736080289742,0.));
#3748=DIRECTION('',(0.,0.,-1.));
#3749=DIRECTION('center_axis',(0.,0.,-1.));
#3750=DIRECTION('ref_axis',(1.,0.,0.));
#3751=DIRECTION('center_axis',(0.,0.,-1.));
#3752=DIRECTION('ref_axis',(1.,0.,0.));
#3753=DIRECTION('',(0.,0.,-1.));
#3754=DIRECTION('center_axis',(0.,0.,-1.));
#3755=DIRECTION('ref_axis',(1.,0.,0.));
#3756=DIRECTION('',(0.,0.,-1.));
#3757=DIRECTION('center_axis',(0.,0.,-1.));
#3758=DIRECTION('ref_axis',(1.,0.,0.));
#3759=DIRECTION('',(0.,0.,-1.));
#3760=DIRECTION('center_axis',(0.,0.,-1.));
#3761=DIRECTION('ref_axis',(1.,0.,0.));
#3762=DIRECTION('',(0.,0.,-1.));
#3763=DIRECTION('center_axis',(0.,0.,-1.));
#3764=DIRECTION('ref_axis',(1.,0.,0.));
#3765=DIRECTION('',(0.,0.,-1.));
#3766=DIRECTION('center_axis',(0.,0.,-1.));
#3767=DIRECTION('ref_axis',(1.,0.,0.));
#3768=DIRECTION('',(0.,0.,-1.));
#3769=DIRECTION('center_axis',(0.,0.,-1.));
#3770=DIRECTION('ref_axis',(0.953792881548362,-0.300464871670004,0.));
#3771=DIRECTION('',(0.,0.,-1.));
#3772=DIRECTION('center_axis',(0.,0.,-1.));
#3773=DIRECTION('ref_axis',(1.,0.,0.));
#3774=DIRECTION('center_axis',(0.,0.,-1.));
#3775=DIRECTION('ref_axis',(0.864682394487263,0.502318979000171,0.));
#3776=DIRECTION('',(1.22464679914735E-16,-2.0705028427227E-30,-1.));
#3777=DIRECTION('center_axis',(0.,0.,1.));
#3778=DIRECTION('ref_axis',(1.,-1.67844740730732E-14,0.));
#3779=DIRECTION('center_axis',(0.,0.,-1.));
#3780=DIRECTION('ref_axis',(1.,-1.67844740730732E-14,0.));
#3781=DIRECTION('',(1.22464679914735E-16,-2.0705028427227E-30,-1.));
#3782=DIRECTION('center_axis',(0.,0.,-1.));
#3783=DIRECTION('ref_axis',(1.,-1.67844740730732E-14,0.));
#3784=DIRECTION('',(1.22464679914735E-16,-2.0705028427227E-30,-1.));
#3785=DIRECTION('center_axis',(0.,0.,-1.));
#3786=DIRECTION('ref_axis',(1.,-1.67844740730732E-14,0.));
#3787=DIRECTION('',(1.22464679914735E-16,-2.0705028427227E-30,-1.));
#3788=DIRECTION('center_axis',(0.,0.,-1.));
#3789=DIRECTION('ref_axis',(1.,-1.67844740730732E-14,0.));
#3790=DIRECTION('',(1.22464679914735E-16,-2.0705028427227E-30,-1.));
#3791=DIRECTION('center_axis',(0.,0.,-1.));
#3792=DIRECTION('ref_axis',(1.,-1.67844740730732E-14,0.));
#3793=DIRECTION('',(1.22464679914735E-16,-2.0705028427227E-30,-1.));
#3794=DIRECTION('center_axis',(0.,0.,-1.));
#3795=DIRECTION('ref_axis',(1.,-1.67844740730732E-14,0.));
#3796=DIRECTION('',(1.22464679914735E-16,-2.0705028427227E-30,-1.));
#3797=DIRECTION('center_axis',(0.,0.,-1.));
#3798=DIRECTION('ref_axis',(-0.502478896496647,-0.864589474013831,0.));
#3799=DIRECTION('',(1.22464679914735E-16,-2.0705028427227E-30,-1.));
#3800=DIRECTION('center_axis',(0.,0.,-1.));
#3801=DIRECTION('ref_axis',(1.,-1.67844740730732E-14,0.));
#3802=DIRECTION('center_axis',(0.,0.,-1.));
#3803=DIRECTION('ref_axis',(-0.290224640749802,0.956958545550249,0.));
#3804=DIRECTION('',(0.,0.,-1.));
#3805=DIRECTION('center_axis',(0.,0.,-1.));
#3806=DIRECTION('ref_axis',(1.,0.,0.));
#3807=DIRECTION('center_axis',(0.,0.,-1.));
#3808=DIRECTION('ref_axis',(1.,0.,0.));
#3809=DIRECTION('',(0.,0.,-1.));
#3810=DIRECTION('center_axis',(0.,0.,-1.));
#3811=DIRECTION('ref_axis',(1.,0.,0.));
#3812=DIRECTION('',(0.,0.,-1.));
#3813=DIRECTION('center_axis',(0.,0.,-1.));
#3814=DIRECTION('ref_axis',(1.,0.,0.));
#3815=DIRECTION('',(0.,0.,-1.));
#3816=DIRECTION('center_axis',(0.,0.,-1.));
#3817=DIRECTION('ref_axis',(1.,0.,0.));
#3818=DIRECTION('',(0.,0.,-1.));
#3819=DIRECTION('center_axis',(0.,0.,-1.));
#3820=DIRECTION('ref_axis',(1.,0.,0.));
#3821=DIRECTION('',(0.,0.,-1.));
#3822=DIRECTION('center_axis',(0.,0.,-1.));
#3823=DIRECTION('ref_axis',(1.,0.,0.));
#3824=DIRECTION('',(0.,0.,-1.));
#3825=DIRECTION('center_axis',(0.,0.,-1.));
#3826=DIRECTION('ref_axis',(0.957006964551979,-0.290064940658133,0.));
#3827=DIRECTION('',(0.,0.,-1.));
#3828=DIRECTION('center_axis',(0.,0.,-1.));
#3829=DIRECTION('ref_axis',(1.,0.,0.));
#3830=DIRECTION('center_axis',(0.,0.,-1.));
#3831=DIRECTION('ref_axis',(0.864661030964525,0.50235575196405,0.));
#3832=DIRECTION('',(1.22464679914735E-16,-2.30908827293386E-30,-1.));
#3833=DIRECTION('center_axis',(0.,0.,1.));
#3834=DIRECTION('ref_axis',(1.,-1.8732671956555E-14,0.));
#3835=DIRECTION('center_axis',(0.,0.,-1.));
#3836=DIRECTION('ref_axis',(1.,-1.8732671956555E-14,0.));
#3837=DIRECTION('',(1.22464679914735E-16,-2.30908827293386E-30,-1.));
#3838=DIRECTION('center_axis',(0.,0.,-1.));
#3839=DIRECTION('ref_axis',(1.,-1.8732671956555E-14,0.));
#3840=DIRECTION('',(1.22464679914735E-16,-2.30908827293386E-30,-1.));
#3841=DIRECTION('center_axis',(0.,0.,-1.));
#3842=DIRECTION('ref_axis',(1.,-1.8732671956555E-14,0.));
#3843=DIRECTION('',(1.22464679914735E-16,-2.30908827293386E-30,-1.));
#3844=DIRECTION('center_axis',(0.,0.,-1.));
#3845=DIRECTION('ref_axis',(1.,-1.8732671956555E-14,0.));
#3846=DIRECTION('',(1.22464679914735E-16,-2.30908827293386E-30,-1.));
#3847=DIRECTION('center_axis',(0.,0.,-1.));
#3848=DIRECTION('ref_axis',(1.,-1.8732671956555E-14,0.));
#3849=DIRECTION('',(1.22464679914735E-16,-2.30908827293386E-30,-1.));
#3850=DIRECTION('center_axis',(0.,0.,-1.));
#3851=DIRECTION('ref_axis',(1.,-1.8732671956555E-14,0.));
#3852=DIRECTION('',(1.22464679914735E-16,-2.30908827293386E-30,-1.));
#3853=DIRECTION('center_axis',(0.,0.,-1.));
#3854=DIRECTION('ref_axis',(-0.50247671947157,-0.864590739245505,0.));
#3855=DIRECTION('',(1.22464679914735E-16,-2.30908827293386E-30,-1.));
#3856=DIRECTION('center_axis',(0.,0.,-1.));
#3857=DIRECTION('ref_axis',(1.,-1.8732671956555E-14,0.));
#3858=DIRECTION('center_axis',(0.,0.,-1.));
#3859=DIRECTION('ref_axis',(-0.290224862611606,0.956958478264378,0.));
#3860=DIRECTION('',(0.,0.,-1.));
#3861=DIRECTION('center_axis',(0.,0.,-1.));
#3862=DIRECTION('ref_axis',(1.,0.,0.));
#3863=DIRECTION('center_axis',(0.,0.,-1.));
#3864=DIRECTION('ref_axis',(1.,0.,0.));
#3865=DIRECTION('',(0.,0.,-1.));
#3866=DIRECTION('center_axis',(0.,0.,-1.));
#3867=DIRECTION('ref_axis',(1.,0.,0.));
#3868=DIRECTION('',(0.,0.,-1.));
#3869=DIRECTION('center_axis',(0.,0.,-1.));
#3870=DIRECTION('ref_axis',(1.,0.,0.));
#3871=DIRECTION('',(0.,0.,-1.));
#3872=DIRECTION('center_axis',(0.,0.,-1.));
#3873=DIRECTION('ref_axis',(1.,0.,0.));
#3874=DIRECTION('',(0.,0.,-1.));
#3875=DIRECTION('center_axis',(0.,0.,-1.));
#3876=DIRECTION('ref_axis',(1.,0.,0.));
#3877=DIRECTION('',(0.,0.,-1.));
#3878=DIRECTION('center_axis',(0.,0.,-1.));
#3879=DIRECTION('ref_axis',(1.,0.,0.));
#3880=DIRECTION('',(0.,0.,-1.));
#3881=DIRECTION('center_axis',(0.,0.,-1.));
#3882=DIRECTION('ref_axis',(0.957006965649347,-0.290064937037606,0.));
#3883=DIRECTION('',(0.,0.,-1.));
#3884=DIRECTION('center_axis',(0.,0.,-1.));
#3885=DIRECTION('ref_axis',(1.,0.,0.));
#3886=DIRECTION('center_axis',(0.,0.,-1.));
#3887=DIRECTION('ref_axis',(0.864661027144879,0.502355758538471,0.));
#3888=DIRECTION('',(1.22464679914735E-16,-1.92673982708265E-30,-1.));
#3889=DIRECTION('center_axis',(0.,0.,1.));
#3890=DIRECTION('ref_axis',(1.,-1.56105599637957E-14,0.));
#3891=DIRECTION('center_axis',(0.,0.,-1.));
#3892=DIRECTION('ref_axis',(1.,-1.56105599637957E-14,0.));
#3893=DIRECTION('',(1.22464679914735E-16,-1.92673982708265E-30,-1.));
#3894=DIRECTION('center_axis',(0.,0.,-1.));
#3895=DIRECTION('ref_axis',(1.,-1.56105599637957E-14,0.));
#3896=DIRECTION('',(1.22464679914735E-16,-1.92673982708265E-30,-1.));
#3897=DIRECTION('center_axis',(0.,0.,-1.));
#3898=DIRECTION('ref_axis',(1.,-1.56105599637957E-14,0.));
#3899=DIRECTION('',(1.22464679914735E-16,-1.92673982708265E-30,-1.));
#3900=DIRECTION('center_axis',(0.,0.,-1.));
#3901=DIRECTION('ref_axis',(1.,-1.56105599637957E-14,0.));
#3902=DIRECTION('',(1.22464679914735E-16,-1.92673982708265E-30,-1.));
#3903=DIRECTION('center_axis',(0.,0.,-1.));
#3904=DIRECTION('ref_axis',(1.,-1.56105599637957E-14,0.));
#3905=DIRECTION('',(1.22464679914735E-16,-1.92673982708265E-30,-1.));
#3906=DIRECTION('center_axis',(0.,0.,-1.));
#3907=DIRECTION('ref_axis',(1.,-1.56105599637957E-14,0.));
#3908=DIRECTION('',(1.22464679914735E-16,-1.92673982708265E-30,-1.));
#3909=DIRECTION('center_axis',(0.,0.,-1.));
#3910=DIRECTION('ref_axis',(-0.502476716200667,-0.864590741146465,0.));
#3911=DIRECTION('',(1.22464679914735E-16,-1.92673982708265E-30,-1.));
#3912=DIRECTION('center_axis',(0.,0.,-1.));
#3913=DIRECTION('ref_axis',(1.,-1.56105599637957E-14,0.));
#3914=DIRECTION('center_axis',(0.,-1.,0.));
#3915=DIRECTION('ref_axis',(1.,0.,0.));
#3916=DIRECTION('center_axis',(0.,-1.,0.));
#3917=DIRECTION('ref_axis',(1.,0.,0.));
#3918=DIRECTION('',(0.707106781186546,0.707106781186549,8.65956056235491E-17));
#3919=DIRECTION('center_axis',(0.,1.,0.));
#3920=DIRECTION('ref_axis',(1.,0.,0.));
#3921=DIRECTION('center_axis',(0.,-1.,0.));
#3922=DIRECTION('ref_axis',(1.,0.,0.));
#3923=DIRECTION('',(1.,0.,0.));
#3924=DIRECTION('',(0.,0.,1.));
#3925=DIRECTION('',(-1.,0.,0.));
#3926=DIRECTION('',(0.,0.,1.));
#3927=DIRECTION('center_axis',(0.,1.,0.));
#3928=DIRECTION('ref_axis',(1.,0.,0.));
#3929=DIRECTION('',(0.,1.,0.));
#3930=DIRECTION('center_axis',(0.,-1.,0.));
#3931=DIRECTION('ref_axis',(1.,0.,0.));
#3932=DIRECTION('center_axis',(0.,0.,-1.));
#3933=DIRECTION('ref_axis',(0.,1.,0.));
#3934=DIRECTION('',(0.70710678118655,0.,0.707106781186545));
#3935=DIRECTION('center_axis',(0.,0.,-1.));
#3936=DIRECTION('ref_axis',(0.,1.,0.));
#3937=DIRECTION('',(0.,0.70710678118655,-0.707106781186545));
#3938=DIRECTION('center_axis',(0.,0.,1.));
#3939=DIRECTION('ref_axis',(0.,1.,0.));
#3940=DIRECTION('center_axis',(-0.707106781186548,0.,0.707106781186548));
#3941=DIRECTION('ref_axis',(0.707106781186548,0.,0.707106781186548));
#3942=DIRECTION('',(0.707106781186547,-2.47258654910831E-15,0.707106781186547));
#3943=DIRECTION('',(0.,1.,0.));
#3944=DIRECTION('',(0.,-1.,0.));
#3945=DIRECTION('center_axis',(0.,0.,-1.));
#3946=DIRECTION('ref_axis',(-1.,0.,0.));
#3947=DIRECTION('',(0.,0.70710678118655,0.707106781186545));
#3948=DIRECTION('center_axis',(0.,0.,-1.));
#3949=DIRECTION('ref_axis',(-1.,0.,0.));
#3950=DIRECTION('center_axis',(0.,0.,1.));
#3951=DIRECTION('ref_axis',(-1.,0.,0.));
#3952=DIRECTION('center_axis',(0.,-0.707106781186548,0.707106781186548));
#3953=DIRECTION('ref_axis',(1.,0.,0.));
#3954=DIRECTION('',(-2.47258654910831E-15,0.707106781186547,0.707106781186547));
#3955=DIRECTION('',(-1.,0.,0.));
#3956=DIRECTION('center_axis',(0.,0.,-1.));
#3957=DIRECTION('ref_axis',(0.,-1.,0.));
#3958=DIRECTION('',(-0.70710678118655,0.,0.707106781186545));
#3959=DIRECTION('center_axis',(0.,0.,-1.));
#3960=DIRECTION('ref_axis',(0.,-1.,0.));
#3961=DIRECTION('center_axis',(0.,0.,1.));
#3962=DIRECTION('ref_axis',(0.,-1.,0.));
#3963=DIRECTION('center_axis',(0.707106781186548,-8.24195516369436E-17,
0.707106781186548));
#3964=DIRECTION('ref_axis',(0.707106781186548,0.,-0.707106781186548));
#3965=DIRECTION('',(-0.707106781186547,0.,0.707106781186547));
#3966=DIRECTION('',(-1.16558847729675E-16,-1.,0.));
#3967=DIRECTION('',(1.16558847729675E-16,1.,0.));
#3968=DIRECTION('center_axis',(0.,0.,-1.));
#3969=DIRECTION('ref_axis',(1.,0.,0.));
#3970=DIRECTION('',(0.,-0.70710678118655,0.707106781186545));
#3971=DIRECTION('center_axis',(0.,0.,-1.));
#3972=DIRECTION('ref_axis',(1.,0.,0.));
#3973=DIRECTION('center_axis',(0.,0.,1.));
#3974=DIRECTION('ref_axis',(1.,0.,0.));
#3975=DIRECTION('center_axis',(8.24195516369436E-17,0.707106781186548,0.707106781186548));
#3976=DIRECTION('ref_axis',(1.,0.,-1.16558847729675E-16));
#3977=DIRECTION('',(1.,-1.16558847729675E-16,0.));
#3978=DIRECTION('',(-1.,1.16558847729675E-16,0.));
#3979=DIRECTION('center_axis',(0.,0.,1.));
#3980=DIRECTION('ref_axis',(-1.,0.,0.));
#3981=DIRECTION('',(0.,0.,1.));
#3982=DIRECTION('center_axis',(0.,0.,1.));
#3983=DIRECTION('ref_axis',(-1.,0.,0.));
#3984=DIRECTION('center_axis',(-1.,0.,0.));
#3985=DIRECTION('ref_axis',(0.,-1.,0.));
#3986=DIRECTION('',(0.,0.,1.));
#3987=DIRECTION('',(0.,1.,0.));
#3988=DIRECTION('center_axis',(0.,0.,1.));
#3989=DIRECTION('ref_axis',(0.,1.,0.));
#3990=DIRECTION('',(0.,0.,1.));
#3991=DIRECTION('center_axis',(0.,0.,1.));
#3992=DIRECTION('ref_axis',(0.,1.,0.));
#3993=DIRECTION('center_axis',(0.,0.,1.));
#3994=DIRECTION('ref_axis',(1.,0.,0.));
#3995=DIRECTION('',(-1.,1.16558847729675E-16,0.));
#3996=DIRECTION('center_axis',(0.,0.,1.));
#3997=DIRECTION('ref_axis',(1.,0.,0.));
#3998=DIRECTION('',(1.16558847729675E-16,1.,0.));
#3999=DIRECTION('center_axis',(0.,0.,1.));
#4000=DIRECTION('ref_axis',(0.,-1.,0.));
#4001=DIRECTION('',(1.,0.,0.));
#4002=DIRECTION('center_axis',(0.,0.,1.));
#4003=DIRECTION('ref_axis',(-1.,0.,0.));
#4004=DIRECTION('',(0.,-1.,0.));
#4005=DIRECTION('center_axis',(0.,0.,1.));
#4006=DIRECTION('ref_axis',(0.,1.,0.));
#4007=DIRECTION('center_axis',(-8.24195516369436E-17,-0.707106781186548,
0.707106781186548));
#4008=DIRECTION('ref_axis',(1.,0.,1.16558847729675E-16));
#4009=DIRECTION('',(0.,0.707106781186545,0.70710678118655));
#4010=DIRECTION('',(0.,-0.707106781186547,-0.707106781186547));
#4011=DIRECTION('',(1.,-1.16558847729675E-16,0.));
#4012=DIRECTION('center_axis',(0.,0.,1.));
#4013=DIRECTION('ref_axis',(1.,0.,0.));
#4014=DIRECTION('',(0.70710678118655,0.,0.707106781186545));
#4015=DIRECTION('center_axis',(0.,0.,-1.));
#4016=DIRECTION('ref_axis',(1.,0.,0.));
#4017=DIRECTION('center_axis',(-0.707106781186548,8.24195516369436E-17,
0.707106781186548));
#4018=DIRECTION('ref_axis',(0.707106781186548,0.,0.707106781186548));
#4019=DIRECTION('',(0.70710678118655,0.,0.707106781186545));
#4020=DIRECTION('',(-1.16558847729675E-16,-1.,0.));
#4021=DIRECTION('center_axis',(0.,0.,1.));
#4022=DIRECTION('ref_axis',(0.,-1.,0.));
#4023=DIRECTION('',(0.,-0.70710678118655,0.707106781186545));
#4024=DIRECTION('center_axis',(0.,0.,-1.));
#4025=DIRECTION('ref_axis',(0.,-1.,0.));
#4026=DIRECTION('center_axis',(0.,0.707106781186548,0.707106781186548));
#4027=DIRECTION('ref_axis',(1.,0.,0.));
#4028=DIRECTION('',(0.,-0.707106781186547,0.707106781186547));
#4029=DIRECTION('',(-1.,0.,0.));
#4030=DIRECTION('center_axis',(0.,0.,1.));
#4031=DIRECTION('ref_axis',(-1.,0.,0.));
#4032=DIRECTION('',(-0.70710678118655,0.,0.707106781186545));
#4033=DIRECTION('center_axis',(0.,0.,-1.));
#4034=DIRECTION('ref_axis',(-1.,0.,0.));
#4035=DIRECTION('center_axis',(0.707106781186548,0.,0.707106781186548));
#4036=DIRECTION('ref_axis',(0.707106781186548,0.,-0.707106781186548));
#4037=DIRECTION('',(-0.707106781186545,0.,0.70710678118655));
#4038=DIRECTION('',(0.,1.,0.));
#4039=DIRECTION('center_axis',(0.,0.,1.));
#4040=DIRECTION('ref_axis',(0.,1.,0.));
#4041=DIRECTION('center_axis',(0.,0.,-1.));
#4042=DIRECTION('ref_axis',(0.,1.,0.));
#4043=DIRECTION('center_axis',(0.,0.,1.));
#4044=DIRECTION('ref_axis',(0.,-1.,0.));
#4045=DIRECTION('',(0.,0.,1.));
#4046=DIRECTION('center_axis',(0.,0.,1.));
#4047=DIRECTION('ref_axis',(0.,-1.,0.));
#4048=DIRECTION('',(0.,0.,1.));
#4049=DIRECTION('center_axis',(1.,-1.16558847729675E-16,0.));
#4050=DIRECTION('ref_axis',(1.16558847729675E-16,1.,0.));
#4051=DIRECTION('',(0.,0.,1.));
#4052=DIRECTION('',(1.16558847729675E-16,1.,0.));
#4053=DIRECTION('center_axis',(1.,-1.16558847729675E-16,0.));
#4054=DIRECTION('ref_axis',(-1.77906313911083E-17,0.,-1.));
#4055=DIRECTION('',(1.16558847729675E-16,1.,3.77933233547731E-16));
#4056=DIRECTION('center_axis',(1.,-1.16558847729675E-16,0.));
#4057=DIRECTION('ref_axis',(1.77906313911081E-17,-1.00639008785942E-16,
-1.));
#4058=DIRECTION('',(0.,0.,1.));
#4059=DIRECTION('center_axis',(1.,-1.16558847729675E-16,0.));
#4060=DIRECTION('ref_axis',(-6.72116847596191E-31,-5.20764762904712E-16,
1.));
#4061=DIRECTION('',(-1.16558847729675E-16,-1.,9.889841625548E-17));
#4062=DIRECTION('center_axis',(1.,-1.16558847729675E-16,0.));
#4063=DIRECTION('ref_axis',(6.43208596086678E-31,2.60382381452356E-16,1.));
#4064=DIRECTION('',(0.,0.,-1.));
#4065=DIRECTION('center_axis',(0.,0.,1.));
#4066=DIRECTION('ref_axis',(1.,0.,0.));
#4067=DIRECTION('',(0.,0.,1.));
#4068=DIRECTION('center_axis',(0.,0.,1.));
#4069=DIRECTION('ref_axis',(1.,0.,0.));
#4070=DIRECTION('center_axis',(1.16558847729675E-16,1.,0.));
#4071=DIRECTION('ref_axis',(-1.,1.16558847729675E-16,0.));
#4072=DIRECTION('',(0.,0.,1.));
#4073=DIRECTION('',(-1.,1.16558847729675E-16,0.));
#4074=DIRECTION('center_axis',(1.16558847729675E-16,1.,0.));
#4075=DIRECTION('ref_axis',(0.,-1.77906313911083E-17,-1.));
#4076=DIRECTION('',(-1.,1.16558847729675E-16,1.79392010049601E-16));
#4077=DIRECTION('center_axis',(1.16558847729675E-16,1.,0.));
#4078=DIRECTION('ref_axis',(1.00639008785942E-16,1.77906313911081E-17,-1.));
#4079=DIRECTION('',(0.,0.,1.));
#4080=DIRECTION('center_axis',(1.16558847729675E-16,1.,0.));
#4081=DIRECTION('ref_axis',(5.20764762904712E-16,-6.72116847596191E-31,
1.));
#4082=DIRECTION('',(1.,-1.16558847729675E-16,4.69437035643812E-17));
#4083=DIRECTION('center_axis',(1.16558847729675E-16,1.,0.));
#4084=DIRECTION('ref_axis',(-2.60382381452356E-16,6.43208596086678E-31,
1.));
#4085=DIRECTION('',(0.,0.,-1.));
#4086=DIRECTION('center_axis',(0.,0.,1.));
#4087=DIRECTION('ref_axis',(1.,0.,0.));
#4088=DIRECTION('center_axis',(0.,0.294713348676347,0.955585706314182));
#4089=DIRECTION('ref_axis',(0.,0.955585706314182,-0.294713348676347));
#4090=DIRECTION('center_axis',(0.,0.7625091353728,-0.646977448195086));
#4091=DIRECTION('ref_axis',(1.,0.,0.));
#4092=DIRECTION('center_axis',(1.,-1.57082657025221E-15,-4.58531727206649E-16));
#4093=DIRECTION('ref_axis',(1.36592399683215E-15,0.646977448195086,0.7625091353728));
#4094=DIRECTION('center_axis',(0.,0.,1.));
#4095=DIRECTION('ref_axis',(1.,0.,0.));
#4096=DIRECTION('center_axis',(0.,0.7625091353728,-0.646977448195086));
#4097=DIRECTION('ref_axis',(0.,0.646977448195086,0.7625091353728));
#4098=DIRECTION('center_axis',(0.,0.294713348676347,0.955585706314182));
#4099=DIRECTION('ref_axis',(-1.,0.,0.));
#4100=DIRECTION('center_axis',(-1.,1.57082657025221E-15,4.58531727206649E-16));
#4101=DIRECTION('ref_axis',(1.36592399683212E-15,0.955585706314182,-0.294713348676347));
#4102=DIRECTION('center_axis',(1.,-6.12323399573677E-17,0.));
#4103=DIRECTION('ref_axis',(5.87792833596115E-17,0.9599385455551,0.280210614998004));
#4104=DIRECTION('',(1.,-6.12323399573677E-17,0.));
#4105=DIRECTION('',(-1.,6.12323399573677E-17,0.));
#4106=DIRECTION('center_axis',(-1.80459879561239E-17,-0.29471334867634,
-0.955585706314184));
#4107=DIRECTION('ref_axis',(-0.707106781186544,0.675701132939698,-0.208393807355241));
#4108=DIRECTION('',(-1.80459879561239E-17,-0.29471334867634,-0.955585706314184));
#4109=DIRECTION('',(1.80459879561239E-17,0.29471334867634,0.955585706314184));
#4110=DIRECTION('center_axis',(4.66902185977456E-17,0.762509135372798,-0.646977448195089));
#4111=DIRECTION('ref_axis',(-0.707106781186552,0.45748214089351,0.539175380338794));
#4112=DIRECTION('',(-4.66902185977456E-17,-0.762509135372798,0.646977448195089));
#4113=DIRECTION('',(4.66902185977456E-17,0.762509135372798,-0.646977448195089));
#4114=DIRECTION('center_axis',(-4.66902185977456E-17,-0.762509135372798,
0.646977448195089));
#4115=DIRECTION('ref_axis',(0.707106781186552,0.45748214089351,0.539175380338794));
#4116=DIRECTION('',(-4.66902185977456E-17,-0.762509135372798,0.646977448195089));
#4117=DIRECTION('',(4.66902185977456E-17,0.762509135372798,-0.646977448195089));
#4118=DIRECTION('center_axis',(1.80459879561239E-17,0.29471334867634,0.955585706314184));
#4119=DIRECTION('ref_axis',(0.707106781186544,0.675701132939698,-0.208393807355241));
#4120=DIRECTION('',(-1.80459879561239E-17,-0.29471334867634,-0.955585706314184));
#4121=DIRECTION('',(1.80459879561239E-17,0.29471334867634,0.955585706314184));
#4122=DIRECTION('center_axis',(-1.,6.12323399573677E-17,0.));
#4123=DIRECTION('ref_axis',(0.,0.,1.));
#4124=DIRECTION('center_axis',(5.85127488274314E-17,0.955585706314184,-0.29471334867634));
#4125=DIRECTION('ref_axis',(-1.80459879561239E-17,-0.29471334867634,-0.955585706314184));
#4126=DIRECTION('center_axis',(0.,0.,1.));
#4127=DIRECTION('ref_axis',(1.,0.,0.));
#4128=DIRECTION('center_axis',(-0.294713348676347,0.,0.955585706314182));
#4129=DIRECTION('ref_axis',(-0.955585706314182,0.,-0.294713348676347));
#4130=DIRECTION('center_axis',(-0.7625091353728,0.,-0.646977448195086));
#4131=DIRECTION('ref_axis',(0.,1.,0.));
#4132=DIRECTION('center_axis',(0.,1.,0.));
#4133=DIRECTION('ref_axis',(-0.646977448195086,0.,0.7625091353728));
#4134=DIRECTION('center_axis',(0.,0.,1.));
#4135=DIRECTION('ref_axis',(1.,0.,0.));
#4136=DIRECTION('center_axis',(-0.7625091353728,0.,-0.646977448195086));
#4137=DIRECTION('ref_axis',(-0.646977448195086,0.,0.7625091353728));
#4138=DIRECTION('center_axis',(-0.294713348676347,0.,0.955585706314182));
#4139=DIRECTION('ref_axis',(0.,-1.,0.));
#4140=DIRECTION('center_axis',(0.,-1.,0.));
#4141=DIRECTION('ref_axis',(-0.955585706314182,0.,-0.294713348676347));
#4142=DIRECTION('center_axis',(1.22464679914735E-16,1.,0.));
#4143=DIRECTION('ref_axis',(-0.9599385455551,1.17558566719223E-16,0.280210614998004));
#4144=DIRECTION('',(1.22464679914735E-16,1.,0.));
#4145=DIRECTION('',(-1.22464679914735E-16,-1.,0.));
#4146=DIRECTION('center_axis',(0.29471334867634,-3.60919759122478E-17,-0.955585706314184));
#4147=DIRECTION('ref_axis',(-0.675701132939698,-0.707106781186544,-0.208393807355241));
#4148=DIRECTION('center_axis',(-1.,0.,0.));
#4149=DIRECTION('ref_axis',(0.,2.51597521964855E-17,-1.));
#4150=DIRECTION('',(0.29471334867634,-3.60919759122478E-17,-0.955585706314184));
#4151=DIRECTION('',(-0.29471334867634,3.60919759122478E-17,0.955585706314184));
#4152=DIRECTION('center_axis',(-0.762509135372798,9.33804371954913E-17,
-0.646977448195089));
#4153=DIRECTION('ref_axis',(-0.45748214089351,-0.707106781186552,0.539175380338794));
#4154=DIRECTION('center_axis',(-1.,0.,0.));
#4155=DIRECTION('ref_axis',(0.,1.95286786089267E-16,1.));
#4156=DIRECTION('',(0.762509135372798,-9.33804371954913E-17,0.646977448195089));
#4157=DIRECTION('',(-0.762509135372798,9.33804371954913E-17,-0.646977448195089));
#4158=DIRECTION('center_axis',(0.762509135372798,-9.33804371954913E-17,
0.646977448195089));
#4159=DIRECTION('ref_axis',(-0.45748214089351,0.707106781186552,0.539175380338794));
#4160=DIRECTION('center_axis',(-1.,0.,0.));
#4161=DIRECTION('ref_axis',(0.,-5.85860358267801E-16,1.));
#4162=DIRECTION('',(0.762509135372798,-9.33804371954913E-17,0.646977448195089));
#4163=DIRECTION('',(-0.762509135372798,9.33804371954913E-17,-0.646977448195089));
#4164=DIRECTION('center_axis',(-0.29471334867634,3.60919759122478E-17,0.955585706314184));
#4165=DIRECTION('ref_axis',(-0.675701132939698,0.707106781186544,-0.208393807355241));
#4166=DIRECTION('center_axis',(-1.,0.,0.));
#4167=DIRECTION('ref_axis',(0.,-1.00639008785942E-16,-1.));
#4168=DIRECTION('',(0.29471334867634,-3.60919759122478E-17,-0.955585706314184));
#4169=DIRECTION('',(-0.29471334867634,3.60919759122478E-17,0.955585706314184));
#4170=DIRECTION('center_axis',(-1.22464679914735E-16,-1.,0.));
#4171=DIRECTION('ref_axis',(0.,0.,1.));
#4172=DIRECTION('',(0.,0.,1.));
#4173=DIRECTION('center_axis',(-0.955585706314184,1.17025497654863E-16,
-0.29471334867634));
#4174=DIRECTION('ref_axis',(0.29471334867634,-3.60919759122478E-17,-0.955585706314184));
#4175=DIRECTION('',(0.,-1.,-3.97082446996259E-16));
#4176=DIRECTION('center_axis',(0.,0.,1.));
#4177=DIRECTION('ref_axis',(1.,0.,0.));
#4178=DIRECTION('center_axis',(0.,-0.294713348676347,0.955585706314182));
#4179=DIRECTION('ref_axis',(0.,-0.955585706314182,-0.294713348676347));
#4180=DIRECTION('center_axis',(0.,-0.7625091353728,-0.646977448195086));
#4181=DIRECTION('ref_axis',(-1.,0.,0.));
#4182=DIRECTION('center_axis',(-1.,1.57082657025221E-15,-4.58531727206649E-16));
#4183=DIRECTION('ref_axis',(-1.36592399683215E-15,-0.646977448195086,0.7625091353728));
#4184=DIRECTION('center_axis',(0.,0.,1.));
#4185=DIRECTION('ref_axis',(1.,0.,0.));
#4186=DIRECTION('center_axis',(0.,-0.7625091353728,-0.646977448195086));
#4187=DIRECTION('ref_axis',(0.,-0.646977448195086,0.7625091353728));
#4188=DIRECTION('center_axis',(0.,-0.294713348676347,0.955585706314182));
#4189=DIRECTION('ref_axis',(1.,0.,0.));
#4190=DIRECTION('center_axis',(1.,-1.57082657025221E-15,4.58531727206649E-16));
#4191=DIRECTION('ref_axis',(-1.36592399683212E-15,-0.955585706314182,-0.294713348676347));
#4192=DIRECTION('center_axis',(-1.,1.83697019872103E-16,0.));
#4193=DIRECTION('ref_axis',(-1.76337850078832E-16,-0.9599385455551,0.280210614998004));
#4194=DIRECTION('',(-1.,1.83697019872103E-16,0.));
#4195=DIRECTION('',(1.,-1.83697019872103E-16,-7.26524496929792E-33));
#4196=DIRECTION('center_axis',(5.41379638683717E-17,0.29471334867634,-0.955585706314184));
#4197=DIRECTION('ref_axis',(0.707106781186544,-0.675701132939698,-0.208393807355241));
#4198=DIRECTION('center_axis',(0.,-1.,0.));
#4199=DIRECTION('ref_axis',(-2.51597521964855E-17,0.,-1.));
#4200=DIRECTION('',(5.41379638683716E-17,0.29471334867634,-0.955585706314184));
#4201=DIRECTION('',(-5.41379638683716E-17,-0.29471334867634,0.955585706314184));
#4202=DIRECTION('center_axis',(-1.40070655793237E-16,-0.762509135372798,
-0.646977448195089));
#4203=DIRECTION('ref_axis',(0.707106781186552,-0.45748214089351,0.539175380338794));
#4204=DIRECTION('center_axis',(0.,-1.,0.));
#4205=DIRECTION('ref_axis',(-1.95286786089267E-16,0.,1.));
#4206=DIRECTION('',(1.40070655793237E-16,0.762509135372798,0.646977448195089));
#4207=DIRECTION('',(-1.40070655793237E-16,-0.762509135372798,-0.646977448195089));
#4208=DIRECTION('center_axis',(1.40070655793237E-16,0.762509135372798,0.646977448195089));
#4209=DIRECTION('ref_axis',(-0.707106781186552,-0.45748214089351,0.539175380338794));
#4210=DIRECTION('center_axis',(0.,-1.,0.));
#4211=DIRECTION('ref_axis',(5.85860358267801E-16,0.,1.));
#4212=DIRECTION('',(1.40070655793237E-16,0.762509135372798,0.646977448195089));
#4213=DIRECTION('',(-1.40070655793237E-16,-0.762509135372798,-0.646977448195089));
#4214=DIRECTION('center_axis',(-5.41379638683717E-17,-0.29471334867634,
0.955585706314184));
#4215=DIRECTION('ref_axis',(-0.707106781186544,-0.675701132939698,-0.208393807355241));
#4216=DIRECTION('center_axis',(0.,-1.,0.));
#4217=DIRECTION('ref_axis',(1.00639008785942E-16,0.,-1.));
#4218=DIRECTION('',(5.41379638683716E-17,0.29471334867634,-0.955585706314184));
#4219=DIRECTION('',(-5.41379638683717E-17,-0.29471334867634,0.955585706314184));
#4220=DIRECTION('center_axis',(1.,-1.83697019872103E-16,0.));
#4221=DIRECTION('ref_axis',(0.,0.,1.));
#4222=DIRECTION('',(0.,0.,1.));
#4223=DIRECTION('center_axis',(-1.75538246482294E-16,-0.955585706314184,
-0.29471334867634));
#4224=DIRECTION('ref_axis',(5.41379638683716E-17,0.29471334867634,-0.955585706314184));
#4225=DIRECTION('',(1.,0.,-5.95623670494388E-16));
#4226=DIRECTION('center_axis',(0.,0.,1.));
#4227=DIRECTION('ref_axis',(1.,0.,0.));
#4228=DIRECTION('center_axis',(0.294713348676347,0.,0.955585706314182));
#4229=DIRECTION('ref_axis',(0.955585706314182,0.,-0.294713348676347));
#4230=DIRECTION('center_axis',(0.7625091353728,0.,-0.646977448195086));
#4231=DIRECTION('ref_axis',(0.,-1.,0.));
#4232=DIRECTION('center_axis',(0.,-1.,0.));
#4233=DIRECTION('ref_axis',(0.646977448195086,0.,0.7625091353728));
#4234=DIRECTION('center_axis',(0.,0.,1.));
#4235=DIRECTION('ref_axis',(1.,0.,0.));
#4236=DIRECTION('center_axis',(0.7625091353728,0.,-0.646977448195086));
#4237=DIRECTION('ref_axis',(0.646977448195086,0.,0.7625091353728));
#4238=DIRECTION('center_axis',(0.294713348676347,0.,0.955585706314182));
#4239=DIRECTION('ref_axis',(0.,1.,0.));
#4240=DIRECTION('center_axis',(0.,1.,0.));
#4241=DIRECTION('ref_axis',(0.955585706314182,0.,-0.294713348676347));
#4242=DIRECTION('center_axis',(0.,-1.,0.));
#4243=DIRECTION('ref_axis',(0.9599385455551,0.,0.280210614998004));
#4244=DIRECTION('',(0.,-1.,0.));
#4245=DIRECTION('',(0.,1.,0.));
#4246=DIRECTION('center_axis',(-0.29471334867634,0.,-0.955585706314184));
#4247=DIRECTION('ref_axis',(0.675701132939698,0.707106781186544,-0.208393807355241));
#4248=DIRECTION('',(-0.29471334867634,0.,-0.955585706314184));
#4249=DIRECTION('',(0.29471334867634,0.,0.955585706314184));
#4250=DIRECTION('center_axis',(0.762509135372798,0.,-0.646977448195089));
#4251=DIRECTION('ref_axis',(0.45748214089351,0.707106781186552,0.539175380338794));
#4252=DIRECTION('',(-0.762509135372798,0.,0.646977448195089));
#4253=DIRECTION('',(0.762509135372798,0.,-0.646977448195089));
#4254=DIRECTION('center_axis',(-0.762509135372798,0.,0.646977448195089));
#4255=DIRECTION('ref_axis',(0.45748214089351,-0.707106781186552,0.539175380338794));
#4256=DIRECTION('',(-0.762509135372798,0.,0.646977448195089));
#4257=DIRECTION('',(0.762509135372798,0.,-0.646977448195089));
#4258=DIRECTION('center_axis',(0.29471334867634,0.,0.955585706314184));
#4259=DIRECTION('ref_axis',(0.675701132939698,-0.707106781186544,-0.208393807355241));
#4260=DIRECTION('',(-0.29471334867634,0.,-0.955585706314184));
#4261=DIRECTION('',(0.29471334867634,0.,0.955585706314184));
#4262=DIRECTION('center_axis',(0.,1.,0.));
#4263=DIRECTION('ref_axis',(0.,0.,1.));
#4264=DIRECTION('center_axis',(0.955585706314184,0.,-0.29471334867634));
#4265=DIRECTION('ref_axis',(-0.29471334867634,0.,-0.955585706314184));
#4266=DIRECTION('center_axis',(-1.18847829157896E-16,-0.646977448195089,
0.762509135372798));
#4267=DIRECTION('ref_axis',(-1.40070655793237E-16,-0.762509135372798,-0.646977448195089));
#4268=DIRECTION('',(-1.,0.,-1.55864138073296E-16));
#4269=DIRECTION('center_axis',(-1.,1.83697019872103E-16,0.));
#4270=DIRECTION('ref_axis',(0.,0.,-1.));
#4271=DIRECTION('',(0.,0.,-1.));
#4272=DIRECTION('center_axis',(-0.646977448195089,7.92318861052638E-17,
0.762509135372798));
#4273=DIRECTION('ref_axis',(-0.762509135372798,9.33804371954913E-17,-0.646977448195089));
#4274=DIRECTION('',(0.,1.,-1.03909425382198E-16));
#4275=DIRECTION('center_axis',(1.22464679914735E-16,1.,0.));
#4276=DIRECTION('ref_axis',(0.,0.,-1.));
#4277=DIRECTION('',(0.,0.,-1.));
#4278=DIRECTION('center_axis',(3.96159430526319E-17,0.646977448195089,0.762509135372798));
#4279=DIRECTION('ref_axis',(4.66902185977456E-17,0.762509135372798,-0.646977448195089));
#4280=DIRECTION('center_axis',(1.,-6.12323399573677E-17,0.));
#4281=DIRECTION('ref_axis',(0.,0.,-1.));
#4282=DIRECTION('center_axis',(0.646977448195089,0.,0.762509135372798));
#4283=DIRECTION('ref_axis',(0.762509135372798,0.,-0.646977448195089));
#4284=DIRECTION('center_axis',(0.,-1.,0.));
#4285=DIRECTION('ref_axis',(0.,0.,-1.));
#4286=DIRECTION('center_axis',(0.,0.,1.));
#4287=DIRECTION('ref_axis',(-1.,0.,0.));
#4288=DIRECTION('',(0.,0.,1.));
#4289=DIRECTION('center_axis',(0.,0.,1.));
#4290=DIRECTION('ref_axis',(-1.,0.,0.));
#4291=DIRECTION('',(0.,0.,1.));
#4292=DIRECTION('center_axis',(0.,-1.,0.));
#4293=DIRECTION('ref_axis',(1.,0.,0.));
#4294=DIRECTION('',(1.,0.,0.));
#4295=DIRECTION('center_axis',(0.,0.,-1.));
#4296=DIRECTION('ref_axis',(1.,0.,0.));
#4297=DIRECTION('center_axis',(0.,0.,-1.));
#4298=DIRECTION('ref_axis',(1.,0.,0.));
#4299=DIRECTION('',(0.478983094179785,0.,-0.877824125602594));
#4300=DIRECTION('center_axis',(0.,0.,-1.));
#4301=DIRECTION('ref_axis',(1.,0.,0.));
#4302=DIRECTION('',(-3.25910458082702E-16,-0.478983094179784,-0.877824125602595));
#4303=DIRECTION('center_axis',(0.,0.877824125602595,-0.478983094179784));
#4304=DIRECTION('ref_axis',(0.,0.478983094179784,0.877824125602595));
#4305=DIRECTION('',(-1.,0.,0.));
#4306=DIRECTION('',(-1.,0.,0.));
#4307=DIRECTION('',(3.25910458082702E-16,-0.478983094179784,-0.877824125602595));
#4308=DIRECTION('center_axis',(0.,0.,-1.));
#4309=DIRECTION('ref_axis',(-1.,0.,0.));
#4310=DIRECTION('center_axis',(0.,0.,-1.));
#4311=DIRECTION('ref_axis',(-1.,0.,0.));
#4312=DIRECTION('center_axis',(0.,0.,-1.));
#4313=DIRECTION('ref_axis',(-1.,0.,0.));
#4314=DIRECTION('',(-0.478983094179784,0.,-0.877824125602595));
#4315=DIRECTION('center_axis',(0.877824125602595,0.,-0.478983094179784));
#4316=DIRECTION('ref_axis',(-0.478983094179784,0.,-0.877824125602595));
#4317=DIRECTION('',(0.,1.,0.));
#4318=DIRECTION('',(0.,1.,0.));
#4319=DIRECTION('',(-0.478983094179785,0.,-0.877824125602594));
#4320=DIRECTION('center_axis',(0.,0.,-1.));
#4321=DIRECTION('ref_axis',(-1.,0.,0.));
#4322=DIRECTION('center_axis',(0.,0.,-1.));
#4323=DIRECTION('ref_axis',(-1.,0.,0.));
#4324=DIRECTION('center_axis',(0.,0.,-1.));
#4325=DIRECTION('ref_axis',(-1.,0.,0.));
#4326=DIRECTION('',(0.,0.478983094179784,-0.877824125602595));
#4327=DIRECTION('center_axis',(0.,-0.877824125602595,-0.478983094179784));
#4328=DIRECTION('ref_axis',(0.,0.478983094179784,-0.877824125602595));
#4329=DIRECTION('',(1.,0.,0.));
#4330=DIRECTION('',(1.,0.,0.));
#4331=DIRECTION('',(0.,-0.478983094179784,0.877824125602595));
#4332=DIRECTION('center_axis',(0.,0.,-1.));
#4333=DIRECTION('ref_axis',(1.,0.,0.));
#4334=DIRECTION('center_axis',(0.,0.,-1.));
#4335=DIRECTION('ref_axis',(1.,0.,0.));
#4336=DIRECTION('center_axis',(0.,0.,-1.));
#4337=DIRECTION('ref_axis',(1.,0.,0.));
#4338=DIRECTION('',(0.478983094179784,0.,-0.877824125602595));
#4339=DIRECTION('center_axis',(-0.877824125602595,0.,-0.478983094179784));
#4340=DIRECTION('ref_axis',(-0.478983094179784,0.,0.877824125602595));
#4341=DIRECTION('',(0.,1.,0.));
#4342=DIRECTION('',(0.,-1.,0.));
#4343=DIRECTION('center_axis',(0.,0.,1.));
#4344=DIRECTION('ref_axis',(1.,0.,0.));
#4345=DIRECTION('',(1.,-1.16558847729675E-16,0.));
#4346=DIRECTION('center_axis',(0.,0.,1.));
#4347=DIRECTION('ref_axis',(1.,0.,0.));
#4348=DIRECTION('',(-1.16558847729675E-16,-1.,0.));
#4349=DIRECTION('center_axis',(0.,0.,1.));
#4350=DIRECTION('ref_axis',(0.,-1.,0.));
#4351=DIRECTION('center_axis',(0.,0.,1.));
#4352=DIRECTION('ref_axis',(1.,0.,0.));
#4353=DIRECTION('center_axis',(0.,0.,-1.));
#4354=DIRECTION('ref_axis',(1.,0.,0.));
#4355=DIRECTION('center_axis',(0.,0.,-1.));
#4356=DIRECTION('ref_axis',(1.,0.,0.));
#4357=DIRECTION('center_axis',(0.,0.,-1.));
#4358=DIRECTION('ref_axis',(1.,-1.56105599637957E-14,0.));
#4359=DIRECTION('center_axis',(0.,0.,1.));
#4360=DIRECTION('ref_axis',(1.,0.,0.));
#4361=DIRECTION('',(0.857167300702112,-1.04972719113862E-16,-0.515038074910054));
#4362=DIRECTION('center_axis',(0.,0.,-1.));
#4363=DIRECTION('ref_axis',(1.,0.,0.));
#4364=DIRECTION('center_axis',(0.,0.,1.));
#4365=DIRECTION('ref_axis',(1.,0.,0.));
#4366=DIRECTION('center_axis',(0.,0.,-1.));
#4367=DIRECTION('ref_axis',(1.,0.,0.));
#4368=DIRECTION('center_axis',(0.,0.,-1.));
#4369=DIRECTION('ref_axis',(1.,0.,0.));
#4370=DIRECTION('center_axis',(0.,0.,-1.));
#4371=DIRECTION('ref_axis',(1.,-1.8732671956555E-14,0.));
#4372=DIRECTION('center_axis',(0.,0.,1.));
#4373=DIRECTION('ref_axis',(1.,0.,0.));
#4374=DIRECTION('',(0.857167300702112,-1.04972719113862E-16,-0.515038074910054));
#4375=DIRECTION('center_axis',(0.,0.,-1.));
#4376=DIRECTION('ref_axis',(1.,0.,0.));
#4377=DIRECTION('center_axis',(0.,0.,1.));
#4378=DIRECTION('ref_axis',(1.,0.,0.));
#4379=DIRECTION('center_axis',(0.,0.,-1.));
#4380=DIRECTION('ref_axis',(1.,0.,0.));
#4381=DIRECTION('center_axis',(0.,0.,-1.));
#4382=DIRECTION('ref_axis',(1.,0.,0.));
#4383=DIRECTION('center_axis',(0.,0.,-1.));
#4384=DIRECTION('ref_axis',(1.,-1.67844740730732E-14,0.));
#4385=DIRECTION('center_axis',(0.,0.,1.));
#4386=DIRECTION('ref_axis',(1.,0.,0.));
#4387=DIRECTION('',(0.857167300702112,-1.04972719113862E-16,-0.515038074910054));
#4388=DIRECTION('center_axis',(0.,0.,-1.));
#4389=DIRECTION('ref_axis',(1.,0.,0.));
#4390=DIRECTION('center_axis',(0.,0.,1.));
#4391=DIRECTION('ref_axis',(1.,0.,0.));
#4392=DIRECTION('center_axis',(0.,0.,-1.));
#4393=DIRECTION('ref_axis',(1.,0.,0.));
#4394=DIRECTION('center_axis',(0.,0.,-1.));
#4395=DIRECTION('ref_axis',(1.,0.,0.));
#4396=DIRECTION('center_axis',(0.,0.,-1.));
#4397=DIRECTION('ref_axis',(1.,-1.8732671956555E-14,0.));
#4398=DIRECTION('center_axis',(0.,0.,1.));
#4399=DIRECTION('ref_axis',(1.,0.,0.));
#4400=DIRECTION('',(0.857167300702112,-1.04972719113862E-16,-0.515038074910054));
#4401=DIRECTION('center_axis',(0.,0.,-1.));
#4402=DIRECTION('ref_axis',(1.,0.,0.));
#4403=DIRECTION('center_axis',(0.,0.,-1.));
#4404=DIRECTION('ref_axis',(-1.,0.,0.));
#4405=DIRECTION('center_axis',(0.,0.,-1.));
#4406=DIRECTION('ref_axis',(-1.,0.,0.));
#4407=DIRECTION('',(0.707106781186548,8.65956056235494E-17,-0.707106781186548));
#4408=DIRECTION('center_axis',(0.,0.,1.));
#4409=DIRECTION('ref_axis',(-1.,0.,0.));
#4410=DIRECTION('center_axis',(0.,0.,1.));
#4411=DIRECTION('ref_axis',(-1.,0.,0.));
#4412=DIRECTION('',(0.,0.,-1.));
#4413=DIRECTION('center_axis',(0.,0.,-1.));
#4414=DIRECTION('ref_axis',(-1.,0.,0.));
#4415=DIRECTION('center_axis',(0.,0.,1.));
#4416=DIRECTION('ref_axis',(-1.,0.,0.));
#4417=DIRECTION('center_axis',(0.,0.,-1.));
#4418=DIRECTION('ref_axis',(-1.,0.,0.));
#4419=DIRECTION('center_axis',(0.,0.,-1.));
#4420=DIRECTION('ref_axis',(-1.,0.,0.));
#4421=DIRECTION('',(0.707106781186548,8.65956056235494E-17,-0.707106781186548));
#4422=DIRECTION('center_axis',(0.,0.,1.));
#4423=DIRECTION('ref_axis',(-1.,0.,0.));
#4424=DIRECTION('center_axis',(0.,0.,1.));
#4425=DIRECTION('ref_axis',(-1.,0.,0.));
#4426=DIRECTION('',(0.,0.,-1.));
#4427=DIRECTION('center_axis',(0.,0.,-1.));
#4428=DIRECTION('ref_axis',(-1.,0.,0.));
#4429=DIRECTION('center_axis',(0.,0.,1.));
#4430=DIRECTION('ref_axis',(-1.,0.,0.));
#4431=DIRECTION('center_axis',(0.,0.,-1.));
#4432=DIRECTION('ref_axis',(-1.,0.,0.));
#4433=DIRECTION('center_axis',(0.,0.,-1.));
#4434=DIRECTION('ref_axis',(-1.,0.,0.));
#4435=DIRECTION('',(0.707106781186548,8.65956056235494E-17,-0.707106781186548));
#4436=DIRECTION('center_axis',(0.,0.,1.));
#4437=DIRECTION('ref_axis',(-1.,0.,0.));
#4438=DIRECTION('center_axis',(0.,0.,1.));
#4439=DIRECTION('ref_axis',(-1.,0.,0.));
#4440=DIRECTION('',(0.,0.,-1.));
#4441=DIRECTION('center_axis',(0.,0.,-1.));
#4442=DIRECTION('ref_axis',(-1.,0.,0.));
#4443=DIRECTION('center_axis',(0.,0.,1.));
#4444=DIRECTION('ref_axis',(-1.,0.,0.));
#4445=DIRECTION('center_axis',(0.,0.,-1.));
#4446=DIRECTION('ref_axis',(-1.,0.,0.));
#4447=DIRECTION('center_axis',(0.,0.,-1.));
#4448=DIRECTION('ref_axis',(-1.,0.,0.));
#4449=DIRECTION('',(0.707106781186548,8.65956056235494E-17,-0.707106781186548));
#4450=DIRECTION('center_axis',(0.,0.,1.));
#4451=DIRECTION('ref_axis',(-1.,0.,0.));
#4452=DIRECTION('center_axis',(0.,0.,1.));
#4453=DIRECTION('ref_axis',(-1.,0.,0.));
#4454=DIRECTION('',(0.,0.,-1.));
#4455=DIRECTION('center_axis',(0.,0.,-1.));
#4456=DIRECTION('ref_axis',(-1.,0.,0.));
#4457=DIRECTION('center_axis',(0.,0.,1.));
#4458=DIRECTION('ref_axis',(-1.,0.,0.));
#4459=DIRECTION('center_axis',(-0.880860549632484,0.473375846554467,0.));
#4460=DIRECTION('ref_axis',(0.473375846554467,0.880860549632484,0.));
#4461=DIRECTION('center_axis',(0.473375846554466,-0.880860549632485,-4.13821074130861E-16));
#4462=DIRECTION('ref_axis',(0.880860549632485,0.473375846554466,0.));
#4463=DIRECTION('center_axis',(0.473375846554468,0.880860549632484,-8.27642148261725E-16));
#4464=DIRECTION('ref_axis',(0.880860549632484,-0.473375846554468,0.));
#4465=DIRECTION('center_axis',(-0.880860549632484,-0.473375846554467,0.));
#4466=DIRECTION('ref_axis',(0.473375846554467,-0.880860549632484,0.));
#4467=DIRECTION('center_axis',(0.880860549632484,-0.473375846554467,0.));
#4468=DIRECTION('ref_axis',(-0.473375846554467,-0.880860549632484,0.));
#4469=DIRECTION('center_axis',(-0.473375846554467,0.880860549632484,0.));
#4470=DIRECTION('ref_axis',(-0.880860549632484,-0.473375846554467,0.));
#4471=DIRECTION('center_axis',(-0.473375846554463,-0.880860549632486,0.));
#4472=DIRECTION('ref_axis',(-0.880860549632486,0.473375846554463,0.));
#4473=DIRECTION('center_axis',(0.880860549632487,0.473375846554462,3.56219605936826E-16));
#4474=DIRECTION('ref_axis',(-0.473375846554462,0.880860549632487,0.));
#4475=DIRECTION('center_axis',(0.,0.,1.));
#4476=DIRECTION('ref_axis',(-1.88974131851089E-15,1.,0.));
#4477=DIRECTION('center_axis',(1.,-1.16558847729675E-16,0.));
#4478=DIRECTION('ref_axis',(0.,0.707106781186547,-0.707106781186547));
#4479=DIRECTION('',(1.,-1.16558847729675E-16,0.));
#4480=DIRECTION('center_axis',(0.,1.,0.));
#4481=DIRECTION('ref_axis',(-0.707106781186547,0.,-0.707106781186547));
#4482=DIRECTION('',(0.,1.,0.));
#4483=DIRECTION('',(0.,-1.,0.));
#4484=DIRECTION('center_axis',(-1.,0.,0.));
#4485=DIRECTION('ref_axis',(0.,-0.707106781186547,-0.707106781186547));
#4486=DIRECTION('',(-1.,0.,0.));
#4487=DIRECTION('center_axis',(-1.16558847729675E-16,-1.,0.));
#4488=DIRECTION('ref_axis',(0.707106781186547,0.,-0.707106781186547));
#4489=DIRECTION('',(-1.16558847729675E-16,-1.,0.));
#4490=DIRECTION('center_axis',(-1.,0.,0.));
#4491=DIRECTION('ref_axis',(0.,-1.,0.));
#4492=DIRECTION('',(0.,0.,1.));
#4493=DIRECTION('center_axis',(0.,0.,1.));
#4494=DIRECTION('ref_axis',(0.,1.,0.));
#4495=DIRECTION('center_axis',(0.,0.,1.));
#4496=DIRECTION('ref_axis',(1.,0.,0.));
#4497=DIRECTION('center_axis',(0.,0.,1.));
#4498=DIRECTION('ref_axis',(-1.,0.,0.));
#4499=DIRECTION('center_axis',(0.,0.,1.));
#4500=DIRECTION('ref_axis',(-1.,0.,0.));
#4501=DIRECTION('center_axis',(0.,0.,1.));
#4502=DIRECTION('ref_axis',(-1.,0.,0.));
#4503=DIRECTION('center_axis',(0.,0.,1.));
#4504=DIRECTION('ref_axis',(-1.,0.,0.));
#4505=DIRECTION('center_axis',(0.,0.,-1.));
#4506=DIRECTION('ref_axis',(-1.,0.,0.));
#4507=DIRECTION('center_axis',(0.,-1.,0.));
#4508=DIRECTION('ref_axis',(1.,0.,0.));
#4509=DIRECTION('center_axis',(0.,0.,-1.));
#4510=DIRECTION('ref_axis',(-1.,0.,0.));
#4511=DIRECTION('center_axis',(0.,-1.,0.));
#4512=DIRECTION('ref_axis',(1.,0.,0.));
#4513=DIRECTION('center_axis',(0.,0.,-1.));
#4514=DIRECTION('ref_axis',(-1.,0.,0.));
#4515=DIRECTION('center_axis',(0.,-1.,0.));
#4516=DIRECTION('ref_axis',(1.,0.,0.));
#4517=DIRECTION('center_axis',(0.,0.,-1.));
#4518=DIRECTION('ref_axis',(-1.,0.,0.));
#4519=DIRECTION('center_axis',(0.,-1.,0.));
#4520=DIRECTION('ref_axis',(1.,0.,0.));
#4521=DIRECTION('center_axis',(1.16558847729675E-16,1.,0.));
#4522=DIRECTION('ref_axis',(-1.,1.16558847729675E-16,0.));
#4523=DIRECTION('',(0.,0.,1.));
#4524=DIRECTION('center_axis',(0.,0.,1.));
#4525=DIRECTION('ref_axis',(1.,0.,0.));
#4526=DIRECTION('',(0.,0.,1.));
#4527=DIRECTION('center_axis',(1.,-1.16558847729675E-16,0.));
#4528=DIRECTION('ref_axis',(1.16558847729675E-16,1.,0.));
#4529=DIRECTION('',(0.,0.,1.));
#4530=DIRECTION('center_axis',(0.,0.,1.));
#4531=DIRECTION('ref_axis',(0.,-1.,0.));
#4532=DIRECTION('',(0.,0.,1.));
#4533=DIRECTION('',(1.,0.,0.));
#4534=CARTESIAN_POINT('',(0.,0.,0.));
#4535=CARTESIAN_POINT('',(0.,0.,0.));
#4536=CARTESIAN_POINT('Origin',(-0.400000000000001,0.4,0.175590551181102));
#4537=CARTESIAN_POINT('',(-0.444713627232991,0.400042481243479,0.0857522825908844));
#4538=CARTESIAN_POINT('',(-0.444622022014843,0.399944113088777,0.0779288197713204));
#4539=CARTESIAN_POINT('',(-0.444700000000001,0.4,0.175590551181102));
#4540=CARTESIAN_POINT('',(-0.437200868402999,0.424782763971413,0.0755905511811024));
#4541=CARTESIAN_POINT('Ctrl Pts',(-0.444622022014843,0.399944113088777,
0.0779288197713204));
#4542=CARTESIAN_POINT('Ctrl Pts',(-0.444575167062545,0.408706152593744,
0.0771493969079144));
#4543=CARTESIAN_POINT('Ctrl Pts',(-0.442055572248814,0.417495473533914,
0.0763699740445084));
#4544=CARTESIAN_POINT('Ctrl Pts',(-0.437200868403,0.424782763971413,0.0755905511811024));
#4545=CARTESIAN_POINT('',(-0.362859681132721,0.424773709660212,0.0755905511811024));
#4546=CARTESIAN_POINT('Origin',(-0.400000000000001,0.4,0.0755905511811023));
#4547=CARTESIAN_POINT('Ctrl Pts',(-0.362859681132721,0.424773709660212,
0.0755905511811024));
#4548=CARTESIAN_POINT('Ctrl Pts',(-0.36578330438577,0.429232452712718,0.0760636095010246));
#4549=CARTESIAN_POINT('Ctrl Pts',(-0.369462800802249,0.433175105348246,
0.0765366678209468));
#4550=CARTESIAN_POINT('Ctrl Pts',(-0.373747516339711,0.436279722975854,
0.077009726140869));
#4551=CARTESIAN_POINT('Ctrl Pts',(-0.385738459959964,0.444968116548219,
0.0783335983078038));
#4552=CARTESIAN_POINT('Ctrl Pts',(-0.402469371186822,0.447093170244115,
0.0796574704747387));
#4553=CARTESIAN_POINT('Ctrl Pts',(-0.416264526163387,0.441711549848199,
0.0809813426416736));
#4554=CARTESIAN_POINT('Ctrl Pts',(-0.430059681139951,0.436329929452282,
0.0823052148086085));
#4555=CARTESIAN_POINT('Ctrl Pts',(-0.440919079866222,0.423441634964552,
0.0836290869755434));
#4556=CARTESIAN_POINT('Ctrl Pts',(-0.443872583703966,0.408936523367443,
0.0849529591424783));
#4557=CARTESIAN_POINT('Ctrl Pts',(-0.444467002845892,0.406017239539569,
0.085219400291947));
#4558=CARTESIAN_POINT('Ctrl Pts',(-0.444741192345816,0.403032466254598,
0.0854858414414157));
#4559=CARTESIAN_POINT('Ctrl Pts',(-0.444713627232991,0.400042481243479,
0.0857522825908844));
#4560=CARTESIAN_POINT('Origin',(-0.400000000000001,0.4,0.175590551181102));
#4561=CARTESIAN_POINT('',(-0.444626780816479,0.400001033079782,0.110752282590884));
#4562=CARTESIAN_POINT('',(-0.444749936975839,0.399971423074602,0.10292881977132));
#4563=CARTESIAN_POINT('',(-0.444700000000001,0.4,0.175590551181102));
#4564=CARTESIAN_POINT('Ctrl Pts',(-0.444749936975839,0.399971423074602,
0.10292881977132));
#4565=CARTESIAN_POINT('Ctrl Pts',(-0.444651958292095,0.413068342937181,
0.10175929657619));
#4566=CARTESIAN_POINT('Ctrl Pts',(-0.438560725753459,0.426244045532354,
0.10058977338106));
#4567=CARTESIAN_POINT('Ctrl Pts',(-0.428465449929111,0.434559583273845,
0.0994202501859303));
#4568=CARTESIAN_POINT('Ctrl Pts',(-0.417037840167256,0.443972572272179,
0.0980963780189953));
#4569=CARTESIAN_POINT('Ctrl Pts',(-0.400479570969279,0.447157893663462,
0.0967725058520605));
#4570=CARTESIAN_POINT('Ctrl Pts',(-0.38637650818973,0.442651985562245,0.0954486336851257));
#4571=CARTESIAN_POINT('Ctrl Pts',(-0.372273445410181,0.438146077461029,
0.0941247615181908));
#4572=CARTESIAN_POINT('Ctrl Pts',(-0.360625589049059,0.425948939867313,
0.0928008893512559));
#4573=CARTESIAN_POINT('Ctrl Pts',(-0.356770608299273,0.411656963383326,
0.091477017184321));
#4574=CARTESIAN_POINT('Ctrl Pts',(-0.352915627549487,0.397364986899338,
0.0901531450173861));
#4575=CARTESIAN_POINT('Ctrl Pts',(-0.356853522411036,0.38097817152508,0.0888292728504512));
#4576=CARTESIAN_POINT('Ctrl Pts',(-0.366778025378376,0.369988522209365,
0.0875054006835163));
#4577=CARTESIAN_POINT('Ctrl Pts',(-0.376702528345716,0.358998872893651,
0.0861815285165814));
#4578=CARTESIAN_POINT('Ctrl Pts',(-0.392613639418846,0.353406389636481,
0.0848576563496466));
#4579=CARTESIAN_POINT('Ctrl Pts',(-0.407225878508349,0.355805001985455,
0.0835337841827117));
#4580=CARTESIAN_POINT('Ctrl Pts',(-0.421838117597852,0.358203614334428,
0.0822099120157768));
#4581=CARTESIAN_POINT('Ctrl Pts',(-0.435151484703727,0.368593322289545,
0.0808860398488418));
#4582=CARTESIAN_POINT('Ctrl Pts',(-0.441053635957706,0.382143691560858,
0.0795621676819069));
#4583=CARTESIAN_POINT('Ctrl Pts',(-0.443480926310815,0.387716351290842,
0.0790177183783781));
#4584=CARTESIAN_POINT('Ctrl Pts',(-0.444654751547607,0.393823576304514,
0.0784732690748492));
#4585=CARTESIAN_POINT('Ctrl Pts',(-0.444622022014843,0.399944113088777,
0.0779288197713204));
#4586=CARTESIAN_POINT('Ctrl Pts',(-0.444713627232991,0.400042481243479,
0.0857522825908844));
#4587=CARTESIAN_POINT('Ctrl Pts',(-0.444604228946128,0.38817606008886,0.0868097136083506));
#4588=CARTESIAN_POINT('Ctrl Pts',(-0.439741966399903,0.376227550290379,
0.0878671446258167));
#4589=CARTESIAN_POINT('Ctrl Pts',(-0.43128172096256,0.367964936593752,0.0889245756432829));
#4590=CARTESIAN_POINT('Ctrl Pts',(-0.420689745434194,0.357620390123657,
0.0902484478102178));
#4591=CARTESIAN_POINT('Ctrl Pts',(-0.404458185428246,0.353053225889953,
0.0915723199771527));
#4592=CARTESIAN_POINT('Ctrl Pts',(-0.39002514104851,0.356351990598901,0.0928961921440876));
#4593=CARTESIAN_POINT('Ctrl Pts',(-0.375592096668775,0.35965075530785,0.0942200643110225));
#4594=CARTESIAN_POINT('Ctrl Pts',(-0.362957567915251,0.37081544895945,0.0955439364779574));
#4595=CARTESIAN_POINT('Ctrl Pts',(-0.357909525964207,0.384732850176238,
0.0968678086448923));
#4596=CARTESIAN_POINT('Ctrl Pts',(-0.352861484013162,0.398650251393027,
0.0981916808118272));
#4597=CARTESIAN_POINT('Ctrl Pts',(-0.355399928864596,0.415320360175003,
0.099515552978762));
#4598=CARTESIAN_POINT('Ctrl Pts',(-0.364362203537003,0.427104487838551,
0.100839425145697));
#4599=CARTESIAN_POINT('Ctrl Pts',(-0.37332447820941,0.438888615502098,0.102163297312632));
#4600=CARTESIAN_POINT('Ctrl Pts',(-0.388710582702789,0.445786762047216,
0.103487169479567));
#4601=CARTESIAN_POINT('Ctrl Pts',(-0.403470971859143,0.444638985030666,
0.104811041646502));
#4602=CARTESIAN_POINT('Ctrl Pts',(-0.418231361015497,0.443491208014115,
0.106134913813437));
#4603=CARTESIAN_POINT('Ctrl Pts',(-0.432366034834825,0.434297507435895,
0.107458785980371));
#4604=CARTESIAN_POINT('Ctrl Pts',(-0.439399093949185,0.42126982729617,0.108782658147306));
#4605=CARTESIAN_POINT('Ctrl Pts',(-0.442886964729752,0.414809073283007,
0.109439199628499));
#4606=CARTESIAN_POINT('Ctrl Pts',(-0.444628252046545,0.407405383672692,
0.110095741109692));
#4607=CARTESIAN_POINT('Ctrl Pts',(-0.444626780816479,0.400001033079782,
0.110752282590884));
#4608=CARTESIAN_POINT('Origin',(-0.400000000000001,0.4,0.175590551181102));
#4609=CARTESIAN_POINT('',(-0.444710910225076,0.399959801943277,0.135752282590884));
#4610=CARTESIAN_POINT('',(-0.444724927995031,0.400037818443822,0.127928819771321));
#4611=CARTESIAN_POINT('',(-0.444700000000001,0.4,0.175590551181102));
#4612=CARTESIAN_POINT('Ctrl Pts',(-0.444724927995031,0.400037818443822,
0.127928819771321));
#4613=CARTESIAN_POINT('Ctrl Pts',(-0.444748770024173,0.402681806293733,
0.127693068411401));
#4614=CARTESIAN_POINT('Ctrl Pts',(-0.444534497601824,0.405321934715426,
0.127457317051482));
#4615=CARTESIAN_POINT('Ctrl Pts',(-0.444068332072692,0.407916810423057,
0.127221565691563));
#4616=CARTESIAN_POINT('Ctrl Pts',(-0.441450558968798,0.422488449488751,
0.125897693524628));
#4617=CARTESIAN_POINT('Ctrl Pts',(-0.430889504011544,0.43563307426646,0.124573821357693));
#4618=CARTESIAN_POINT('Ctrl Pts',(-0.417223865694828,0.44132833266333,0.123249949190758));
#4619=CARTESIAN_POINT('Ctrl Pts',(-0.403558227378111,0.4470235910602,0.121926077023823));
#4620=CARTESIAN_POINT('Ctrl Pts',(-0.386788005701932,0.445269483076231,
0.120602204856889));
#4621=CARTESIAN_POINT('Ctrl Pts',(-0.374596699836616,0.436869600587017,
0.119278332689954));
#4622=CARTESIAN_POINT('Ctrl Pts',(-0.3624053939713,0.428469718097803,0.117954460523019));
#4623=CARTESIAN_POINT('Ctrl Pts',(-0.354793003916848,0.413424061103345,
0.116630588356084));
#4624=CARTESIAN_POINT('Ctrl Pts',(-0.355247270672114,0.398626155141078,
0.115306716189149));
#4625=CARTESIAN_POINT('Ctrl Pts',(-0.35570153742738,0.383828249178811,0.113982844022214));
#4626=CARTESIAN_POINT('Ctrl Pts',(-0.364222460992363,0.369278094248735,
0.112658971855279));
#4627=CARTESIAN_POINT('Ctrl Pts',(-0.376906025041272,0.361641754067577,
0.111335099688344));
#4628=CARTESIAN_POINT('Ctrl Pts',(-0.389589589090182,0.35400541388642,0.110011227521409));
#4629=CARTESIAN_POINT('Ctrl Pts',(-0.406435793623018,0.353282888454181,
0.108687355354474));
#4630=CARTESIAN_POINT('Ctrl Pts',(-0.419726389587199,0.359805778745194,
0.10736348318754));
#4631=CARTESIAN_POINT('Ctrl Pts',(-0.433016985551381,0.366328669036207,
0.106039611020605));
#4632=CARTESIAN_POINT('Ctrl Pts',(-0.442751972946907,0.380096975050472,
0.10471573885367));
#4633=CARTESIAN_POINT('Ctrl Pts',(-0.444470991481804,0.394801456360298,
0.103391866686735));
#4634=CARTESIAN_POINT('Ctrl Pts',(-0.444671410185363,0.396515837573063,
0.10323751771493));
#4635=CARTESIAN_POINT('Ctrl Pts',(-0.444762867808812,0.398242944218417,
0.103083168743125));
#4636=CARTESIAN_POINT('Ctrl Pts',(-0.444749936975839,0.399971423074602,
0.10292881977132));
#4637=CARTESIAN_POINT('Ctrl Pts',(-0.444626780816479,0.400001033079782,
0.110752282590884));
#4638=CARTESIAN_POINT('Ctrl Pts',(-0.44462528540911,0.392475003879517,0.111419613276627));
#4639=CARTESIAN_POINT('Ctrl Pts',(-0.442823281937576,0.38494829179378,0.112086943962369));
#4640=CARTESIAN_POINT('Ctrl Pts',(-0.439224787003692,0.378410393329581,
0.112754274648111));
#4641=CARTESIAN_POINT('Ctrl Pts',(-0.432085976534445,0.365440299203948,
0.114078146815046));
#4642=CARTESIAN_POINT('Ctrl Pts',(-0.417876911186559,0.356361770653913,
0.115402018981981));
#4643=CARTESIAN_POINT('Ctrl Pts',(-0.403107696445247,0.355334187833592,
0.116725891148916));
#4644=CARTESIAN_POINT('Ctrl Pts',(-0.388338481703934,0.354306605013271,
0.118049763315851));
#4645=CARTESIAN_POINT('Ctrl Pts',(-0.373009117569195,0.361329967922664,
0.119373635482785));
#4646=CARTESIAN_POINT('Ctrl Pts',(-0.364142951080117,0.373186463378641,
0.12069750764972));
#4647=CARTESIAN_POINT('Ctrl Pts',(-0.355276784591038,0.385042958834618,
0.122021379816655));
#4648=CARTESIAN_POINT('Ctrl Pts',(-0.352873815747621,0.401732586837178,
0.12334525198359));
#4649=CARTESIAN_POINT('Ctrl Pts',(-0.358035004747488,0.415608744070834,
0.124669124150525));
#4650=CARTESIAN_POINT('Ctrl Pts',(-0.363196193747355,0.429484901304489,
0.12599299631746));
#4651=CARTESIAN_POINT('Ctrl Pts',(-0.375921540590507,0.44054758776924,0.127316868484395));
#4652=CARTESIAN_POINT('Ctrl Pts',(-0.390380748105192,0.443728290599844,
0.12864074065133));
#4653=CARTESIAN_POINT('Ctrl Pts',(-0.404839955619876,0.446908993430449,
0.129964612818265));
#4654=CARTESIAN_POINT('Ctrl Pts',(-0.421033023806093,0.442207712626909,
0.131288484985199));
#4655=CARTESIAN_POINT('Ctrl Pts',(-0.431540876271777,0.431778399895766,
0.132612357152134));
#4656=CARTESIAN_POINT('Ctrl Pts',(-0.439848292976525,0.42353307602158,0.133658998965051));
#4657=CARTESIAN_POINT('Ctrl Pts',(-0.444602253157866,0.411707534013206,
0.134705640777968));
#4658=CARTESIAN_POINT('Ctrl Pts',(-0.444710910225076,0.399959801943277,
0.135752282590884));
#4659=CARTESIAN_POINT('Origin',(-0.400000000000001,0.4,0.175590551181102));
#4660=CARTESIAN_POINT('',(-0.444760208892364,0.400022180417515,0.160752282590885));
#4661=CARTESIAN_POINT('',(-0.444627676979839,0.400006668468004,0.15292881977132));
#4662=CARTESIAN_POINT('',(-0.444700000000001,0.4,0.175590551181102));
#4663=CARTESIAN_POINT('Ctrl Pts',(-0.444627676979839,0.400006668468004,
0.15292881977132));
#4664=CARTESIAN_POINT('Ctrl Pts',(-0.444637067894473,0.407064540140137,
0.152302968079677));
#4665=CARTESIAN_POINT('Ctrl Pts',(-0.443062140509318,0.414118450102174,
0.151677116388034));
#4666=CARTESIAN_POINT('Ctrl Pts',(-0.439880691099466,0.420352496240161,
0.151051264696391));
#4667=CARTESIAN_POINT('Ctrl Pts',(-0.43315093007069,0.4335394545558,0.149727392529456));
#4668=CARTESIAN_POINT('Ctrl Pts',(-0.41923270795132,0.443057892236075,0.148403520362521));
#4669=CARTESIAN_POINT('Ctrl Pts',(-0.404502850827809,0.444546806122518,
0.147079648195586));
#4670=CARTESIAN_POINT('Ctrl Pts',(-0.389772993704299,0.446035720008962,
0.145755776028651));
#4671=CARTESIAN_POINT('Ctrl Pts',(-0.374231501576649,0.439495110101573,
0.144431903861717));
#4672=CARTESIAN_POINT('Ctrl Pts',(-0.364998923863677,0.427921645881496,
0.143108031694782));
#4673=CARTESIAN_POINT('Ctrl Pts',(-0.355766346150706,0.416348181661419,
0.141784159527847));
#4674=CARTESIAN_POINT('Ctrl Pts',(-0.352842682852413,0.399741863128654,
0.140460287360912));
#4675=CARTESIAN_POINT('Ctrl Pts',(-0.357567451106437,0.385711107599179,
0.139136415193977));
#4676=CARTESIAN_POINT('Ctrl Pts',(-0.362292219360461,0.371680352069703,
0.137812543027042));
#4677=CARTESIAN_POINT('Ctrl Pts',(-0.374665419166802,0.360225159543516,
0.136488670860107));
#4678=CARTESIAN_POINT('Ctrl Pts',(-0.389018097187391,0.356593879552536,
0.135164798693172));
#4679=CARTESIAN_POINT('Ctrl Pts',(-0.40337077520798,0.352962599561555,0.133840926526237));
#4680=CARTESIAN_POINT('Ctrl Pts',(-0.419702931442817,0.357155232105781,
0.132517054359302));
#4681=CARTESIAN_POINT('Ctrl Pts',(-0.430531763934968,0.367250875054733,
0.131193182192368));
#4682=CARTESIAN_POINT('Ctrl Pts',(-0.439432228983402,0.375548714851751,
0.130105061385352));
#4683=CARTESIAN_POINT('Ctrl Pts',(-0.444614884057214,0.387834375825409,
0.129016940578336));
#4684=CARTESIAN_POINT('Ctrl Pts',(-0.444724927995031,0.400037818443822,
0.127928819771321));
#4685=CARTESIAN_POINT('Ctrl Pts',(-0.444710910225076,0.399959801943277,
0.135752282590884));
#4686=CARTESIAN_POINT('Ctrl Pts',(-0.444739690880346,0.396848109021721,
0.136029512944903));
#4687=CARTESIAN_POINT('Ctrl Pts',(-0.44444256020788,0.393741875192871,0.136306743298921));
#4688=CARTESIAN_POINT('Ctrl Pts',(-0.443799227849239,0.390709079512943,
0.136583973652939));
#4689=CARTESIAN_POINT('Ctrl Pts',(-0.440727090215864,0.376226416520008,
0.137907845819874));
#4690=CARTESIAN_POINT('Ctrl Pts',(-0.429760178203962,0.363418435192883,
0.139231717986809));
#4691=CARTESIAN_POINT('Ctrl Pts',(-0.415923134729747,0.358153287991845,
0.140555590153744));
#4692=CARTESIAN_POINT('Ctrl Pts',(-0.402086091255533,0.352888140790807,
0.141879462320679));
#4693=CARTESIAN_POINT('Ctrl Pts',(-0.385378916319006,0.355165827715856,
0.143203334487613));
#4694=CARTESIAN_POINT('Ctrl Pts',(-0.373456232981158,0.363942795692489,
0.144527206654548));
#4695=CARTESIAN_POINT('Ctrl Pts',(-0.36153354964331,0.372719763669121,0.145851078821483));
#4696=CARTESIAN_POINT('Ctrl Pts',(-0.35439535790414,0.387996012697335,0.147174950988418));
#4697=CARTESIAN_POINT('Ctrl Pts',(-0.355312119175898,0.402772517612422,
0.148498823155353));
#4698=CARTESIAN_POINT('Ctrl Pts',(-0.356228880447656,0.417549022527508,
0.149822695322288));
#4699=CARTESIAN_POINT('Ctrl Pts',(-0.365200594730342,0.431825783329466,
0.151146567489223));
#4700=CARTESIAN_POINT('Ctrl Pts',(-0.378116746956507,0.439061704752895,
0.152470439656158));
#4701=CARTESIAN_POINT('Ctrl Pts',(-0.391032899182672,0.446297626176324,
0.153794311823093));
#4702=CARTESIAN_POINT('Ctrl Pts',(-0.407893489352315,0.446492708221224,
0.155118183990027));
#4703=CARTESIAN_POINT('Ctrl Pts',(-0.420973604882426,0.439557571255621,
0.156442056156962));
#4704=CARTESIAN_POINT('Ctrl Pts',(-0.434053720412537,0.432622434290017,
0.157765928323897));
#4705=CARTESIAN_POINT('Ctrl Pts',(-0.443353361303115,0.41855707831391,0.159089800490832));
#4706=CARTESIAN_POINT('Ctrl Pts',(-0.444611768422648,0.403805740779919,
0.160413672657767));
#4707=CARTESIAN_POINT('Ctrl Pts',(-0.444719057016723,0.402548079216984,
0.160526542635473));
#4708=CARTESIAN_POINT('Ctrl Pts',(-0.444767895214091,0.4012854313677,0.160639412613179));
#4709=CARTESIAN_POINT('Ctrl Pts',(-0.444760208892364,0.400022180417515,
0.160752282590885));
#4710=CARTESIAN_POINT('Origin',(-0.400000000000001,0.4,0.175590551181102));
#4711=CARTESIAN_POINT('',(-0.444643793147244,0.400027085155006,0.185752282590884));
#4712=CARTESIAN_POINT('',(-0.444700417652514,0.399959050282502,0.17792881977132));
#4713=CARTESIAN_POINT('',(-0.444700000000001,0.4,0.175590551181102));
#4714=CARTESIAN_POINT('Ctrl Pts',(-0.444700417652514,0.399959050282502,
0.17792881977132));
#4715=CARTESIAN_POINT('Ctrl Pts',(-0.44459539897936,0.411369174096708,0.176912867747953));
#4716=CARTESIAN_POINT('Ctrl Pts',(-0.440144190657577,0.422852127638681,
0.175896915724586));
#4717=CARTESIAN_POINT('Ctrl Pts',(-0.432267705846996,0.431040115652813,
0.174880963701219));
#4718=CARTESIAN_POINT('Ctrl Pts',(-0.422003974121304,0.441709762630019,
0.173557091534284));
#4719=CARTESIAN_POINT('Ctrl Pts',(-0.405924015535843,0.446784454844389,
0.172233219367349));
#4720=CARTESIAN_POINT('Ctrl Pts',(-0.391395085549244,0.443939151872258,
0.170909347200414));
#4721=CARTESIAN_POINT('Ctrl Pts',(-0.376866155562645,0.441093848900127,
0.16958547503348));
#4722=CARTESIAN_POINT('Ctrl Pts',(-0.363888254174908,0.430328550741495,
0.168261602866545));
#4723=CARTESIAN_POINT('Ctrl Pts',(-0.358407386425067,0.416575527637027,
0.16693773069961));
#4724=CARTESIAN_POINT('Ctrl Pts',(-0.352926518675227,0.402822504532559,
0.165613858532675));
#4725=CARTESIAN_POINT('Ctrl Pts',(-0.354942684563282,0.386081756482254,
0.16428998636574));
#4726=CARTESIAN_POINT('Ctrl Pts',(-0.363532149804713,0.374023288828254,
0.162966114198805));
#4727=CARTESIAN_POINT('Ctrl Pts',(-0.372121615046143,0.361964821174253,
0.16164224203187));
#4728=CARTESIAN_POINT('Ctrl Pts',(-0.387284379640948,0.354588633916557,
0.160318369864935));
#4729=CARTESIAN_POINT('Ctrl Pts',(-0.402073413233159,0.355274229181652,
0.158994497698));
#4730=CARTESIAN_POINT('Ctrl Pts',(-0.41686244682537,0.355959824446747,0.157670625531066));
#4731=CARTESIAN_POINT('Ctrl Pts',(-0.431277749414988,0.364707202234633,
0.156346753364131));
#4732=CARTESIAN_POINT('Ctrl Pts',(-0.438714750740706,0.377508630604077,
0.155022881197196));
#4733=CARTESIAN_POINT('Ctrl Pts',(-0.442635959547551,0.384258269532994,
0.154324860721904));
#4734=CARTESIAN_POINT('Ctrl Pts',(-0.444617203171454,0.392134933031457,
0.153626840246612));
#4735=CARTESIAN_POINT('Ctrl Pts',(-0.444627676979839,0.400006668468004,
0.15292881977132));
#4736=CARTESIAN_POINT('Ctrl Pts',(-0.444760208892364,0.400022180417515,
0.160752282590885));
#4737=CARTESIAN_POINT('Ctrl Pts',(-0.44467774097107,0.386468534910406,0.161963284780114));
#4738=CARTESIAN_POINT('Ctrl Pts',(-0.438088437150583,0.37284546327367,0.163174286969343));
#4739=CARTESIAN_POINT('Ctrl Pts',(-0.427370934332945,0.364566604764156,
0.164385289158572));
#4740=CARTESIAN_POINT('Ctrl Pts',(-0.415654519775222,0.355516125374259,
0.165709161325507));
#4741=CARTESIAN_POINT('Ctrl Pts',(-0.399004517311291,0.35285248568634,0.167033033492441));
#4742=CARTESIAN_POINT('Ctrl Pts',(-0.385049355882632,0.357796069080188,
0.168356905659376));
#4743=CARTESIAN_POINT('Ctrl Pts',(-0.371094194453974,0.362739652474036,
0.169680777826311));
#4744=CARTESIAN_POINT('Ctrl Pts',(-0.359833874060589,0.37529045894965,0.171004649993246));
#4745=CARTESIAN_POINT('Ctrl Pts',(-0.356427466254839,0.389698162903816,
0.172328522160181));
#4746=CARTESIAN_POINT('Ctrl Pts',(-0.353021058449088,0.404105866857981,
0.173652394327116));
#4747=CARTESIAN_POINT('Ctrl Pts',(-0.357468563230971,0.420370468290697,
0.174976266494051));
#4748=CARTESIAN_POINT('Ctrl Pts',(-0.367732294762723,0.431040115066291,
0.176300138660986));
#4749=CARTESIAN_POINT('Ctrl Pts',(-0.377996026294476,0.441709761841886,
0.177624010827921));
#4750=CARTESIAN_POINT('Ctrl Pts',(-0.394075984576098,0.446784453960358,
0.178947882994855));
#4751=CARTESIAN_POINT('Ctrl Pts',(-0.408604914288162,0.443939151041996,
0.18027175516179));
#4752=CARTESIAN_POINT('Ctrl Pts',(-0.423133844000227,0.441093848123633,
0.181595627328725));
#4753=CARTESIAN_POINT('Ctrl Pts',(-0.436111745142734,0.430328550168436,
0.18291949949566));
#4754=CARTESIAN_POINT('Ctrl Pts',(-0.441592612789013,0.416575527323832,
0.184243371662595));
#4755=CARTESIAN_POINT('Ctrl Pts',(-0.4436749238798,0.411350429063959,0.184746341972025));
#4756=CARTESIAN_POINT('Ctrl Pts',(-0.444675098469374,0.405694076740724,
0.185249312281455));
#4757=CARTESIAN_POINT('Ctrl Pts',(-0.444643793147244,0.400027085155006,
0.185752282590884));
#4758=CARTESIAN_POINT('Origin',(-0.400000000000001,0.4,0.175590551181102));
#4759=CARTESIAN_POINT('',(-0.444661450324516,0.399964381221423,0.210752282590884));
#4760=CARTESIAN_POINT('',(-0.444766273093297,0.40001663247235,0.20292881977132));
#4761=CARTESIAN_POINT('',(-0.444700000000001,0.4,0.175590551181102));
#4762=CARTESIAN_POINT('Ctrl Pts',(-0.444766273093297,0.40001663247235,0.20292881977132));
#4763=CARTESIAN_POINT('Ctrl Pts',(-0.444770659904604,0.400936070458705,
0.202846639583164));
#4764=CARTESIAN_POINT('Ctrl Pts',(-0.444744790195704,0.40185525691444,0.202764459395008));
#4765=CARTESIAN_POINT('Ctrl Pts',(-0.444687881668496,0.402772517664748,
0.202682279206852));
#4766=CARTESIAN_POINT('Ctrl Pts',(-0.443771120379406,0.417549022858993,
0.201358407039917));
#4767=CARTESIAN_POINT('Ctrl Pts',(-0.434799405927217,0.431825783930841,
0.200034534872982));
#4768=CARTESIAN_POINT('Ctrl Pts',(-0.421883253456998,0.439061705491025,
0.198710662706047));
#4769=CARTESIAN_POINT('Ctrl Pts',(-0.40896710098678,0.44629762705121,0.197386790539112));
#4770=CARTESIAN_POINT('Ctrl Pts',(-0.392106510498532,0.446492709099731,
0.196062918372177));
#4771=CARTESIAN_POINT('Ctrl Pts',(-0.379026394721261,0.439557572003068,
0.194739046205242));
#4772=CARTESIAN_POINT('Ctrl Pts',(-0.36594627894399,0.432622434906405,0.193415174038308));
#4773=CARTESIAN_POINT('Ctrl Pts',(-0.356646637877698,0.418557078664558,
0.192091301871373));
#4774=CARTESIAN_POINT('Ctrl Pts',(-0.355388230734388,0.40380574085184,0.190767429704438));
#4775=CARTESIAN_POINT('Ctrl Pts',(-0.354129823591079,0.389054403039121,
0.189443557537503));
#4776=CARTESIAN_POINT('Ctrl Pts',(-0.360912650370754,0.37361708365553,0.188119685370568));
#4777=CARTESIAN_POINT('Ctrl Pts',(-0.372629065149864,0.364566604094614,
0.186795813203633));
#4778=CARTESIAN_POINT('Ctrl Pts',(-0.384345479928975,0.355516124533698,
0.185471941036698));
#4779=CARTESIAN_POINT('Ctrl Pts',(-0.400995482707521,0.352852484795457,
0.184148068869763));
#4780=CARTESIAN_POINT('Ctrl Pts',(-0.414950644399872,0.35779606828272,0.182824196702828));
#4781=CARTESIAN_POINT('Ctrl Pts',(-0.428905806092223,0.362739651769983,
0.181500324535893));
#4782=CARTESIAN_POINT('Ctrl Pts',(-0.440166126698377,0.375290458482751,
0.180176452368959));
#4783=CARTESIAN_POINT('Ctrl Pts',(-0.443572534568494,0.389698162709157,
0.178852580202024));
#4784=CARTESIAN_POINT('Ctrl Pts',(-0.444364832817988,0.39304925843024,0.178544660058456));
#4785=CARTESIAN_POINT('Ctrl Pts',(-0.444732247270617,0.396500809261088,
0.178236739914888));
#4786=CARTESIAN_POINT('Ctrl Pts',(-0.444700417652514,0.399959050282502,
0.17792881977132));
#4787=CARTESIAN_POINT('Ctrl Pts',(-0.444643793147244,0.400027085155006,
0.185752282590884));
#4788=CARTESIAN_POINT('Ctrl Pts',(-0.444592699481068,0.390777942945288,
0.18657318444839));
#4789=CARTESIAN_POINT('Ctrl Pts',(-0.441793973896875,0.381500460118508,
0.187394086305895));
#4790=CARTESIAN_POINT('Ctrl Pts',(-0.43646784950621,0.374023289319083,0.1882149881634));
#4791=CARTESIAN_POINT('Ctrl Pts',(-0.427878384427079,0.36196482189295,0.189538860330335));
#4792=CARTESIAN_POINT('Ctrl Pts',(-0.412715620118768,0.354588634774695,
0.190862732497269));
#4793=CARTESIAN_POINT('Ctrl Pts',(-0.397926586806013,0.355274230026808,
0.192186604664204));
#4794=CARTESIAN_POINT('Ctrl Pts',(-0.383137553493258,0.35595982527892,0.193510476831139));
#4795=CARTESIAN_POINT('Ctrl Pts',(-0.368722251176059,0.364707202901399,
0.194834348998074));
#4796=CARTESIAN_POINT('Ctrl Pts',(-0.361285249990852,0.377508631029003,
0.196158221165009));
#4797=CARTESIAN_POINT('Ctrl Pts',(-0.353848248805646,0.390310059156607,
0.197482093331944));
#4798=CARTESIAN_POINT('Ctrl Pts',(-0.353389548752432,0.407165537789335,
0.198805965498879));
#4799=CARTESIAN_POINT('Ctrl Pts',(-0.360119309654074,0.420352495855704,
0.200129837665814));
#4800=CARTESIAN_POINT('Ctrl Pts',(-0.366849070555715,0.433539453922073,
0.201453709832749));
#4801=CARTESIAN_POINT('Ctrl Pts',(-0.380767292412211,0.443057891422082,
0.202777581999683));
#4802=CARTESIAN_POINT('Ctrl Pts',(-0.395497149257337,0.444546805280564,
0.204101454166618));
#4803=CARTESIAN_POINT('Ctrl Pts',(-0.410227006102464,0.446035719139045,
0.205425326333553));
#4804=CARTESIAN_POINT('Ctrl Pts',(-0.425768497936221,0.439495109355999,
0.206749198500488));
#4805=CARTESIAN_POINT('Ctrl Pts',(-0.435001075474839,0.427921645354296,
0.208073070667423));
#4806=CARTESIAN_POINT('Ctrl Pts',(-0.441229277976449,0.420114304755617,
0.208966141308577));
#4807=CARTESIAN_POINT('Ctrl Pts',(-0.44458647415146,0.410016656248689,0.209859211949731));
#4808=CARTESIAN_POINT('Ctrl Pts',(-0.444661450324516,0.399964381221423,
0.210752282590884));
#4809=CARTESIAN_POINT('Origin',(-0.400000000000001,0.4,0.175590551181102));
#4810=CARTESIAN_POINT('',(-0.444771854113126,0.399991500062232,0.235752282590884));
#4811=CARTESIAN_POINT('',(-0.444650664857371,0.400031122882372,0.22792881977132));
#4812=CARTESIAN_POINT('',(-0.444700000000001,0.4,0.175590551181102));
#4813=CARTESIAN_POINT('Ctrl Pts',(-0.444650664857371,0.400031122882372,
0.22792881977132));
#4814=CARTESIAN_POINT('Ctrl Pts',(-0.444684769362098,0.405350278455525,
0.22745653925144));
#4815=CARTESIAN_POINT('Ctrl Pts',(-0.443806207856248,0.410658539170599,
0.22698425873156));
#4816=CARTESIAN_POINT('Ctrl Pts',(-0.441964996045093,0.41560874436323,0.22651197821168));
#4817=CARTESIAN_POINT('Ctrl Pts',(-0.43680380694748,0.429484901857093,0.225188106044745));
#4818=CARTESIAN_POINT('Ctrl Pts',(-0.424078459864553,0.4405475885357,0.22386423387781));
#4819=CARTESIAN_POINT('Ctrl Pts',(-0.409619252076791,0.443728291427502,
0.222540361710875));
#4820=CARTESIAN_POINT('Ctrl Pts',(-0.395160044289029,0.446908994319303,
0.22121648954394));
#4821=CARTESIAN_POINT('Ctrl Pts',(-0.378966975796433,0.442207713424299,
0.219892617377005));
#4822=CARTESIAN_POINT('Ctrl Pts',(-0.368459123132112,0.431778400495488,
0.21856874521007));
#4823=CARTESIAN_POINT('Ctrl Pts',(-0.357951270467791,0.421349087566677,
0.217244873043136));
#4824=CARTESIAN_POINT('Ctrl Pts',(-0.353128633631745,0.405191742604058,
0.215921000876201));
#4825=CARTESIAN_POINT('Ctrl Pts',(-0.35620077132322,0.390709079337791,0.214597128709266));
#4826=CARTESIAN_POINT('Ctrl Pts',(-0.359272909014695,0.376226416071524,
0.213273256542331));
#4827=CARTESIAN_POINT('Ctrl Pts',(-0.37023982123369,0.363418434501609,0.211949384375396));
#4828=CARTESIAN_POINT('Ctrl Pts',(-0.384076864969336,0.358153287200905,
0.210625512208461));
#4829=CARTESIAN_POINT('Ctrl Pts',(-0.397913908704981,0.352888139900201,
0.209301640041526));
#4830=CARTESIAN_POINT('Ctrl Pts',(-0.414621083957276,0.355165826868708,
0.207977767874591));
#4831=CARTESIAN_POINT('Ctrl Pts',(-0.426543767520428,0.363942795011283,
0.206653895707656));
#4832=CARTESIAN_POINT('Ctrl Pts',(-0.43772634308598,0.372174927397497,0.205412203728878));
#4833=CARTESIAN_POINT('Ctrl Pts',(-0.444699991078928,0.386124491334009,
0.204170511750099));
#4834=CARTESIAN_POINT('Ctrl Pts',(-0.444766273093297,0.40001663247235,0.20292881977132));
#4835=CARTESIAN_POINT('Ctrl Pts',(-0.444661450324516,0.399964381221423,
0.210752282590884));
#4836=CARTESIAN_POINT('Ctrl Pts',(-0.444697617508008,0.395115341045023,
0.211183084116665));
#4837=CARTESIAN_POINT('Ctrl Pts',(-0.4439700359139,0.390276858948096,0.211613885642447));
#4838=CARTESIAN_POINT('Ctrl Pts',(-0.442432548091997,0.385711107868448,
0.212044687168228));
#4839=CARTESIAN_POINT('Ctrl Pts',(-0.437707779927057,0.371680352604667,
0.213368559335163));
#4840=CARTESIAN_POINT('Ctrl Pts',(-0.425334580353697,0.360225160297465,
0.214692431502097));
#4841=CARTESIAN_POINT('Ctrl Pts',(-0.410981902604678,0.356593880374058,
0.216016303669032));
#4842=CARTESIAN_POINT('Ctrl Pts',(-0.396629224855659,0.352962600450651,
0.217340175835967));
#4843=CARTESIAN_POINT('Ctrl Pts',(-0.380297068930981,0.35715523291104,0.218664048002902));
#4844=CARTESIAN_POINT('Ctrl Pts',(-0.369468236642753,0.367250875671108,
0.219987920169837));
#4845=CARTESIAN_POINT('Ctrl Pts',(-0.358639404354524,0.377346518431175,
0.221311792336772));
#4846=CARTESIAN_POINT('Ctrl Pts',(-0.353313895702746,0.393345171490921,
0.222635664503707));
#4847=CARTESIAN_POINT('Ctrl Pts',(-0.355931668758489,0.407916810277903,
0.223959536670642));
#4848=CARTESIAN_POINT('Ctrl Pts',(-0.358549441814232,0.422488449064885,
0.225283408837577));
#4849=CARTESIAN_POINT('Ctrl Pts',(-0.369110496577496,0.435633073579104,
0.226607281004512));
#4850=CARTESIAN_POINT('Ctrl Pts',(-0.382776134633507,0.441328331874363,
0.227931153171446));
#4851=CARTESIAN_POINT('Ctrl Pts',(-0.396441772689519,0.447023590169623,
0.229255025338381));
#4852=CARTESIAN_POINT('Ctrl Pts',(-0.413211994038276,0.445269482245925,
0.230578897505316));
#4853=CARTESIAN_POINT('Ctrl Pts',(-0.425403299677923,0.436869599904826,
0.231902769672251));
#4854=CARTESIAN_POINT('Ctrl Pts',(-0.437219795189341,0.428727963978873,
0.233185940645129));
#4855=CARTESIAN_POINT('Ctrl Pts',(-0.444734595856218,0.414342908133127,
0.234469111618007));
#4856=CARTESIAN_POINT('Ctrl Pts',(-0.444771854113126,0.399991500062232,
0.235752282590884));
#4857=CARTESIAN_POINT('Origin',(-0.400000000000001,0.4,0.175590551181102));
#4858=CARTESIAN_POINT('',(-0.444686404764378,0.400041039134581,0.260752282590884));
#4859=CARTESIAN_POINT('',(-0.444653198410961,0.399967261931967,0.25292881977132));
#4860=CARTESIAN_POINT('',(-0.444700000000001,0.4,0.175590551181102));
#4861=CARTESIAN_POINT('',(-0.362799131597002,0.424782763971413,0.275590551181102));
#4862=CARTESIAN_POINT('Ctrl Pts',(-0.444686404764378,0.400041039134581,
0.260752282590884));
#4863=CARTESIAN_POINT('Ctrl Pts',(-0.444588779423976,0.389091240727169,
0.261726755620152));
#4864=CARTESIAN_POINT('Ctrl Pts',(-0.440527179621909,0.37807776189084,0.26270122864942));
#4865=CARTESIAN_POINT('Ctrl Pts',(-0.433221973132886,0.369988523808115,
0.263675701678688));
#4866=CARTESIAN_POINT('Ctrl Pts',(-0.423297471115838,0.358998874194648,
0.264999573845623));
#4867=CARTESIAN_POINT('Ctrl Pts',(-0.407386363557684,0.35340638816746,0.266323446012558));
#4868=CARTESIAN_POINT('Ctrl Pts',(-0.392774123263202,0.355805001381117,
0.267647318179493));
#4869=CARTESIAN_POINT('Ctrl Pts',(-0.378161882968721,0.358203614594775,
0.268971190346428));
#4870=CARTESIAN_POINT('Ctrl Pts',(-0.364848509937912,0.368593327049278,
0.270295062513363));
#4871=CARTESIAN_POINT('Ctrl Pts',(-0.35894635854229,0.382143696255504,0.271618934680298));
#4872=CARTESIAN_POINT('Ctrl Pts',(-0.353044207146668,0.395694065461729,
0.272942806847233));
#4873=CARTESIAN_POINT('Ctrl Pts',(-0.354553277386234,0.412405091419678,
0.274266679014168));
#4874=CARTESIAN_POINT('Ctrl Pts',(-0.362799131597002,0.424782763971413,
0.275590551181102));
#4875=CARTESIAN_POINT('',(-0.437140318708655,0.424773711239219,0.275590551181102));
#4876=CARTESIAN_POINT('Origin',(-0.400000000000001,0.4,0.275590551181102));
#4877=CARTESIAN_POINT('Ctrl Pts',(-0.437140318708655,0.424773711239219,
0.275590551181102));
#4878=CARTESIAN_POINT('Ctrl Pts',(-0.434216696103316,0.429232453002036,
0.27511749286118));
#4879=CARTESIAN_POINT('Ctrl Pts',(-0.430537200264475,0.433175104483634,
0.274644434541258));
#4880=CARTESIAN_POINT('Ctrl Pts',(-0.426252484973631,0.436279721642157,
0.274171376221336));
#4881=CARTESIAN_POINT('Ctrl Pts',(-0.414261542043546,0.444968113901769,
0.272847504054401));
#4882=CARTESIAN_POINT('Ctrl Pts',(-0.397530628914362,0.447093171648494,
0.271523631887466));
#4883=CARTESIAN_POINT('Ctrl Pts',(-0.383735473221464,0.441711551944369,
0.270199759720531));
#4884=CARTESIAN_POINT('Ctrl Pts',(-0.369940317528566,0.436329932240245,
0.268875887553596));
#4885=CARTESIAN_POINT('Ctrl Pts',(-0.359080919271954,0.42344163508527,0.267552015386661));
#4886=CARTESIAN_POINT('Ctrl Pts',(-0.356127415581299,0.40893652273309,0.266228143219726));
#4887=CARTESIAN_POINT('Ctrl Pts',(-0.353173911890644,0.394431410380911,
0.264904271052792));
#4888=CARTESIAN_POINT('Ctrl Pts',(-0.358126302765947,0.378309482831527,
0.263580398885857));
#4889=CARTESIAN_POINT('Ctrl Pts',(-0.368718278408761,0.367964936463389,
0.262256526718922));
#4890=CARTESIAN_POINT('Ctrl Pts',(-0.379310254051576,0.357620390095252,
0.260932654551987));
#4891=CARTESIAN_POINT('Ctrl Pts',(-0.395541814461902,0.353053224908362,
0.259608782385052));
#4892=CARTESIAN_POINT('Ctrl Pts',(-0.409974859148576,0.356351989499009,
0.258284910218117));
#4893=CARTESIAN_POINT('Ctrl Pts',(-0.424407903835249,0.359650754089657,
0.256961038051182));
#4894=CARTESIAN_POINT('Ctrl Pts',(-0.437042432798269,0.370815448457842,
0.255637165884247));
#4895=CARTESIAN_POINT('Ctrl Pts',(-0.442090474832198,0.384732850044993,
0.254313293717313));
#4896=CARTESIAN_POINT('Ctrl Pts',(-0.443850182163666,0.389584345623535,
0.253851802401982));
#4897=CARTESIAN_POINT('Ctrl Pts',(-0.444688006772572,0.39477034032521,0.253390311086651));
#4898=CARTESIAN_POINT('Ctrl Pts',(-0.444653198410961,0.399967261931967,
0.25292881977132));
#4899=CARTESIAN_POINT('Origin',(-0.400000000000001,0.4,0.329776340632727));
#4900=CARTESIAN_POINT('',(-0.456062560864585,0.399964198930152,0.0964047617294775));
#4901=CARTESIAN_POINT('',(-0.456017072148713,0.400053220349772,0.0922763406327272));
#4902=CARTESIAN_POINT('',(-0.456000000000001,0.400000000000001,0.329776340632727));
#4903=CARTESIAN_POINT('',(-0.372233404975492,0.351368567769961,0.0755905511811024));
#4904=CARTESIAN_POINT('Ctrl Pts',(-0.456017072148713,0.400053220349772,
0.0922763406327272));
#4905=CARTESIAN_POINT('Ctrl Pts',(-0.456051605623394,0.403799062869295,
0.0920098994832585));
#4906=CARTESIAN_POINT('Ctrl Pts',(-0.45400132777151,0.426117986682031,0.0904195861668549));
#4907=CARTESIAN_POINT('Ctrl Pts',(-0.424054045082015,0.461660414779434,
0.0875054006835164));
#4908=CARTESIAN_POINT('Ctrl Pts',(-0.361172767987784,0.453673635788143,
0.0835337841827117));
#4909=CARTESIAN_POINT('Ctrl Pts',(-0.333920777600916,0.396351684571055,
0.0795621676819071));
#4910=CARTESIAN_POINT('Ctrl Pts',(-0.356052493891792,0.360607218259698,
0.0769144233480373));
#4911=CARTESIAN_POINT('Ctrl Pts',(-0.372233404975492,0.351368567769961,
0.0755905511811024));
#4912=CARTESIAN_POINT('',(-0.427703849116629,0.351412678699382,0.0755905511811024));
#4913=CARTESIAN_POINT('Origin',(-0.400000000000001,0.4,0.0755905511811023));
#4914=CARTESIAN_POINT('Ctrl Pts',(-0.456062560864585,0.399964198930152,
0.0964047617294775));
#4915=CARTESIAN_POINT('Ctrl Pts',(-0.455939813520297,0.416371973254635,
0.0952352385343476));
#4916=CARTESIAN_POINT('Ctrl Pts',(-0.439670546352601,0.451563377339653,
0.0927418431722827));
#4917=CARTESIAN_POINT('Ctrl Pts',(-0.379856664411475,0.463069799621156,
0.0889245756432829));
#4918=CARTESIAN_POINT('Ctrl Pts',(-0.336079486141487,0.417228208664909,
0.0849529591424782));
#4919=CARTESIAN_POINT('Ctrl Pts',(-0.350879627903016,0.355640177728098,
0.0809813426416736));
#4920=CARTESIAN_POINT('Ctrl Pts',(-0.397869175775415,0.339124155777742,
0.0778605399878817));
#4921=CARTESIAN_POINT('Ctrl Pts',(-0.421927439531526,0.348058468893113,
0.0760636095010246));
#4922=CARTESIAN_POINT('Ctrl Pts',(-0.427703849116629,0.351412678699382,
0.0755905511811024));
#4923=CARTESIAN_POINT('Origin',(-0.400000000000001,0.4,0.329776340632727));
#4924=CARTESIAN_POINT('',(-0.456031229702947,0.400047378811053,0.121404761729478));
#4925=CARTESIAN_POINT('',(-0.455908271268967,0.400001294238653,0.117276340632727));
#4926=CARTESIAN_POINT('',(-0.456000000000001,0.400000000000001,0.329776340632727));
#4927=CARTESIAN_POINT('Ctrl Pts',(-0.455908271268967,0.400001294238653,
0.117276340632727));
#4928=CARTESIAN_POINT('Ctrl Pts',(-0.455910114420727,0.409277438158181,
0.116619799151534));
#4929=CARTESIAN_POINT('Ctrl Pts',(-0.449329829772653,0.437255810602531,
0.114639385503407));
#4930=CARTESIAN_POINT('Ctrl Pts',(-0.405132315055603,0.466003464903149,
0.111335099688344));
#4931=CARTESIAN_POINT('Ctrl Pts',(-0.3473053451476,0.440077545002031,0.10736348318754));
#4932=CARTESIAN_POINT('Ctrl Pts',(-0.337764881276436,0.377424787163733,
0.103391866686735));
#4933=CARTESIAN_POINT('Ctrl Pts',(-0.385250358470889,0.335463522432884,
0.0994202501859303));
#4934=CARTESIAN_POINT('Ctrl Pts',(-0.442162310278205,0.351477154558782,
0.0957150748345945));
#4935=CARTESIAN_POINT('Ctrl Pts',(-0.455880018366513,0.385187010402151,
0.0933337716501934));
#4936=CARTESIAN_POINT('Ctrl Pts',(-0.456017072148713,0.400053220349772,
0.0922763406327272));
#4937=CARTESIAN_POINT('Ctrl Pts',(-0.456031229702947,0.400047378811053,
0.121404761729478));
#4938=CARTESIAN_POINT('Ctrl Pts',(-0.456061098911716,0.403359757325484,
0.121169010369559));
#4939=CARTESIAN_POINT('Ctrl Pts',(-0.454285224071189,0.425240956914491,
0.119609386842705));
#4940=CARTESIAN_POINT('Ctrl Pts',(-0.425467408211192,0.461108526766744,
0.116725891148915));
#4941=CARTESIAN_POINT('Ctrl Pts',(-0.362438387146356,0.454515906155854,
0.112754274648111));
#4942=CARTESIAN_POINT('Ctrl Pts',(-0.33382806210949,0.397968470471983,0.108782658147306));
#4943=CARTESIAN_POINT('Ctrl Pts',(-0.365853009736271,0.343283324426061,
0.104811041646502));
#4944=CARTESIAN_POINT('Ctrl Pts',(-0.429167603953643,0.340567792600195,
0.100839425145697));
#4945=CARTESIAN_POINT('Ctrl Pts',(-0.454981433519789,0.377076592296239,
0.0980373318400222));
#4946=CARTESIAN_POINT('Ctrl Pts',(-0.45607876056585,0.397798766806072,0.0965591107012824));
#4947=CARTESIAN_POINT('Ctrl Pts',(-0.456062560864585,0.399964198930152,
0.0964047617294775));
#4948=CARTESIAN_POINT('Origin',(-0.400000000000001,0.4,0.329776340632727));
#4949=CARTESIAN_POINT('',(-0.455909393979217,0.400008354232849,0.146404761729478));
#4950=CARTESIAN_POINT('',(-0.456013668290923,0.399949640018422,0.142276340632727));
#4951=CARTESIAN_POINT('',(-0.456000000000001,0.400000000000001,0.329776340632727));
#4952=CARTESIAN_POINT('Ctrl Pts',(-0.456013668290923,0.399949640018422,
0.142276340632727));
#4953=CARTESIAN_POINT('Ctrl Pts',(-0.455877543106051,0.414667156705582,
0.141229698819811));
#4954=CARTESIAN_POINT('Ctrl Pts',(-0.442388520456252,0.448221287979796,
0.138859184839959));
#4955=CARTESIAN_POINT('Ctrl Pts',(-0.385776861214429,0.46465716682558,0.135164798693172));
#4956=CARTESIAN_POINT('Ctrl Pts',(-0.337950054287144,0.423079284810411,
0.131193182192368));
#4957=CARTESIAN_POINT('Ctrl Pts',(-0.346981346584553,0.360353166143069,
0.127221565691563));
#4958=CARTESIAN_POINT('Ctrl Pts',(-0.404595064137935,0.333956634403069,
0.123249949190759));
#4959=CARTESIAN_POINT('Ctrl Pts',(-0.449170266624472,0.362436850271584,
0.119934874171146));
#4960=CARTESIAN_POINT('Ctrl Pts',(-0.455906397827967,0.390572711795367,
0.117943671318469));
#4961=CARTESIAN_POINT('Ctrl Pts',(-0.455908271268967,0.400001294238653,
0.117276340632727));
#4962=CARTESIAN_POINT('Ctrl Pts',(-0.455909393979217,0.400008354232849,
0.146404761729478));
#4963=CARTESIAN_POINT('Ctrl Pts',(-0.455921158883456,0.408850430600621,
0.145778910037834));
#4964=CARTESIAN_POINT('Ctrl Pts',(-0.449774449017692,0.436380803343217,
0.143829186179257));
#4965=CARTESIAN_POINT('Ctrl Pts',(-0.406657968827497,0.465867437926524,
0.140555590153743));
#4966=CARTESIAN_POINT('Ctrl Pts',(-0.348246991703443,0.441285279885331,
0.136583973652939));
#4967=CARTESIAN_POINT('Ctrl Pts',(-0.337258726958181,0.378872270634671,
0.132612357152134));
#4968=CARTESIAN_POINT('Ctrl Pts',(-0.383762028243759,0.335819198053031,
0.12864074065133));
#4969=CARTESIAN_POINT('Ctrl Pts',(-0.441501016347179,0.350641390365685,
0.124904875510444));
#4970=CARTESIAN_POINT('Ctrl Pts',(-0.455893367051544,0.384758949579931,
0.122492882536493));
#4971=CARTESIAN_POINT('Ctrl Pts',(-0.456031229702947,0.400047378811053,
0.121404761729478));
#4972=CARTESIAN_POINT('Origin',(-0.400000000000001,0.4,0.329776340632727));
#4973=CARTESIAN_POINT('',(-0.456000523233575,0.399948698340496,0.171404761729478));
#4974=CARTESIAN_POINT('',(-0.456075429484841,0.400027787547669,0.167276340632727));
#4975=CARTESIAN_POINT('',(-0.456000000000001,0.400000000000001,0.329776340632727));
#4976=CARTESIAN_POINT('Ctrl Pts',(-0.456075429484841,0.400027787547669,
0.167276340632727));
#4977=CARTESIAN_POINT('Ctrl Pts',(-0.456085058881187,0.401610383816358,
0.167163470655021));
#4978=CARTESIAN_POINT('Ctrl Pts',(-0.455306232737436,0.4217459172387,0.165726728510381));
#4979=CARTESIAN_POINT('Ctrl Pts',(-0.431011822219904,0.458490296530268,
0.162966114198805));
#4980=CARTESIAN_POINT('Ctrl Pts',(-0.367643161179633,0.457757102267555,
0.158994497698));
#4981=CARTESIAN_POINT('Ctrl Pts',(-0.333923966560142,0.404099477776977,
0.155022881197196));
#4982=CARTESIAN_POINT('Ctrl Pts',(-0.360752069740915,0.346685387469591,
0.151051264696391));
#4983=CARTESIAN_POINT('Ctrl Pts',(-0.42354413661645,0.338124953388868,0.147079648195587));
#4984=CARTESIAN_POINT('Ctrl Pts',(-0.453899883541528,0.373576668453725,
0.144154673507698));
#4985=CARTESIAN_POINT('Ctrl Pts',(-0.456049724592828,0.396051322264348,
0.142553570986745));
#4986=CARTESIAN_POINT('Ctrl Pts',(-0.456013668290923,0.399949640018422,
0.142276340632727));
#4987=CARTESIAN_POINT('Ctrl Pts',(-0.456000523233575,0.399948698340495,
0.171404761729478));
#4988=CARTESIAN_POINT('Ctrl Pts',(-0.455868956215752,0.414243260613327,
0.170388809706111));
#4989=CARTESIAN_POINT('Ctrl Pts',(-0.443025898000346,0.4473749925304,0.168048985515808));
#4990=CARTESIAN_POINT('Ctrl Pts',(-0.387276670899807,0.464968953809631,
0.164385289158572));
#4991=CARTESIAN_POINT('Ctrl Pts',(-0.338500665684151,0.424508772810746,
0.160413672657767));
#4992=CARTESIAN_POINT('Ctrl Pts',(-0.346078201907716,0.361590525104904,
0.156442056156962));
#4993=CARTESIAN_POINT('Ctrl Pts',(-0.403065773539198,0.333867942122958,
0.152470439656158));
#4994=CARTESIAN_POINT('Ctrl Pts',(-0.448706613050852,0.361563348673235,
0.149124674846996));
#4995=CARTESIAN_POINT('Ctrl Pts',(-0.455896272429562,0.390146672254176,
0.147102782204769));
#4996=CARTESIAN_POINT('Ctrl Pts',(-0.455909393979217,0.400008354232849,
0.146404761729478));
#4997=CARTESIAN_POINT('Origin',(-0.400000000000001,0.4,0.329776340632727));
#4998=CARTESIAN_POINT('',(-0.456083026694063,0.400020837101826,0.196404761729477));
#4999=CARTESIAN_POINT('',(-0.455929584256055,0.400033932185241,0.192276340632727));
#5000=CARTESIAN_POINT('',(-0.456000000000001,0.400000000000001,0.329776340632727));
#5001=CARTESIAN_POINT('Ctrl Pts',(-0.455929584256055,0.400033932185241,
0.192276340632727));
#5002=CARTESIAN_POINT('Ctrl Pts',(-0.455968803451565,0.407133518959296,
0.191773370323297));
#5003=CARTESIAN_POINT('Ctrl Pts',(-0.451417717137093,0.432871573011492,
0.189946527846933));
#5004=CARTESIAN_POINT('Ctrl Pts',(-0.412723328859784,0.464968952581979,
0.186795813203633));
#5005=CARTESIAN_POINT('Ctrl Pts',(-0.352288586324827,0.445896284217253,
0.182824196702829));
#5006=CARTESIAN_POINT('Ctrl Pts',(-0.335573132111039,0.384767580845969,
0.178852580202024));
#5007=CARTESIAN_POINT('Ctrl Pts',(-0.377893799361344,0.337596764561781,
0.174880963701219));
#5008=CARTESIAN_POINT('Ctrl Pts',(-0.438692599068359,0.347323255367307,
0.17102221717812));
#5009=CARTESIAN_POINT('Ctrl Pts',(-0.455972113968231,0.383047828970531,
0.168487342821956));
#5010=CARTESIAN_POINT('Ctrl Pts',(-0.456075429484841,0.400027787547669,
0.167276340632727));
#5011=CARTESIAN_POINT('Ctrl Pts',(-0.456083026694063,0.400020837101826,
0.196404761729478));
#5012=CARTESIAN_POINT('Ctrl Pts',(-0.456088522475566,0.401172705720078,
0.196322581541321));
#5013=CARTESIAN_POINT('Ctrl Pts',(-0.455534016275333,0.420875076197105,
0.19491652918623));
#5014=CARTESIAN_POINT('Ctrl Pts',(-0.432356839431802,0.457757103359073,
0.192186604664205));
#5015=CARTESIAN_POINT('Ctrl Pts',(-0.368988177194092,0.458490297635393,
0.188214988163399));
#5016=CARTESIAN_POINT('Ctrl Pts',(-0.334036506072452,0.40562721377342,0.184243371662595));
#5017=CARTESIAN_POINT('Ctrl Pts',(-0.359529009405459,0.347607758372004,
0.18027175516179));
#5018=CARTESIAN_POINT('Ctrl Pts',(-0.42210620105637,0.337596763382642,0.176300138660986));
#5019=CARTESIAN_POINT('Ctrl Pts',(-0.453601108782584,0.372701136795605,
0.173344474183548));
#5020=CARTESIAN_POINT('Ctrl Pts',(-0.456040399265203,0.395616226367359,
0.171712681873045));
#5021=CARTESIAN_POINT('Ctrl Pts',(-0.456000523233575,0.399948698340495,
0.171404761729478));
#5022=CARTESIAN_POINT('Origin',(-0.400000000000001,0.4,0.329776340632727));
#5023=CARTESIAN_POINT('',(-0.455938193109905,0.400038990635634,0.221404761729478));
#5024=CARTESIAN_POINT('',(-0.455951705104539,0.399955376921692,0.217276340632727));
#5025=CARTESIAN_POINT('',(-0.456000000000001,0.400000000000001,0.329776340632727));
#5026=CARTESIAN_POINT('Ctrl Pts',(-0.455951705104539,0.399955376921692,
0.217276340632727));
#5027=CARTESIAN_POINT('Ctrl Pts',(-0.455857775223306,0.412548831094554,
0.216383269991574));
#5028=CARTESIAN_POINT('Ctrl Pts',(-0.445417164573341,0.443951707496519,
0.214166327183485));
#5029=CARTESIAN_POINT('Ctrl Pts',(-0.393342031298604,0.46586743668092,0.210625512208461));
#5030=CARTESIAN_POINT('Ctrl Pts',(-0.341031935730564,0.430093443392294,
0.206653895707657));
#5031=CARTESIAN_POINT('Ctrl Pts',(-0.342755909084926,0.366743993497475,
0.202682279206852));
#5032=CARTESIAN_POINT('Ctrl Pts',(-0.396934226518692,0.333867943372723,
0.198710662706047));
#5033=CARTESIAN_POINT('Ctrl Pts',(-0.44670482232529,0.358079704512822,0.195242016514672));
#5034=CARTESIAN_POINT('Ctrl Pts',(-0.455865574293955,0.388446639931456,
0.193097242490232));
#5035=CARTESIAN_POINT('Ctrl Pts',(-0.455929584256055,0.400033932185241,
0.192276340632727));
#5036=CARTESIAN_POINT('Ctrl Pts',(-0.455938193109905,0.400038990635634,
0.221404761729478));
#5037=CARTESIAN_POINT('Ctrl Pts',(-0.455980919111353,0.406702809698196,
0.220932481209597));
#5038=CARTESIAN_POINT('Ctrl Pts',(-0.451794951205336,0.431994390130655,
0.219136328522782));
#5039=CARTESIAN_POINT('Ctrl Pts',(-0.41422313905528,0.464657168053718,0.216016303669033));
#5040=CARTESIAN_POINT('Ctrl Pts',(-0.353363284318006,0.446987924421488,
0.212044687168227));
#5041=CARTESIAN_POINT('Ctrl Pts',(-0.335237937820116,0.386262332615673,
0.208073070667423));
#5042=CARTESIAN_POINT('Ctrl Pts',(-0.376455862938488,0.338124952218677,
0.204101454166618));
#5043=CARTESIAN_POINT('Ctrl Pts',(-0.437948645441126,0.346508255036086,
0.20021201785397));
#5044=CARTESIAN_POINT('Ctrl Pts',(-0.455999988823713,0.382616812409497,
0.197646453708256));
#5045=CARTESIAN_POINT('Ctrl Pts',(-0.456083026694063,0.400020837101826,
0.196404761729478));
#5046=CARTESIAN_POINT('Origin',(-0.400000000000001,0.4,0.329776340632727));
#5047=CARTESIAN_POINT('',(-0.455941367136774,0.399958985865552,0.246404761729478));
#5048=CARTESIAN_POINT('',(-0.456090018575728,0.399989351308388,0.242276340632727));
#5049=CARTESIAN_POINT('',(-0.456000000000001,0.400000000000001,0.329776340632727));
#5050=CARTESIAN_POINT('Ctrl Pts',(-0.456090018575728,0.399989351308387,
0.242276340632727));
#5051=CARTESIAN_POINT('Ctrl Pts',(-0.456043341564837,0.417968743969912,
0.24099316965985));
#5052=CARTESIAN_POINT('Ctrl Pts',(-0.436915689641082,0.454583466477991,
0.238386126520036));
#5053=CARTESIAN_POINT('Ctrl Pts',(-0.374532592283728,0.461108525575526,
0.234455211213289));
#5054=CARTESIAN_POINT('Ctrl Pts',(-0.334840037468773,0.41170590995162,0.230483594712484));
#5055=CARTESIAN_POINT('Ctrl Pts',(-0.354855371998948,0.351576744089486,
0.22651197821168));
#5056=CARTESIAN_POINT('Ctrl Pts',(-0.416237971447401,0.335819199271917,
0.222540361710875));
#5057=CARTESIAN_POINT('Ctrl Pts',(-0.452284388040779,0.369191216882599,
0.219461815851224));
#5058=CARTESIAN_POINT('Ctrl Pts',(-0.45599701522256,0.393880516745442,0.217707142158508));
#5059=CARTESIAN_POINT('Ctrl Pts',(-0.455951705104539,0.399955376921692,
0.217276340632727));
#5060=CARTESIAN_POINT('Ctrl Pts',(-0.455941367136774,0.399958985865552,
0.246404761729478));
#5061=CARTESIAN_POINT('Ctrl Pts',(-0.455859878011095,0.412125390095948,
0.245542380877873));
#5062=CARTESIAN_POINT('Ctrl Pts',(-0.445975315017457,0.443090068697837,
0.243356127859334));
#5063=CARTESIAN_POINT('Ctrl Pts',(-0.394867684856408,0.466003466374862,
0.23984600267386));
#5064=CARTESIAN_POINT('Ctrl Pts',(-0.341744077534518,0.431449959842652,
0.235874386173056));
#5065=CARTESIAN_POINT('Ctrl Pts',(-0.342001736149352,0.368077278084857,
0.231902769672251));
#5066=CARTESIAN_POINT('Ctrl Pts',(-0.395404935771126,0.333956633116338,
0.227931153171446));
#5067=CARTESIAN_POINT('Ctrl Pts',(-0.446167580810394,0.357214250065666,
0.224431817190522));
#5068=CARTESIAN_POINT('Ctrl Pts',(-0.455861151808363,0.388023139012954,
0.222256353376532));
#5069=CARTESIAN_POINT('Ctrl Pts',(-0.455938193109905,0.400038990635634,
0.221404761729478));
#5070=CARTESIAN_POINT('Origin',(-0.400000000000001,0.4,0.329776340632727));
#5071=CARTESIAN_POINT('',(-0.456077356911342,0.399964468656264,0.271404761729478));
#5072=CARTESIAN_POINT('',(-0.455982967937475,0.400051413680906,0.267276340632727));
#5073=CARTESIAN_POINT('',(-0.456000000000001,0.400000000000001,0.329776340632727));
#5074=CARTESIAN_POINT('',(-0.42776659502451,0.351368567769961,0.275590551181102));
#5075=CARTESIAN_POINT('Ctrl Pts',(-0.42776659502451,0.351368567769961,0.275590551181102));
#5076=CARTESIAN_POINT('Ctrl Pts',(-0.443947506108209,0.360607218259698,
0.274266679014168));
#5077=CARTESIAN_POINT('Ctrl Pts',(-0.455610096569503,0.379443236279127,
0.272871415863626));
#5078=CARTESIAN_POINT('Ctrl Pts',(-0.456081867164998,0.398965185784913,
0.271476152713084));
#5079=CARTESIAN_POINT('Ctrl Pts',(-0.456077356911342,0.399964468656264,
0.271404761729478));
#5080=CARTESIAN_POINT('',(-0.372296149819811,0.351412680379114,0.275590551181102));
#5081=CARTESIAN_POINT('Origin',(-0.400000000000001,0.4,0.275590551181102));
#5082=CARTESIAN_POINT('Ctrl Pts',(-0.372296149819811,0.351412680379114,
0.275590551181102));
#5083=CARTESIAN_POINT('Ctrl Pts',(-0.378072560854009,0.348058469491587,
0.27511749286118));
#5084=CARTESIAN_POINT('Ctrl Pts',(-0.40213082952709,0.339124152697328,0.273320562374323));
#5085=CARTESIAN_POINT('Ctrl Pts',(-0.443859507650193,0.353791079464278,
0.270549158858198));
#5086=CARTESIAN_POINT('Ctrl Pts',(-0.455860663260462,0.38633354543001,0.268250813661995));
#5087=CARTESIAN_POINT('Ctrl Pts',(-0.455982967937475,0.400051413680906,
0.267276340632727));
#5088=CARTESIAN_POINT('Origin',(0.399999999999999,0.4,0.175590551181102));
#5089=CARTESIAN_POINT('',(0.348933492081855,0.400048480588601,0.0856656800505057));
#5090=CARTESIAN_POINT('',(0.349031467301497,0.399933669104697,0.0780154223116988));
#5091=CARTESIAN_POINT('',(0.348949999999999,0.4,0.175590551181102));
#5092=CARTESIAN_POINT('',(0.358140498365287,0.429221304264073,0.0755905511811023));
#5093=CARTESIAN_POINT('Ctrl Pts',(0.349031467301497,0.399933669104697,0.0780154223116988));
#5094=CARTESIAN_POINT('Ctrl Pts',(0.349095567040685,0.410307288038715,0.0772071319348333));
#5095=CARTESIAN_POINT('Ctrl Pts',(0.352204321058505,0.420717733669427,0.0763988415579678));
#5096=CARTESIAN_POINT('Ctrl Pts',(0.358140498365287,0.429221304264073,0.0755905511811023));
#5097=CARTESIAN_POINT('',(0.441795229811868,0.429218296449109,0.0755905511811024));
#5098=CARTESIAN_POINT('Origin',(0.399999999999999,0.4,0.0755905511811023));
#5099=CARTESIAN_POINT('Ctrl Pts',(0.441795229811868,0.429218296449109,0.0755905511811024));
#5100=CARTESIAN_POINT('Ctrl Pts',(0.438553521516925,0.433942686148259,0.0760358522765443));
#5101=CARTESIAN_POINT('Ctrl Pts',(0.434556307649891,0.438125042003993,0.0764811533719861));
#5102=CARTESIAN_POINT('Ctrl Pts',(0.429947290914713,0.441458766034871,0.076926454467428));
#5103=CARTESIAN_POINT('Ctrl Pts',(0.416239020925335,0.451374023824354,0.0782508817788525));
#5104=CARTESIAN_POINT('Ctrl Pts',(0.397118720411211,0.453782253485119,0.079575309090277));
#5105=CARTESIAN_POINT('Ctrl Pts',(0.381365086378109,0.447613817766517,0.0808997364017015));
#5106=CARTESIAN_POINT('Ctrl Pts',(0.365611452345006,0.441445382047915,0.082224163713126));
#5107=CARTESIAN_POINT('Ctrl Pts',(0.353224484792926,0.426700280949947,0.0835485910245504));
#5108=CARTESIAN_POINT('Ctrl Pts',(0.349877783263523,0.410122152988644,0.0848730183359749));
#5109=CARTESIAN_POINT('Ctrl Pts',(0.349210123073232,0.40681484997041,0.0851372389074852));
#5110=CARTESIAN_POINT('Ctrl Pts',(0.348902260439636,0.403434593503114,0.0854014594789955));
#5111=CARTESIAN_POINT('Ctrl Pts',(0.348933492081855,0.400048480588601,0.0856656800505057));
#5112=CARTESIAN_POINT('Origin',(0.399999999999999,0.4,0.175590551181102));
#5113=CARTESIAN_POINT('',(0.34903369061871,0.400002419136126,0.110665680050506));
#5114=CARTESIAN_POINT('',(0.348885453871121,0.399971706812711,0.103015422311699));
#5115=CARTESIAN_POINT('',(0.348949999999999,0.4,0.175590551181102));
#5116=CARTESIAN_POINT('Ctrl Pts',(0.348885453871121,0.399971706812711,0.103015422311699));
#5117=CARTESIAN_POINT('Ctrl Pts',(0.348987827399866,0.415249867763179,0.101820362470047));
#5118=CARTESIAN_POINT('Ctrl Pts',(0.356290928181537,0.430612264812348,0.100625302628395));
#5119=CARTESIAN_POINT('Ctrl Pts',(0.368256622761276,0.440087761165393,0.0994302427867433));
#5120=CARTESIAN_POINT('Ctrl Pts',(0.381517626226732,0.450588997774541,0.0981058154753188));
#5121=CARTESIAN_POINT('Ctrl Pts',(0.400505331000715,0.453859812138105,0.0967813881638944));
#5122=CARTESIAN_POINT('Ctrl Pts',(0.416514082244973,0.448395710945774,0.0954569608524699));
#5123=CARTESIAN_POINT('Ctrl Pts',(0.43252283348923,0.442931609753444,0.0941325335410454));
#5124=CARTESIAN_POINT('Ctrl Pts',(0.445552631203762,0.428732593005219,0.0928081062296208));
#5125=CARTESIAN_POINT('Ctrl Pts',(0.44962812151043,0.412318425453395,0.0914836789181963));
#5126=CARTESIAN_POINT('Ctrl Pts',(0.453703611817098,0.395904257901571,0.0901592516067718));
#5127=CARTESIAN_POINT('Ctrl Pts',(0.448824794715903,0.377274939546147,0.0888348242953473));
#5128=CARTESIAN_POINT('Ctrl Pts',(0.437230646775298,0.364954136434111,0.0875103969839228));
#5129=CARTESIAN_POINT('Ctrl Pts',(0.425636498834692,0.352633333322075,0.0861859696724983));
#5130=CARTESIAN_POINT('Ctrl Pts',(0.407327020054675,0.346621045453427,0.0848615423610738));
#5131=CARTESIAN_POINT('Ctrl Pts',(0.390693144446876,0.349710316755376,0.0835371150496494));
#5132=CARTESIAN_POINT('Ctrl Pts',(0.374059268839077,0.352799588057326,0.0822126877382249));
#5133=CARTESIAN_POINT('Ctrl Pts',(0.359100996403495,0.364990418529873,0.0808882604268004));
#5134=CARTESIAN_POINT('Ctrl Pts',(0.352689617235392,0.38061245799085,0.0795638331153759));
#5135=CARTESIAN_POINT('Ctrl Pts',(0.35019106592829,0.38670045654645,0.0790476961808169));
#5136=CARTESIAN_POINT('Ctrl Pts',(0.348990536166056,0.393309554763943,0.0785315592462578));
#5137=CARTESIAN_POINT('Ctrl Pts',(0.349031467301497,0.399933669104697,0.0780154223116988));
#5138=CARTESIAN_POINT('Ctrl Pts',(0.348933492081855,0.400048480588601,0.0856656800505057));
#5139=CARTESIAN_POINT('Ctrl Pts',(0.349058811610875,0.386461424465161,0.08672588679042));
#5140=CARTESIAN_POINT('Ctrl Pts',(0.354643825422847,0.372780074767123,0.0877860935303342));
#5141=CARTESIAN_POINT('Ctrl Pts',(0.364350980597846,0.363339289879777,0.0888463002702485));
#5142=CARTESIAN_POINT('Ctrl Pts',(0.376477314968296,0.351545709556852,0.090170727581673));
#5143=CARTESIAN_POINT('Ctrl Pts',(0.39503641921592,0.34636970373564,0.0914951548930975));
#5144=CARTESIAN_POINT('Ctrl Pts',(0.41151706366031,0.350180035285017,0.0928195822045219));
#5145=CARTESIAN_POINT('Ctrl Pts',(0.427997708104699,0.353990366834393,0.0941440095159464));
#5146=CARTESIAN_POINT('Ctrl Pts',(0.442399892745853,0.366787035754359,0.0954684368273709));
#5147=CARTESIAN_POINT('Ctrl Pts',(0.448120806989363,0.382704889855065,0.0967928641387954));
#5148=CARTESIAN_POINT('Ctrl Pts',(0.453841721232873,0.398622743955771,0.0981172914502199));
#5149=CARTESIAN_POINT('Ctrl Pts',(0.450881365078739,0.417661783237218,0.0994417187616444));
#5150=CARTESIAN_POINT('Ctrl Pts',(0.440596688364175,0.431091116622966,0.100766146073069));
#5151=CARTESIAN_POINT('Ctrl Pts',(0.430312011649611,0.444520450008713,0.102090573384493));
#5152=CARTESIAN_POINT('Ctrl Pts',(0.412703014374617,0.45234007749876,0.103415000695918));
#5153=CARTESIAN_POINT('Ctrl Pts',(0.395843913731168,0.450965190465051,0.104739428007342));
#5154=CARTESIAN_POINT('Ctrl Pts',(0.378984813087718,0.449590303431343,0.106063855318767));
#5155=CARTESIAN_POINT('Ctrl Pts',(0.362875609075813,0.439020901873879,0.107388282630191));
#5156=CARTESIAN_POINT('Ctrl Pts',(0.354902513415589,0.424102906968122,0.108712709941616));
#5157=CARTESIAN_POINT('Ctrl Pts',(0.350983532140836,0.416770329361634,0.109363699977913));
#5158=CARTESIAN_POINT('Ctrl Pts',(0.349030214264255,0.4083871424947,0.110014690014209));
#5159=CARTESIAN_POINT('Ctrl Pts',(0.34903369061871,0.400002419136126,0.110665680050506));
#5160=CARTESIAN_POINT('Origin',(0.399999999999999,0.4,0.175590551181102));
#5161=CARTESIAN_POINT('',(0.348941151724182,0.399953624355183,0.135665680050506));
#5162=CARTESIAN_POINT('',(0.348929746493459,0.400044928859111,0.128015422311699));
#5163=CARTESIAN_POINT('',(0.348949999999999,0.4,0.175590551181102));
#5164=CARTESIAN_POINT('Ctrl Pts',(0.348929746493459,0.400044928859111,0.128015422311699));
#5165=CARTESIAN_POINT('Ctrl Pts',(0.348899421989292,0.403343193915047,0.127758020316685));
#5166=CARTESIAN_POINT('Ctrl Pts',(0.349191523365991,0.406636109705832,0.127500618321671));
#5167=CARTESIAN_POINT('Ctrl Pts',(0.349825538935383,0.409861821377851,0.127243216326658));
#5168=CARTESIAN_POINT('Ctrl Pts',(0.353087780690453,0.426459286510069,0.125918789015233));
#5169=CARTESIAN_POINT('Ctrl Pts',(0.365402127115534,0.441277537060624,0.124594361703809));
#5170=CARTESIAN_POINT('Ctrl Pts',(0.381122252473256,0.447522218151125,0.123269934392384));
#5171=CARTESIAN_POINT('Ctrl Pts',(0.396842377830979,0.453766899241625,0.12194550708096));
#5172=CARTESIAN_POINT('Ctrl Pts',(0.415968282121344,0.451438010872071,0.120621079769535));
#5173=CARTESIAN_POINT('Ctrl Pts',(0.429730447650324,0.441603296658519,0.119296652458111));
#5174=CARTESIAN_POINT('Ctrl Pts',(0.443492613179305,0.431768582444967,0.117972225146686));
#5175=CARTESIAN_POINT('Ctrl Pts',(0.4518910399469,0.414428042387416,0.116647797835262));
#5176=CARTESIAN_POINT('Ctrl Pts',(0.451074899428814,0.397532757585342,0.115323370523837));
#5177=CARTESIAN_POINT('Ctrl Pts',(0.450258758910728,0.380637472783267,0.113998943212413));
#5178=CARTESIAN_POINT('Ctrl Pts',(0.440228051106959,0.36418744323667,0.112674515900988));
#5179=CARTESIAN_POINT('Ctrl Pts',(0.425582048145338,0.355724931791833,0.111350088589564));
#5180=CARTESIAN_POINT('Ctrl Pts',(0.410936045183718,0.347262420346995,0.110025661278139));
#5181=CARTESIAN_POINT('Ctrl Pts',(0.391674747064244,0.346787427003916,0.108701233966715));
#5182=CARTESIAN_POINT('Ctrl Pts',(0.376629692344041,0.354518392530035,0.10737680665529));
#5183=CARTESIAN_POINT('Ctrl Pts',(0.361584637623837,0.362249358056153,0.106052379343866));
#5184=CARTESIAN_POINT('Ctrl Pts',(0.350755826302902,0.378186282451469,0.104727952032441));
#5185=CARTESIAN_POINT('Ctrl Pts',(0.349108571720899,0.395020574076492,0.103403524721017));
#5186=CARTESIAN_POINT('Ctrl Pts',(0.348947671114646,0.396664914761828,0.103274157251244));
#5187=CARTESIAN_POINT('Ctrl Pts',(0.348874371744583,0.398317817228228,0.103144789781471));
#5188=CARTESIAN_POINT('Ctrl Pts',(0.348885453871121,0.399971706812711,0.103015422311699));
#5189=CARTESIAN_POINT('Ctrl Pts',(0.34903369061871,0.400002419136126,0.110665680050506));
#5190=CARTESIAN_POINT('Ctrl Pts',(0.349037286843754,0.391328576317546,0.111339117325634));
#5191=CARTESIAN_POINT('Ctrl Pts',(0.351134951060489,0.38265308921879,0.112012554600762));
#5192=CARTESIAN_POINT('Ctrl Pts',(0.355316864630474,0.375137337037746,0.112685991875889));
#5193=CARTESIAN_POINT('Ctrl Pts',(0.363541298814122,0.360356350267178,0.114010419187314));
#5194=CARTESIAN_POINT('Ctrl Pts',(0.37982715448996,0.350060964980093,0.115334846498738));
#5195=CARTESIAN_POINT('Ctrl Pts',(0.396707082146946,0.348971693506337,0.116659273810163));
#5196=CARTESIAN_POINT('Ctrl Pts',(0.413587009803933,0.347882422032581,0.117983701121587));
#5197=CARTESIAN_POINT('Ctrl Pts',(0.43106100944207,0.355999264372156,0.119308128433012));
#5198=CARTESIAN_POINT('Ctrl Pts',(0.441116993280848,0.369600563830412,0.120632555744436));
#5199=CARTESIAN_POINT('Ctrl Pts',(0.451172977119626,0.383201863288669,0.121956983055861));
#5200=CARTESIAN_POINT('Ctrl Pts',(0.453810945159046,0.402287619865609,0.123281410367285));
#5201=CARTESIAN_POINT('Ctrl Pts',(0.447821339944942,0.418106692889667,0.12460583767871));
#5202=CARTESIAN_POINT('Ctrl Pts',(0.441831734730837,0.433925765913725,0.125930264990134));
#5203=CARTESIAN_POINT('Ctrl Pts',(0.427214556263208,0.4464781553849,0.127254692301559));
#5204=CARTESIAN_POINT('Ctrl Pts',(0.410672014060441,0.450008405203714,0.128579119612983));
#5205=CARTESIAN_POINT('Ctrl Pts',(0.394129471857674,0.453538655022528,0.129903546924408));
#5206=CARTESIAN_POINT('Ctrl Pts',(0.37566156591977,0.44804676518898,0.131227974235832));
#5207=CARTESIAN_POINT('Ctrl Pts',(0.363736118668566,0.436050847498362,0.132552401547257));
#5208=CARTESIAN_POINT('Ctrl Pts',(0.354391894124986,0.426651405603541,0.13359016104834));
#5209=CARTESIAN_POINT('Ctrl Pts',(0.349064450724105,0.413258777400798,0.134627920549423));
#5210=CARTESIAN_POINT('Ctrl Pts',(0.348941151724182,0.399953624355183,0.135665680050506));
#5211=CARTESIAN_POINT('Origin',(0.399999999999999,0.4,0.175590551181102));
#5212=CARTESIAN_POINT('',(0.348877997410725,0.400022808021169,0.160665680050506));
#5213=CARTESIAN_POINT('',(0.349033526739235,0.400003827104258,0.153015422311699));
#5214=CARTESIAN_POINT('',(0.348949999999999,0.4,0.175590551181102));
#5215=CARTESIAN_POINT('Ctrl Pts',(0.349033526739235,0.400003827104258,0.153015422311699));
#5216=CARTESIAN_POINT('Ctrl Pts',(0.349027988671599,0.408300642488848,0.152371250851899));
#5217=CARTESIAN_POINT('Ctrl Pts',(0.350938599255499,0.416595053606881,0.151727079392099));
#5218=CARTESIAN_POINT('Ctrl Pts',(0.354779185549679,0.423870689311139,0.151082907932299));
#5219=CARTESIAN_POINT('Ctrl Pts',(0.362675495301548,0.438829518188291,0.149758480620874));
#5220=CARTESIAN_POINT('Ctrl Pts',(0.378730207789523,0.449481774667172,0.14843405330945));
#5221=CARTESIAN_POINT('Ctrl Pts',(0.39558198549566,0.450943232953009,0.147109625998025));
#5222=CARTESIAN_POINT('Ctrl Pts',(0.412433763201796,0.452404691238845,0.145785198686601));
#5223=CARTESIAN_POINT('Ctrl Pts',(0.430082606126092,0.444675351331636,0.144460771375176));
#5224=CARTESIAN_POINT('Ctrl Pts',(0.44043624320933,0.431299235151635,0.143136344063752));
#5225=CARTESIAN_POINT('Ctrl Pts',(0.450789880292568,0.417923118971635,0.141811916752327));
#5226=CARTESIAN_POINT('Ctrl Pts',(0.453848311534748,0.398900226518842,0.140487489440903));
#5227=CARTESIAN_POINT('Ctrl Pts',(0.448209197916546,0.382952855451727,0.139163062129478));
#5228=CARTESIAN_POINT('Ctrl Pts',(0.442570084298345,0.367005484384612,0.137838634818054));
#5229=CARTESIAN_POINT('Ctrl Pts',(0.428233425819762,0.354133634703173,0.136514207506629));
#5230=CARTESIAN_POINT('Ctrl Pts',(0.41177280585864,0.35023924516181,0.135189780195205));
#5231=CARTESIAN_POINT('Ctrl Pts',(0.395312185897518,0.346344855620447,0.13386535288378));
#5232=CARTESIAN_POINT('Ctrl Pts',(0.376727604453857,0.351427926219159,0.132540925572356));
#5233=CARTESIAN_POINT('Ctrl Pts',(0.364540382274555,0.363157801375456,0.131216498260931));
#5234=CARTESIAN_POINT('Ctrl Pts',(0.354721742557703,0.37260797930681,0.13014947294452));
#5235=CARTESIAN_POINT('Ctrl Pts',(0.349055452642909,0.386372415113718,0.12908244762811));
#5236=CARTESIAN_POINT('Ctrl Pts',(0.348929746493459,0.400044928859111,0.128015422311699));
#5237=CARTESIAN_POINT('Ctrl Pts',(0.348941151724182,0.399953624355183,0.135665680050506));
#5238=CARTESIAN_POINT('Ctrl Pts',(0.348907091949939,0.39627824572857,0.135952347860847));
#5239=CARTESIAN_POINT('Ctrl Pts',(0.349270144861155,0.392609542069422,0.136239015671189));
#5240=CARTESIAN_POINT('Ctrl Pts',(0.350055338693682,0.389033528973113,0.13652568348153));
#5241=CARTESIAN_POINT('Ctrl Pts',(0.353682994534506,0.37251207368617,0.137850110792955));
#5242=CARTESIAN_POINT('Ctrl Pts',(0.366321294780659,0.35796910865997,0.139174538104379));
#5243=CARTESIAN_POINT('Ctrl Pts',(0.382175380048091,0.352072809871519,0.140498965415804));
#5244=CARTESIAN_POINT('Ctrl Pts',(0.398029465315524,0.346176511083068,0.141823392727228));
#5245=CARTESIAN_POINT('Ctrl Pts',(0.417099335604235,0.348926878532364,0.143147820038653));
#5246=CARTESIAN_POINT('Ctrl Pts',(0.430641156630507,0.35906282640459,0.144472247350077));
#5247=CARTESIAN_POINT('Ctrl Pts',(0.444182977656778,0.369198774276815,0.145796674661502));
#5248=CARTESIAN_POINT('Ctrl Pts',(0.452196749420609,0.386720302571969,0.147121101972926));
#5249=CARTESIAN_POINT('Ctrl Pts',(0.451008031761808,0.4035935154066,0.148445529284351));
#5250=CARTESIAN_POINT('Ctrl Pts',(0.449819314103007,0.42046672824123,0.149769956595775));
#5251=CARTESIAN_POINT('Ctrl Pts',(0.439428107021574,0.436691625615336,0.1510943839072));
#5252=CARTESIAN_POINT('Ctrl Pts',(0.424598941981927,0.444828837869082,0.152418811218624));
#5253=CARTESIAN_POINT('Ctrl Pts',(0.409769776942279,0.452966050122828,0.153743238530049));
#5254=CARTESIAN_POINT('Ctrl Pts',(0.390502653944418,0.453015577256213,0.155067665841473));
#5255=CARTESIAN_POINT('Ctrl Pts',(0.375631850972376,0.444954710195071,0.156392093152898));
#5256=CARTESIAN_POINT('Ctrl Pts',(0.360761048000335,0.436893843133928,0.157716520464322));
#5257=CARTESIAN_POINT('Ctrl Pts',(0.350286565054113,0.420722581878258,0.159040947775747));
#5258=CARTESIAN_POINT('Ctrl Pts',(0.349011116833947,0.403855703349396,0.160365375087171));
#5259=CARTESIAN_POINT('Ctrl Pts',(0.348914717072408,0.402580886353781,0.160465476741616));
#5260=CARTESIAN_POINT('Ctrl Pts',(0.348870866801817,0.401302095644109,0.160565578396061));
#5261=CARTESIAN_POINT('Ctrl Pts',(0.348877997410725,0.400022808021169,0.160665680050506));
#5262=CARTESIAN_POINT('Origin',(0.399999999999999,0.4,0.175590551181102));
#5263=CARTESIAN_POINT('',(0.349010268634206,0.400033537355585,0.185665680050506));
#5264=CARTESIAN_POINT('',(0.34894382832698,0.399953414576915,0.178015422311699));
#5265=CARTESIAN_POINT('',(0.348949999999999,0.4,0.175590551181102));
#5266=CARTESIAN_POINT('Ctrl Pts',(0.34894382832698,0.399953414576915,0.178015422311699));
#5267=CARTESIAN_POINT('Ctrl Pts',(0.349066243459957,0.413172914768524,0.176984481387112));
#5268=CARTESIAN_POINT('Ctrl Pts',(0.354316564431161,0.426478647412255,0.175953540462526));
#5269=CARTESIAN_POINT('Ctrl Pts',(0.363551263469781,0.435863929875517,0.174922599537939));
#5270=CARTESIAN_POINT('Ctrl Pts',(0.375414879830186,0.447920997475936,0.173598172226515));
#5271=CARTESIAN_POINT('Ctrl Pts',(0.393854305895905,0.453507761829593,0.172273744915091));
#5272=CARTESIAN_POINT('Ctrl Pts',(0.410414775666759,0.450062603887948,0.170949317603666));
#5273=CARTESIAN_POINT('Ctrl Pts',(0.426975245437613,0.446617445946302,0.169624890292241));
#5274=CARTESIAN_POINT('Ctrl Pts',(0.441656758913601,0.434140365709354,0.168300462980817));
#5275=CARTESIAN_POINT('Ctrl Pts',(0.447727611948422,0.418352300089362,0.166976035669392));
#5276=CARTESIAN_POINT('Ctrl Pts',(0.453798464983243,0.40256423446937,0.165651608357968));
#5277=CARTESIAN_POINT('Ctrl Pts',(0.451258657576898,0.383465183466334,0.164327181046544));
#5278=CARTESIAN_POINT('Ctrl Pts',(0.441272731245823,0.369812361514911,0.163002753735119));
#5279=CARTESIAN_POINT('Ctrl Pts',(0.431286804914749,0.356159539563489,0.161678326423695));
#5280=CARTESIAN_POINT('Ctrl Pts',(0.413854759658946,0.347952946663679,0.16035389911227));
#5281=CARTESIAN_POINT('Ctrl Pts',(0.396969461591569,0.348955434233653,0.159029471800846));
#5282=CARTESIAN_POINT('Ctrl Pts',(0.380084163524191,0.349957921803627,0.157705044489421));
#5283=CARTESIAN_POINT('Ctrl Pts',(0.36374561264524,0.360169489843385,0.156380617177996));
#5284=CARTESIAN_POINT('Ctrl Pts',(0.355445290713645,0.374907974500976,0.155056189866572));
#5285=CARTESIAN_POINT('Ctrl Pts',(0.351182057453783,0.382477993894202,0.154375934014948));
#5286=CARTESIAN_POINT('Ctrl Pts',(0.349039375031424,0.391242251083853,0.153695678163323));
#5287=CARTESIAN_POINT('Ctrl Pts',(0.349033526739235,0.400003827104258,0.153015422311699));
#5288=CARTESIAN_POINT('Ctrl Pts',(0.348877997410725,0.400022808021169,0.160665680050506));
#5289=CARTESIAN_POINT('Ctrl Pts',(0.34896521062898,0.384376067034636,0.161890005707485));
#5290=CARTESIAN_POINT('Ctrl Pts',(0.356678808639338,0.368654991281119,0.163114331364465));
#5291=CARTESIAN_POINT('Ctrl Pts',(0.369148787679283,0.359220895638223,0.164338657021445));
#5292=CARTESIAN_POINT('Ctrl Pts',(0.382638320238894,0.349015462257969,0.165663084332869));
#5293=CARTESIAN_POINT('Ctrl Pts',(0.401693798852227,0.346167091299516,0.166987511644294));
#5294=CARTESIAN_POINT('Ctrl Pts',(0.417577987771561,0.351981805525005,0.168311938955718));
#5295=CARTESIAN_POINT('Ctrl Pts',(0.433462176690895,0.357796519750494,0.169636366267143));
#5296=CARTESIAN_POINT('Ctrl Pts',(0.44617507591623,0.372274319159926,0.170960793578567));
#5297=CARTESIAN_POINT('Ctrl Pts',(0.449887621799935,0.388776905694695,0.172285220889992));
#5298=CARTESIAN_POINT('Ctrl Pts',(0.453600167683639,0.405279492229464,0.173609648201416));
#5299=CARTESIAN_POINT('Ctrl Pts',(0.448312360225714,0.423806865889569,0.174934075512841));
#5300=CARTESIAN_POINT('Ctrl Pts',(0.436448742064102,0.435863935320599,0.176258502824265));
#5301=CARTESIAN_POINT('Ctrl Pts',(0.42458512390249,0.447921004751629,0.17758293013569));
#5302=CARTESIAN_POINT('Ctrl Pts',(0.406145695037192,0.453507769953583,0.178907357447114));
#5303=CARTESIAN_POINT('Ctrl Pts',(0.389585222752008,0.450062611488828,0.180231784758539));
#5304=CARTESIAN_POINT('Ctrl Pts',(0.373024750466824,0.446617453024073,0.181556212069963));
#5305=CARTESIAN_POINT('Ctrl Pts',(0.358343234761754,0.434140370892609,0.182880639381388));
#5306=CARTESIAN_POINT('Ctrl Pts',(0.352272380805234,0.418352302875643,0.184205066692812));
#5307=CARTESIAN_POINT('Ctrl Pts',(0.350040681537933,0.41254847032129,0.184691937812043));
#5308=CARTESIAN_POINT('Ctrl Pts',(0.348972594562083,0.406297203645647,0.185178808931275));
#5309=CARTESIAN_POINT('Ctrl Pts',(0.349010268634206,0.400033537355585,0.185665680050506));
#5310=CARTESIAN_POINT('Origin',(0.399999999999999,0.4,0.175590551181102));
#5311=CARTESIAN_POINT('',(0.349000216081096,0.399961515765956,0.210665680050506));
#5312=CARTESIAN_POINT('',(0.348876472553701,0.400021392898273,0.203015422311699));
#5313=CARTESIAN_POINT('',(0.348949999999999,0.4,0.175590551181102));
#5314=CARTESIAN_POINT('Ctrl Pts',(0.348876472553701,0.400021392898273,0.203015422311699));
#5315=CARTESIAN_POINT('Ctrl Pts',(0.348870178131444,0.401213444998106,0.202922139233751));
#5316=CARTESIAN_POINT('Ctrl Pts',(0.348908251323329,0.402405088002983,0.202828856155802));
#5317=CARTESIAN_POINT('Ctrl Pts',(0.348991975982451,0.403593514861585,0.202735573077854));
#5318=CARTESIAN_POINT('Ctrl Pts',(0.350180693460686,0.420466725134887,0.20141114576643));
#5319=CARTESIAN_POINT('Ctrl Pts',(0.360571898964675,0.436691620044517,0.200086718455005));
#5320=CARTESIAN_POINT('Ctrl Pts',(0.375401061752909,0.444828831062562,0.19876229114358));
#5321=CARTESIAN_POINT('Ctrl Pts',(0.390230224541143,0.452966042080606,0.197437863832156));
#5322=CARTESIAN_POINT('Ctrl Pts',(0.409497344613622,0.453015569207064,0.196113436520731));
#5323=CARTESIAN_POINT('Ctrl Pts',(0.424368145327853,0.444954703369915,0.194789009209307));
#5324=CARTESIAN_POINT('Ctrl Pts',(0.439238946042084,0.436893837532765,0.193464581897882));
#5325=CARTESIAN_POINT('Ctrl Pts',(0.449713427398066,0.420722578732009,0.192140154586458));
#5326=CARTESIAN_POINT('Ctrl Pts',(0.450988875424601,0.403855702763911,0.190815727275033));
#5327=CARTESIAN_POINT('Ctrl Pts',(0.452264323451135,0.386988826795813,0.189491299963609));
#5328=CARTESIAN_POINT('Ctrl Pts',(0.444340738148222,0.369426333660375,0.188166872652184));
#5329=CARTESIAN_POINT('Ctrl Pts',(0.430851207636672,0.35922090182962,0.18684244534076));
#5330=CARTESIAN_POINT('Ctrl Pts',(0.417361677125121,0.349015469998865,0.185518018029336));
#5331=CARTESIAN_POINT('Ctrl Pts',(0.398306201404934,0.346167099472793,0.184193590717911));
#5332=CARTESIAN_POINT('Ctrl Pts',(0.382422014897249,0.351981812815426,0.182869163406487));
#5333=CARTESIAN_POINT('Ctrl Pts',(0.366537828389563,0.35779652615806,0.181544736095062));
#5334=CARTESIAN_POINT('Ctrl Pts',(0.353824931094379,0.372274323369399,0.180220308783637));
#5335=CARTESIAN_POINT('Ctrl Pts',(0.350112385774332,0.388776907398658,0.178895881472213));
#5336=CARTESIAN_POINT('Ctrl Pts',(0.349289704527461,0.392433796469475,0.178602395085375));
#5337=CARTESIAN_POINT('Ctrl Pts',(0.348908979409632,0.396190111312378,0.178308908698537));
#5338=CARTESIAN_POINT('Ctrl Pts',(0.34894382832698,0.399953414576915,0.178015422311699));
#5339=CARTESIAN_POINT('Ctrl Pts',(0.349010268634206,0.400033537355585,0.185665680050506));
#5340=CARTESIAN_POINT('Ctrl Pts',(0.349075078706411,0.389258257656602,0.186503236242699));
#5341=CARTESIAN_POINT('Ctrl Pts',(0.352412249477351,0.378446282858821,0.187340792434892));
#5342=CARTESIAN_POINT('Ctrl Pts',(0.358727262487914,0.369812356931787,0.188178348627086));
#5343=CARTESIAN_POINT('Ctrl Pts',(0.368713190335084,0.356159532907366,0.18950277593851));
#5344=CARTESIAN_POINT('Ctrl Pts',(0.386145238237392,0.34795293876099,0.190827203249935));
#5345=CARTESIAN_POINT('Ctrl Pts',(0.403030538868473,0.348955426483422,0.192151630561359));
#5346=CARTESIAN_POINT('Ctrl Pts',(0.419915839499554,0.349957914205853,0.193476057872784));
#5347=CARTESIAN_POINT('Ctrl Pts',(0.436254392859407,0.360169483797091,0.194800485184208));
#5348=CARTESIAN_POINT('Ctrl Pts',(0.444554716051087,0.374907970691909,0.196124912495632));
#5349=CARTESIAN_POINT('Ctrl Pts',(0.452855039242767,0.389646457586728,0.197449339807057));
#5350=CARTESIAN_POINT('Ctrl Pts',(0.453117132266273,0.408911861785127,0.198773767118482));
#5351=CARTESIAN_POINT('Ctrl Pts',(0.445220821315773,0.423870692934286,0.200098194429906));
#5352=CARTESIAN_POINT('Ctrl Pts',(0.437324510365272,0.438829524083445,0.201422621741331));
#5353=CARTESIAN_POINT('Ctrl Pts',(0.421269795440765,0.449481782183363,0.202747049052755));
#5354=CARTESIAN_POINT('Ctrl Pts',(0.404418015175627,0.450943240689511,0.20407147636418));
#5355=CARTESIAN_POINT('Ctrl Pts',(0.387566234910488,0.452404699195658,0.205395903675604));
#5356=CARTESIAN_POINT('Ctrl Pts',(0.369917389304718,0.444675358108034,0.206720330987028));
#5357=CARTESIAN_POINT('Ctrl Pts',(0.359563750650385,0.431299239900069,0.208044758298453));
#5358=CARTESIAN_POINT('Ctrl Pts',(0.35273411278151,0.422475864224944,0.208918398882471));
#5359=CARTESIAN_POINT('Ctrl Pts',(0.349078767549795,0.411195461195267,0.209792039466488));
#5360=CARTESIAN_POINT('Ctrl Pts',(0.349000216081096,0.399961515765956,0.210665680050506));
#5361=CARTESIAN_POINT('Origin',(0.399999999999999,0.4,0.175590551181102));
#5362=CARTESIAN_POINT('',(0.348870896972487,0.399984922412951,0.235665680050506));
#5363=CARTESIAN_POINT('',(0.349008493699968,0.400034542175967,0.228015422311699));
#5364=CARTESIAN_POINT('',(0.348949999999999,0.4,0.175590551181102));
#5365=CARTESIAN_POINT('Ctrl Pts',(0.349008493699968,0.400034542175967,0.228015422311699));
#5366=CARTESIAN_POINT('Ctrl Pts',(0.348970147374528,0.406209945720293,0.227535369768964));
#5367=CARTESIAN_POINT('Ctrl Pts',(0.350007672535267,0.412372902420783,0.227055317226229));
#5368=CARTESIAN_POINT('Ctrl Pts',(0.352178667312166,0.418106690163707,0.226575264683495));
#5369=CARTESIAN_POINT('Ctrl Pts',(0.358168271614864,0.433925760804141,0.22525083737207));
#5370=CARTESIAN_POINT('Ctrl Pts',(0.37278544786943,0.446478148325666,0.223926410060646));
#5371=CARTESIAN_POINT('Ctrl Pts',(0.389327987561867,0.450008397598523,0.222601982749221));
#5372=CARTESIAN_POINT('Ctrl Pts',(0.405870527254305,0.453538646871381,0.221277555437797));
#5373=CARTESIAN_POINT('Ctrl Pts',(0.424338430384613,0.448046757895571,0.219953128126372));
#5374=CARTESIAN_POINT('Ctrl Pts',(0.436263875824448,0.436050842031713,0.218628700814948));
#5375=CARTESIAN_POINT('Ctrl Pts',(0.448189321264283,0.424054926167854,0.217304273503523));
#5376=CARTESIAN_POINT('Ctrl Pts',(0.453572309013643,0.405554983415946,0.215979846192099));
#5377=CARTESIAN_POINT('Ctrl Pts',(0.44994465372405,0.389033530634421,0.214655418880674));
#5378=CARTESIAN_POINT('Ctrl Pts',(0.446316998434456,0.372512077852896,0.21333099156925));
#5379=CARTESIAN_POINT('Ctrl Pts',(0.433678700105908,0.357969115041754,0.212006564257825));
#5380=CARTESIAN_POINT('Ctrl Pts',(0.417824617245282,0.352072817150136,0.210682136946401));
#5381=CARTESIAN_POINT('Ctrl Pts',(0.401970534384657,0.346176519258519,0.209357709634976));
#5382=CARTESIAN_POINT('Ctrl Pts',(0.382900666991955,0.348926886286427,0.208033282323552));
#5383=CARTESIAN_POINT('Ctrl Pts',(0.369358848021844,0.359062832618868,0.206708855012127));
#5384=CARTESIAN_POINT('Ctrl Pts',(0.356770816808641,0.368484876222444,0.205477710778651));
#5385=CARTESIAN_POINT('Ctrl Pts',(0.348959545945315,0.384288763776334,0.204246566545175));
#5386=CARTESIAN_POINT('Ctrl Pts',(0.348876472553701,0.400021392898273,0.203015422311699));
#5387=CARTESIAN_POINT('Ctrl Pts',(0.349000216081096,0.399961515765956,0.210665680050506));
#5388=CARTESIAN_POINT('Ctrl Pts',(0.348959684585471,0.394164951837277,0.211116466777913));
#5389=CARTESIAN_POINT('Ctrl Pts',(0.349871445975125,0.388380756875115,0.21156725350532));
#5390=CARTESIAN_POINT('Ctrl Pts',(0.351790794765886,0.382952852870184,0.212018040232727));
#5391=CARTESIAN_POINT('Ctrl Pts',(0.357429909238613,0.36700547937657,0.213342467544151));
#5392=CARTESIAN_POINT('Ctrl Pts',(0.37176656988696,0.354133627717649,0.214666894855575));
#5393=CARTESIAN_POINT('Ctrl Pts',(0.388227192350366,0.350239237594568,0.215991322167));
#5394=CARTESIAN_POINT('Ctrl Pts',(0.404687814813772,0.346344847471486,0.217315749478424));
#5395=CARTESIAN_POINT('Ctrl Pts',(0.423272399092238,0.351427918884244,0.218640176789849));
#5396=CARTESIAN_POINT('Ctrl Pts',(0.435459623115947,0.363157795804195,0.219964604101274));
#5397=CARTESIAN_POINT('Ctrl Pts',(0.447646847139657,0.374887672724147,0.221289031412698));
#5398=CARTESIAN_POINT('Ctrl Pts',(0.453436710908611,0.393264355151293,0.222613458724123));
#5399=CARTESIAN_POINT('Ctrl Pts',(0.45017446866952,0.40986182283442,0.223937886035547));
#5400=CARTESIAN_POINT('Ctrl Pts',(0.44691222643043,0.426459290517547,0.225262313346971));
#5401=CARTESIAN_POINT('Ctrl Pts',(0.434597878183295,0.441277543456654,0.226586740658396));
#5402=CARTESIAN_POINT('Ctrl Pts',(0.418877750417437,0.447522225440051,0.22791116796982));
#5403=CARTESIAN_POINT('Ctrl Pts',(0.403157622651579,0.453766907423448,0.229235595281245));
#5404=CARTESIAN_POINT('Ctrl Pts',(0.384031715366998,0.451438018451134,0.23056002259267));
#5405=CARTESIAN_POINT('Ctrl Pts',(0.370269547789154,0.441603302842018,0.231884449904094));
#5406=CARTESIAN_POINT('Ctrl Pts',(0.357172585684241,0.43224395614633,0.233144859952898));
#5407=CARTESIAN_POINT('Ctrl Pts',(0.348933373488315,0.416086846946243,0.234405270001702));
#5408=CARTESIAN_POINT('Ctrl Pts',(0.348870896972487,0.399984922412951,0.235665680050506));
#5409=CARTESIAN_POINT('Origin',(0.399999999999999,0.4,0.175590551181102));
#5410=CARTESIAN_POINT('',(0.34895525122099,0.400047136379446,0.260665680050506));
#5411=CARTESIAN_POINT('',(0.349002369552237,0.39996199560196,0.253015422311699));
#5412=CARTESIAN_POINT('',(0.348949999999999,0.4,0.175590551181102));
#5413=CARTESIAN_POINT('',(0.441859501634711,0.429221304264074,0.275590551181102));
#5414=CARTESIAN_POINT('Ctrl Pts',(0.34895525122099,0.400047136379446,0.260665680050506));
#5415=CARTESIAN_POINT('Ctrl Pts',(0.349073026210547,0.387199259848671,0.261667355159765));
#5416=CARTESIAN_POINT('Ctrl Pts',(0.354000585345445,0.374272442574201,0.262669030269023));
#5417=CARTESIAN_POINT('Ctrl Pts',(0.362769339923814,0.364954121522068,0.263670705378282));
#5418=CARTESIAN_POINT('Ctrl Pts',(0.374363496495566,0.352633321310508,0.264995132689706));
#5419=CARTESIAN_POINT('Ctrl Pts',(0.392673006838611,0.346621059436031,0.266319560001131));
#5420=CARTESIAN_POINT('Ctrl Pts',(0.409306871584825,0.349710322574427,0.267643987312555));
#5421=CARTESIAN_POINT('Ctrl Pts',(0.425940736331039,0.352799585712824,0.26896841462398));
#5422=CARTESIAN_POINT('Ctrl Pts',(0.440898955480422,0.364990373864095,0.270292841935404));
#5423=CARTESIAN_POINT('Ctrl Pts',(0.447310333355996,0.380612413911198,0.271617269246829));
#5424=CARTESIAN_POINT('Ctrl Pts',(0.45372171123157,0.396234453958301,0.272941696558253));
#5425=CARTESIAN_POINT('Ctrl Pts',(0.451586247833335,0.415287745901235,0.274266123869678));
#5426=CARTESIAN_POINT('Ctrl Pts',(0.441859501634711,0.429221304264074,0.275590551181102));
#5427=CARTESIAN_POINT('',(0.358204769757446,0.429218283994518,0.275590551181102));
#5428=CARTESIAN_POINT('Origin',(0.399999999999999,0.4,0.275590551181102));
#5429=CARTESIAN_POINT('Ctrl Pts',(0.358204769757446,0.429218283994518,0.275590551181102));
#5430=CARTESIAN_POINT('Ctrl Pts',(0.361446483548803,0.433942684640624,0.27514525008566));
#5431=CARTESIAN_POINT('Ctrl Pts',(0.365443702220584,0.43812505008387,0.274699948990218));
#5432=CARTESIAN_POINT('Ctrl Pts',(0.370052721080347,0.441458778159032,0.274254647894777));
#5433=CARTESIAN_POINT('Ctrl Pts',(0.383760997388726,0.451374047977143,0.272930220583352));
#5434=CARTESIAN_POINT('Ctrl Pts',(0.402881280513031,0.453782240630937,0.271605793271928));
#5435=CARTESIAN_POINT('Ctrl Pts',(0.418634907988713,0.447613798594925,0.270281365960503));
#5436=CARTESIAN_POINT('Ctrl Pts',(0.434388535464396,0.441445356558913,0.268956938649079));
#5437=CARTESIAN_POINT('Ctrl Pts',(0.446775507291454,0.426700279833094,0.267632511337654));
#5438=CARTESIAN_POINT('Ctrl Pts',(0.450122210165404,0.410122158783572,0.26630808402623));
#5439=CARTESIAN_POINT('Ctrl Pts',(0.453468913039355,0.393544037734051,0.264983656714805));
#5440=CARTESIAN_POINT('Ctrl Pts',(0.447775346960197,0.375132872360826,0.263659229403381));
#5441=CARTESIAN_POINT('Ctrl Pts',(0.435649013649295,0.363339291111967,0.262334802091956));
#5442=CARTESIAN_POINT('Ctrl Pts',(0.423522680338392,0.351545709863109,0.261010374780532));
#5443=CARTESIAN_POINT('Ctrl Pts',(0.404963579795744,0.346369712738616,0.259685947469107));
#5444=CARTESIAN_POINT('Ctrl Pts',(0.388482938165129,0.350180045358659,0.258361520157683));
#5445=CARTESIAN_POINT('Ctrl Pts',(0.372002296534515,0.353990377978702,0.257037092846258));
#5446=CARTESIAN_POINT('Ctrl Pts',(0.357600113815933,0.36678704034328,0.255712665534834));
#5447=CARTESIAN_POINT('Ctrl Pts',(0.35187920032746,0.38270489104718,0.254388238223409));
#5448=CARTESIAN_POINT('Ctrl Pts',(0.349902557039516,0.388204696771523,0.253930632919506));
#5449=CARTESIAN_POINT('Ctrl Pts',(0.348962269995632,0.394077105042638,0.253473027615602));
#5450=CARTESIAN_POINT('Ctrl Pts',(0.349002369552237,0.39996199560196,0.253015422311699));
#5451=CARTESIAN_POINT('Origin',(0.399999999999999,0.4,0.329776340632727));
#5452=CARTESIAN_POINT('',(0.337420976825565,0.399965360936229,0.0964047617294774));
#5453=CARTESIAN_POINT('',(0.337479789522349,0.400059354295545,0.092276340632727));
#5454=CARTESIAN_POINT('',(0.337499999999999,0.400000000000001,0.329776340632727));
#5455=CARTESIAN_POINT('',(0.430989503375568,0.345723847957546,0.0755905511811023));
#5456=CARTESIAN_POINT('Ctrl Pts',(0.337479789522349,0.400059354295546,0.092276340632727));
#5457=CARTESIAN_POINT('Ctrl Pts',(0.33744155293785,0.404204938177173,0.0920121200612168));
#5458=CARTESIAN_POINT('Ctrl Pts',(0.339707774001675,0.429087491534986,0.090423472178282));
#5459=CARTESIAN_POINT('Ctrl Pts',(0.37306368743522,0.468793441657546,0.0875103969839228));
#5460=CARTESIAN_POINT('Ctrl Pts',(0.443290060528229,0.459948327820262,0.0835371150496493));
#5461=CARTESIAN_POINT('Ctrl Pts',(0.473761067376782,0.395958541147136,0.0795638331153758));
#5462=CARTESIAN_POINT('Ctrl Pts',(0.449056128697421,0.356039165557046,0.0769149784925268));
#5463=CARTESIAN_POINT('Ctrl Pts',(0.430989503375568,0.345723847957545,0.0755905511811023));
#5464=CARTESIAN_POINT('',(0.369080018808911,0.345760887853865,0.0755905511811024));
#5465=CARTESIAN_POINT('Origin',(0.399999999999999,0.4,0.0755905511811023));
#5466=CARTESIAN_POINT('Ctrl Pts',(0.337420976825565,0.399965360936229,0.0964047617294774));
#5467=CARTESIAN_POINT('Ctrl Pts',(0.337546311704048,0.418670259259525,0.0952097018878256));
#5468=CARTESIAN_POINT('Ctrl Pts',(0.356396429142176,0.458322319003074,0.0926902147347494));
#5469=CARTESIAN_POINT('Ctrl Pts',(0.423865127050317,0.469944449683728,0.0888463002702485));
#5470=CARTESIAN_POINT('Ctrl Pts',(0.471721876736403,0.417793310794557,0.084873018335975));
#5471=CARTESIAN_POINT('Ctrl Pts',(0.453802617060123,0.349370251212933,0.0808997364017015));
#5472=CARTESIAN_POINT('Ctrl Pts',(0.401433615877388,0.332173829933708,0.0778055806834107));
#5473=CARTESIAN_POINT('Ctrl Pts',(0.375143518341832,0.342233792734645,0.0760358522765443));
#5474=CARTESIAN_POINT('Ctrl Pts',(0.369080018808911,0.345760887853865,0.0755905511811024));
#5475=CARTESIAN_POINT('Origin',(0.399999999999999,0.4,0.329776340632727));
#5476=CARTESIAN_POINT('',(0.337475203836262,0.400055005948962,0.121404761729477));
#5477=CARTESIAN_POINT('',(0.337602461580204,0.400002961723954,0.117276340632727));
#5478=CARTESIAN_POINT('',(0.337499999999999,0.400000000000001,0.329776340632727));
#5479=CARTESIAN_POINT('Ctrl Pts',(0.337602461580204,0.400002961723954,0.117276340632727));
#5480=CARTESIAN_POINT('Ctrl Pts',(0.337598205514514,0.410268293945518,0.11662535059643));
#5481=CARTESIAN_POINT('Ctrl Pts',(0.344854948092691,0.441412548450878,0.114649933248709));
#5482=CARTESIAN_POINT('Ctrl Pts',(0.393993654627355,0.473652919917735,0.111350088589564));
#5483=CARTESIAN_POINT('Ctrl Pts',(0.45866920779212,0.444932446766242,0.10737680665529));
#5484=CARTESIAN_POINT('Ctrl Pts',(0.469542210317101,0.3750045355954,0.103403524721017));
#5485=CARTESIAN_POINT('Ctrl Pts',(0.416644862222753,0.328004037603365,0.0994302427867431));
#5486=CARTESIAN_POINT('Ctrl Pts',(0.353012627942946,0.345750627667977,0.0957211814239801));
#5487=CARTESIAN_POINT('Ctrl Pts',(0.337633216957486,0.383424858551863,0.0933365473726413));
#5488=CARTESIAN_POINT('Ctrl Pts',(0.337479789522349,0.400059354295546,0.092276340632727));
#5489=CARTESIAN_POINT('Ctrl Pts',(0.337475203836262,0.400055005948962,0.121404761729477));
#5490=CARTESIAN_POINT('Ctrl Pts',(0.337438077851728,0.404093038583555,0.121147359734464));
#5491=CARTESIAN_POINT('Ctrl Pts',(0.339635763558172,0.428867978187433,0.119565530428026));
#5492=CARTESIAN_POINT('Ctrl Pts',(0.372718503355307,0.46867750686971,0.116659273810163));
#5493=CARTESIAN_POINT('Ctrl Pts',(0.442965458388478,0.460123803259693,0.112685991875889));
#5494=CARTESIAN_POINT('Ctrl Pts',(0.473811785889442,0.396434258484163,0.108712709941616));
#5495=CARTESIAN_POINT('Ctrl Pts',(0.436970302770802,0.336015442813508,0.104739428007342));
#5496=CARTESIAN_POINT('Ctrl Pts',(0.366226063840318,0.334270854139125,0.100766146073069));
#5497=CARTESIAN_POINT('Ctrl Pts',(0.338415878047927,0.375199522601211,0.0979879239804473));
#5498=CARTESIAN_POINT('Ctrl Pts',(0.337407409089843,0.397940520602631,0.0965341291992501));
#5499=CARTESIAN_POINT('Ctrl Pts',(0.337420976825565,0.399965360936229,0.0964047617294774));
#5500=CARTESIAN_POINT('Origin',(0.399999999999999,0.4,0.329776340632727));
#5501=CARTESIAN_POINT('',(0.337602260944216,0.400004685485136,0.146404761729477));
#5502=CARTESIAN_POINT('',(0.337489167145179,0.399943222765895,0.142276340632727));
#5503=CARTESIAN_POINT('',(0.337499999999999,0.400000000000001,0.329776340632727));
#5504=CARTESIAN_POINT('Ctrl Pts',(0.337489167145179,0.399943222765895,0.142276340632727));
#5505=CARTESIAN_POINT('Ctrl Pts',(0.337640120866926,0.416232587415277,0.141238581131644));
#5506=CARTESIAN_POINT('Ctrl Pts',(0.352486503104475,0.453554819206691,0.138876394319137));
#5507=CARTESIAN_POINT('Ctrl Pts',(0.415422842550905,0.472270500558369,0.135189780195205));
#5508=CARTESIAN_POINT('Ctrl Pts',(0.469109834963842,0.42616720916081,0.131216498260931));
#5509=CARTESIAN_POINT('Ctrl Pts',(0.4594209219885,0.356067711449228,0.127243216326658));
#5510=CARTESIAN_POINT('Ctrl Pts',(0.395241197558517,0.326255606871948,0.123269934392384));
#5511=CARTESIAN_POINT('Ctrl Pts',(0.345225709404281,0.357873762596704,0.119947642494407));
#5512=CARTESIAN_POINT('Ctrl Pts',(0.337606864402246,0.389383663464184,0.117949777907855));
#5513=CARTESIAN_POINT('Ctrl Pts',(0.337602461580204,0.400002961723954,0.117276340632727));
#5514=CARTESIAN_POINT('Ctrl Pts',(0.337602260944216,0.400004685485136,0.146404761729477));
#5515=CARTESIAN_POINT('Ctrl Pts',(0.337595480743877,0.41016239286098,0.145760590269677));
#5516=CARTESIAN_POINT('Ctrl Pts',(0.344743935626014,0.441195521302113,0.143791991498453));
#5517=CARTESIAN_POINT('Ctrl Pts',(0.393615230506243,0.473621487691055,0.140498965415804));
#5518=CARTESIAN_POINT('Ctrl Pts',(0.458437131550427,0.445232629070063,0.13652568348153));
#5519=CARTESIAN_POINT('Ctrl Pts',(0.4696703510981,0.375364023097514,0.132552401547257));
#5520=CARTESIAN_POINT('Ctrl Pts',(0.417013672063148,0.328087395961968,0.128579119612983));
#5521=CARTESIAN_POINT('Ctrl Pts',(0.353176946691649,0.345547384654077,0.124863239673724));
#5522=CARTESIAN_POINT('Ctrl Pts',(0.337629104606891,0.38331588530083,0.122471787045888));
#5523=CARTESIAN_POINT('Ctrl Pts',(0.337475203836262,0.400055005948962,0.121404761729477));
#5524=CARTESIAN_POINT('Origin',(0.399999999999999,0.4,0.329776340632727));
#5525=CARTESIAN_POINT('',(0.337492444082983,0.399942965936478,0.171404761729477));
#5526=CARTESIAN_POINT('',(0.337411847956324,0.400027923630226,0.167276340632727));
#5527=CARTESIAN_POINT('',(0.337499999999999,0.400000000000001,0.329776340632727));
#5528=CARTESIAN_POINT('Ctrl Pts',(0.337411847956324,0.400027923630226,0.167276340632727));
#5529=CARTESIAN_POINT('Ctrl Pts',(0.337403118023772,0.401594142561348,0.167176238978282));
#5530=CARTESIAN_POINT('Ctrl Pts',(0.338167106094989,0.423874070019037,0.165751710012413));
#5531=CARTESIAN_POINT('Ctrl Pts',(0.364783950718115,0.464967071975513,0.163002753735119));
#5532=CARTESIAN_POINT('Ctrl Pts',(0.435549583668145,0.464785165266212,0.159029471800845));
#5533=CARTESIAN_POINT('Ctrl Pts',(0.473715133673409,0.405193230738398,0.155056189866572));
#5534=CARTESIAN_POINT('Ctrl Pts',(0.444281593894401,0.340838939742484,0.151082907932298));
#5535=CARTESIAN_POINT('Ctrl Pts',(0.374240444450064,0.330737198376311,0.147109625998025));
#5536=CARTESIAN_POINT('Ctrl Pts',(0.339945491194997,0.370200598995821,0.144174103564835));
#5537=CARTESIAN_POINT('Ctrl Pts',(0.337447468107173,0.3954434937911,0.142563008443069));
#5538=CARTESIAN_POINT('Ctrl Pts',(0.337489167145179,0.399943222765895,0.142276340632727));
#5539=CARTESIAN_POINT('Ctrl Pts',(0.337492444082983,0.399942965936477,0.171404761729477));
#5540=CARTESIAN_POINT('Ctrl Pts',(0.337642315695344,0.416127466660779,0.170373820804891));
#5541=CARTESIAN_POINT('Ctrl Pts',(0.352328032841119,0.453345043851753,0.16801845256888));
#5542=CARTESIAN_POINT('Ctrl Pts',(0.41505109201962,0.472348832251777,0.164338657021445));
#5543=CARTESIAN_POINT('Ctrl Pts',(0.468974378537694,0.426522141861416,0.160365375087171));
#5544=CARTESIAN_POINT('Ctrl Pts',(0.459645996780794,0.356373815454577,0.156392093152898));
#5545=CARTESIAN_POINT('Ctrl Pts',(0.395620365331958,0.326232068760858,0.152418811218624));
#5546=CARTESIAN_POINT('Ctrl Pts',(0.345340062458247,0.357657177245601,0.149089700744151));
#5547=CARTESIAN_POINT('Ctrl Pts',(0.337609420949343,0.389277976351437,0.147085017581102));
#5548=CARTESIAN_POINT('Ctrl Pts',(0.337602260944216,0.400004685485136,0.146404761729477));
#5549=CARTESIAN_POINT('Origin',(0.399999999999999,0.4,0.329776340632727));
#5550=CARTESIAN_POINT('',(0.337409981089252,0.40002619110954,0.196404761729478));
#5551=CARTESIAN_POINT('',(0.337573786280859,0.400041059446112,0.192276340632727));
#5552=CARTESIAN_POINT('',(0.337499999999999,0.400000000000001,0.329776340632727));
#5553=CARTESIAN_POINT('Ctrl Pts',(0.337573786280859,0.400041059446112,0.192276340632727));
#5554=CARTESIAN_POINT('Ctrl Pts',(0.33752766229442,0.407709602896237,0.191789469513496));
#5555=CARTESIAN_POINT('Ctrl Pts',(0.342392483548042,0.436182279441627,0.18997817108284));
#5556=CARTESIAN_POINT('Ctrl Pts',(0.384948905695267,0.472348843236456,0.18684244534076));
#5557=CARTESIAN_POINT('Ctrl Pts',(0.45267452591551,0.451829382406556,0.182869163406487));
#5558=CARTESIAN_POINT('Ctrl Pts',(0.472095953895158,0.383780752411066,0.178895881472213));
#5559=CARTESIAN_POINT('Ctrl Pts',(0.425403131079285,0.33060568112275,0.174922599537939));
#5560=CARTESIAN_POINT('Ctrl Pts',(0.35717810405515,0.340803807843076,0.171049419258111));
#5561=CARTESIAN_POINT('Ctrl Pts',(0.337518622219613,0.380871776487066,0.168500666289707));
#5562=CARTESIAN_POINT('Ctrl Pts',(0.337411847956324,0.400027923630226,0.167276340632727));
#5563=CARTESIAN_POINT('Ctrl Pts',(0.337409981089252,0.40002619110954,0.196404761729478));
#5564=CARTESIAN_POINT('Ctrl Pts',(0.337402274891582,0.401485608469768,0.196311478651529));
#5565=CARTESIAN_POINT('Ctrl Pts',(0.338110690649495,0.423658130411506,0.194893768262157));
#5566=CARTESIAN_POINT('Ctrl Pts',(0.36445042172951,0.464785155428683,0.192151630561359));
#5567=CARTESIAN_POINT('Ctrl Pts',(0.435216043934992,0.46496706211254,0.188178348627086));
#5568=CARTESIAN_POINT('Ctrl Pts',(0.473687449502998,0.405572135077439,0.184205066692812));
#5569=CARTESIAN_POINT('Ctrl Pts',(0.444585152846851,0.341067385559424,0.180231784758539));
#5570=CARTESIAN_POINT('Ctrl Pts',(0.374596872777604,0.330605691658571,0.176258502824265));
#5571=CARTESIAN_POINT('Ctrl Pts',(0.340019365104343,0.36998350873231,0.173316161814578));
#5572=CARTESIAN_POINT('Ctrl Pts',(0.337449778905035,0.395335591714469,0.171698248116316));
#5573=CARTESIAN_POINT('Ctrl Pts',(0.337492444082983,0.399942965936477,0.171404761729477));
#5574=CARTESIAN_POINT('Origin',(0.399999999999999,0.4,0.329776340632727));
#5575=CARTESIAN_POINT('',(0.337571613246778,0.400042289637569,0.221404761729478));
#5576=CARTESIAN_POINT('',(0.337561479041498,0.399952884140494,0.217276340632727));
#5577=CARTESIAN_POINT('',(0.337499999999999,0.400000000000001,0.329776340632727));
#5578=CARTESIAN_POINT('Ctrl Pts',(0.337561479041498,0.399952884140494,0.217276340632727));
#5579=CARTESIAN_POINT('Ctrl Pts',(0.337657648812188,0.413706490199886,0.21640270004871));
#5580=CARTESIAN_POINT('Ctrl Pts',(0.348917197261007,0.448453480260599,0.214204632153267));
#5581=CARTESIAN_POINT('Ctrl Pts',(0.406384770465548,0.473621498877671,0.210682136946401));
#5582=CARTESIAN_POINT('Ctrl Pts',(0.465351647024705,0.434497142487177,0.206708855012127));
#5583=CARTESIAN_POINT('Ctrl Pts',(0.464389013490771,0.363737822463674,0.202735573077854));
#5584=CARTESIAN_POINT('Ctrl Pts',(0.404379635332639,0.326232057559519,0.19876229114358));
#5585=CARTESIAN_POINT('Ctrl Pts',(0.34819945695504,0.352680351276913,0.195275880328538));
#5586=CARTESIAN_POINT('Ctrl Pts',(0.337653132598447,0.386848993213274,0.19311389682492));
#5587=CARTESIAN_POINT('Ctrl Pts',(0.337573786280859,0.400041059446112,0.192276340632727));
#5588=CARTESIAN_POINT('Ctrl Pts',(0.337571613246778,0.400042289637569,0.221404761729478));
#5589=CARTESIAN_POINT('Ctrl Pts',(0.337524666227386,0.407602773898498,0.220924709186743));
#5590=CARTESIAN_POINT('Ctrl Pts',(0.342299367131696,0.435964760715387,0.219120229332584));
#5591=CARTESIAN_POINT('Ctrl Pts',(0.384577159799212,0.472270489528881,0.215991322167));
#5592=CARTESIAN_POINT('Ctrl Pts',(0.452407362285653,0.452099496718612,0.212018040232727));
#5593=CARTESIAN_POINT('Ctrl Pts',(0.472178375077137,0.384151616875659,0.208044758298453));
#5594=CARTESIAN_POINT('Ctrl Pts',(0.425759551637315,0.330737208901336,0.20407147636418));
#5595=CARTESIAN_POINT('Ctrl Pts',(0.35736280985937,0.34060178422997,0.200191477507854));
#5596=CARTESIAN_POINT('Ctrl Pts',(0.337511687004549,0.380764891988656,0.197635905962954));
#5597=CARTESIAN_POINT('Ctrl Pts',(0.337409981089252,0.40002619110954,0.196404761729478));
#5598=CARTESIAN_POINT('Origin',(0.399999999999999,0.4,0.329776340632727));
#5599=CARTESIAN_POINT('',(0.337564115514491,0.399953471598874,0.246404761729478));
#5600=CARTESIAN_POINT('',(0.33740315496142,0.399981540662281,0.242276340632727));
#5601=CARTESIAN_POINT('',(0.337499999999999,0.400000000000001,0.329776340632727));
#5602=CARTESIAN_POINT('Ctrl Pts',(0.33740315496142,0.399981540662281,0.242276340632727));
#5603=CARTESIAN_POINT('Ctrl Pts',(0.337479644329475,0.419694964429778,0.241015930583923));
#5604=CARTESIAN_POINT('Ctrl Pts',(0.358166349463071,0.460261628558031,0.238431093223695));
#5605=CARTESIAN_POINT('Ctrl Pts',(0.427281500901273,0.468677517624586,0.234521828552042));
#5606=CARTESIAN_POINT('Ctrl Pts',(0.472510497891239,0.414252004870762,0.230548546617768));
#5607=CARTESIAN_POINT('Ctrl Pts',(0.451245082481273,0.346756844144223,0.226575264683495));
#5608=CARTESIAN_POINT('Ctrl Pts',(0.382986325337055,0.328087384988649,0.222601982749221));
#5609=CARTESIAN_POINT('Ctrl Pts',(0.341907729076913,0.364968888316847,0.219502341398966));
#5610=CARTESIAN_POINT('Ctrl Pts',(0.337511856740294,0.392856209399212,0.217727127360134));
#5611=CARTESIAN_POINT('Ctrl Pts',(0.337561479041498,0.399952884140494,0.217276340632727));
#5612=CARTESIAN_POINT('Ctrl Pts',(0.337564115514492,0.399953471598874,0.246404761729478));
#5613=CARTESIAN_POINT('Ctrl Pts',(0.337657111183026,0.413601236765296,0.245537939721957));
#5614=CARTESIAN_POINT('Ctrl Pts',(0.34877952287,0.448240196754691,0.243346690403011));
#5615=CARTESIAN_POINT('Ctrl Pts',(0.406006344542206,0.473652906735285,0.239831013772641));
#5616=CARTESIAN_POINT('Ctrl Pts',(0.465173343282317,0.434832880646766,0.235857731838367));
#5617=CARTESIAN_POINT('Ctrl Pts',(0.46457461912173,0.36406922074007,0.231884449904094));
#5618=CARTESIAN_POINT('Ctrl Pts',(0.404758801682075,0.326255618413576,0.22791116796982));
#5619=CARTESIAN_POINT('Ctrl Pts',(0.348333290183258,0.352465815418024,0.224417938578282));
#5620=CARTESIAN_POINT('Ctrl Pts',(0.337654189371497,0.386743990845861,0.222249136498167));
#5621=CARTESIAN_POINT('Ctrl Pts',(0.337571613246778,0.400042289637569,0.221404761729478));
#5622=CARTESIAN_POINT('Origin',(0.399999999999999,0.4,0.329776340632727));
#5623=CARTESIAN_POINT('',(0.337413379575119,0.399960464843565,0.271404761729478));
#5624=CARTESIAN_POINT('',(0.337506429016884,0.400057708593836,0.267276340632727));
#5625=CARTESIAN_POINT('',(0.337499999999999,0.400000000000001,0.329776340632727));
#5626=CARTESIAN_POINT('',(0.369010496624431,0.345723847957545,0.275590551181102));
#5627=CARTESIAN_POINT('Ctrl Pts',(0.369010496624432,0.345723847957545,0.275590551181102));
#5628=CARTESIAN_POINT('Ctrl Pts',(0.350943871302578,0.356039165557046,0.274266123869678));
#5629=CARTESIAN_POINT('Ctrl Pts',(0.337930705849888,0.377066301140708,0.272870860719136));
#5630=CARTESIAN_POINT('Ctrl Pts',(0.337408409285521,0.398853886183353,0.271475597568595));
#5631=CARTESIAN_POINT('Ctrl Pts',(0.337413379575119,0.399960464843565,0.271404761729478));
#5632=CARTESIAN_POINT('',(0.430919974184476,0.345760874300717,0.275590551181102));
#5633=CARTESIAN_POINT('Origin',(0.399999999999999,0.4,0.275590551181102));
#5634=CARTESIAN_POINT('Ctrl Pts',(0.430919974184476,0.345760874300717,0.275590551181102));
#5635=CARTESIAN_POINT('Ctrl Pts',(0.42485648647209,0.342233788410657,0.27514525008566));
#5636=CARTESIAN_POINT('Ctrl Pts',(0.398566430040166,0.332173857752521,0.273375521678794));
#5637=CARTESIAN_POINT('Ctrl Pts',(0.351659972375563,0.347576449181779,0.270604118162669));
#5638=CARTESIAN_POINT('Ctrl Pts',(0.337650619748467,0.384328182968499,0.268278015741986));
#5639=CARTESIAN_POINT('Ctrl Pts',(0.337506429016884,0.400057708593836,0.267276340632727));
#5640=CARTESIAN_POINT('Origin',(0.399999999999999,-0.4,0.175590551181102));
#5641=CARTESIAN_POINT('',(0.355286369685853,-0.399957522865294,0.0857522825908844));
#5642=CARTESIAN_POINT('',(0.355377962066368,-0.400055873682134,0.0779288197713203));
#5643=CARTESIAN_POINT('',(0.355299999999999,-0.4,0.175590551181102));
#5644=CARTESIAN_POINT('',(0.362799131597,-0.375217236028587,0.0755905511811024));
#5645=CARTESIAN_POINT('Ctrl Pts',(0.355377962066368,-0.400055873682134,
0.0779288197713203));
#5646=CARTESIAN_POINT('Ctrl Pts',(0.355424824131221,-0.391293840180071,
0.0771493969079143));
#5647=CARTESIAN_POINT('Ctrl Pts',(0.357944427751186,-0.382504526466086,
0.0763699740445084));
#5648=CARTESIAN_POINT('Ctrl Pts',(0.362799131597,-0.375217236028588,0.0755905511811024));
#5649=CARTESIAN_POINT('',(0.437140318124366,-0.375226282966801,0.0755905511811024));
#5650=CARTESIAN_POINT('Origin',(0.399999999999999,-0.4,0.0755905511811023));
#5651=CARTESIAN_POINT('Ctrl Pts',(0.437140318124366,-0.375226282966801,
0.0755905511811024));
#5652=CARTESIAN_POINT('Ctrl Pts',(0.434216697890474,-0.370767545925683,
0.0760636095010245));
#5653=CARTESIAN_POINT('Ctrl Pts',(0.430537204166688,-0.366824898669245,
0.0765366678209467));
#5654=CARTESIAN_POINT('Ctrl Pts',(0.426252489779178,-0.363720283229222,
0.0770097261408689));
#5655=CARTESIAN_POINT('Ctrl Pts',(0.414261549377107,-0.355031895778897,
0.0783335983078038));
#5656=CARTESIAN_POINT('Ctrl Pts',(0.397530629285949,-0.352906823209731,
0.0796574704747388));
#5657=CARTESIAN_POINT('Ctrl Pts',(0.383735470970032,-0.358288440382322,
0.0809813426416736));
#5658=CARTESIAN_POINT('Ctrl Pts',(0.369940312654116,-0.363670057554912,
0.0823052148086085));
#5659=CARTESIAN_POINT('Ctrl Pts',(0.359080916113441,-0.376558364469259,
0.0836290869755434));
#5660=CARTESIAN_POINT('Ctrl Pts',(0.356127412960521,-0.391063479585957,
0.0849529591424783));
#5661=CARTESIAN_POINT('Ctrl Pts',(0.355532993956422,-0.39398276412218,0.085219400291947));
#5662=CARTESIAN_POINT('Ctrl Pts',(0.355258804533535,-0.39696753775472,0.0854858414414157));
#5663=CARTESIAN_POINT('Ctrl Pts',(0.355286369685853,-0.399957522865294,
0.0857522825908844));
#5664=CARTESIAN_POINT('Origin',(0.399999999999999,-0.4,0.175590551181102));
#5665=CARTESIAN_POINT('',(0.355373215246317,-0.399998967006444,0.110752282590884));
#5666=CARTESIAN_POINT('',(0.355250066641471,-0.400028576486926,0.10292881977132));
#5667=CARTESIAN_POINT('',(0.355299999999999,-0.4,0.175590551181102));
#5668=CARTESIAN_POINT('Ctrl Pts',(0.355250066641471,-0.400028576486926,
0.10292881977132));
#5669=CARTESIAN_POINT('Ctrl Pts',(0.355348045702313,-0.386931658371241,
0.10175929657619));
#5670=CARTESIAN_POINT('Ctrl Pts',(0.361439278560004,-0.37375595837298,0.10058977338106));
#5671=CARTESIAN_POINT('Ctrl Pts',(0.371534553081905,-0.365440420756665,
0.0994202501859303));
#5672=CARTESIAN_POINT('Ctrl Pts',(0.382962161369422,-0.356027431900025,
0.0980963780189954));
#5673=CARTESIAN_POINT('Ctrl Pts',(0.399520427015318,-0.352842107483229,
0.0967725058520605));
#5674=CARTESIAN_POINT('Ctrl Pts',(0.413623489541155,-0.357348016226636,
0.0954486336851257));
#5675=CARTESIAN_POINT('Ctrl Pts',(0.427726552066991,-0.361853924970042,
0.0941247615181908));
#5676=CARTESIAN_POINT('Ctrl Pts',(0.439374411472769,-0.374051066873653,
0.0928008893512559));
#5677=CARTESIAN_POINT('Ctrl Pts',(0.443229390106657,-0.388343040614002,
0.0914770171843211));
#5678=CARTESIAN_POINT('Ctrl Pts',(0.447084368740546,-0.402635014354352,
0.0901531450173862));
#5679=CARTESIAN_POINT('Ctrl Pts',(0.443146466602545,-0.419021819931442,
0.0888292728504512));
#5680=CARTESIAN_POINT('Ctrl Pts',(0.433221967915402,-0.43001147058939,0.0875054006835163));
#5681=CARTESIAN_POINT('Ctrl Pts',(0.42329746922826,-0.441001121247338,0.0861815285165814));
#5682=CARTESIAN_POINT('Ctrl Pts',(0.407386373991976,-0.446593616986144,
0.0848576563496465));
#5683=CARTESIAN_POINT('Ctrl Pts',(0.392774129477624,-0.444195000744765,
0.0835337841827116));
#5684=CARTESIAN_POINT('Ctrl Pts',(0.378161884963271,-0.441796384503385,
0.0822099120157768));
#5685=CARTESIAN_POINT('Ctrl Pts',(0.364848491170851,-0.431406656281819,
0.0808860398488418));
#5686=CARTESIAN_POINT('Ctrl Pts',(0.358946339276592,-0.417856287301053,
0.079562167681907));
#5687=CARTESIAN_POINT('Ctrl Pts',(0.356519048660163,-0.412283627690558,
0.0790177183783781));
#5688=CARTESIAN_POINT('Ctrl Pts',(0.355345227565279,-0.406176406273196,
0.0784732690748492));
#5689=CARTESIAN_POINT('Ctrl Pts',(0.355377962066368,-0.400055873682134,
0.0779288197713203));
#5690=CARTESIAN_POINT('Ctrl Pts',(0.355286369685853,-0.399957522865294,
0.0857522825908844));
#5691=CARTESIAN_POINT('Ctrl Pts',(0.355395768129451,-0.41182394441462,0.0868097136083506));
#5692=CARTESIAN_POINT('Ctrl Pts',(0.360258030241045,-0.423772450699825,
0.0878671446258168));
#5693=CARTESIAN_POINT('Ctrl Pts',(0.368718276105375,-0.432035064018038,
0.088924575643283));
#5694=CARTESIAN_POINT('Ctrl Pts',(0.379310252168316,-0.442379610014369,
0.0902484478102179));
#5695=CARTESIAN_POINT('Ctrl Pts',(0.395541814059364,-0.446946778687982,
0.0915723199771527));
#5696=CARTESIAN_POINT('Ctrl Pts',(0.409974859870575,-0.443648014529656,
0.0928961921440876));
#5697=CARTESIAN_POINT('Ctrl Pts',(0.424407905681786,-0.440349250371329,
0.0942200643110225));
#5698=CARTESIAN_POINT('Ctrl Pts',(0.43704243541316,-0.429184553381063,0.0955439364779574));
#5699=CARTESIAN_POINT('Ctrl Pts',(0.442090477751012,-0.415267150437386,
0.0968678086448923));
#5700=CARTESIAN_POINT('Ctrl Pts',(0.447138520088863,-0.401349747493709,
0.0981916808118272));
#5701=CARTESIAN_POINT('Ctrl Pts',(0.444600075033193,-0.384679638596622,
0.0995155529787621));
#5702=CARTESIAN_POINT('Ctrl Pts',(0.435637799588485,-0.372895510186382,
0.100839425145697));
#5703=CARTESIAN_POINT('Ctrl Pts',(0.426675524143777,-0.361111381776141,
0.102163297312632));
#5704=CARTESIAN_POINT('Ctrl Pts',(0.41128941831003,-0.354213233852748,0.103487169479567));
#5705=CARTESIAN_POINT('Ctrl Pts',(0.396529027849812,-0.355361010802373,
0.104811041646502));
#5706=CARTESIAN_POINT('Ctrl Pts',(0.381768637389594,-0.356508787751997,
0.106134913813437));
#5707=CARTESIAN_POINT('Ctrl Pts',(0.367633962302906,-0.365702489574639,
0.107458785980371));
#5708=CARTESIAN_POINT('Ctrl Pts',(0.360600902566825,-0.378730170958355,
0.108782658147306));
#5709=CARTESIAN_POINT('Ctrl Pts',(0.357113031477931,-0.385190925588445,
0.109439199628499));
#5710=CARTESIAN_POINT('Ctrl Pts',(0.3553717440116,-0.39259461581558,0.110095741109692));
#5711=CARTESIAN_POINT('Ctrl Pts',(0.355373215246317,-0.399998967006444,
0.110752282590884));
#5712=CARTESIAN_POINT('Origin',(0.399999999999999,-0.4,0.175590551181102));
#5713=CARTESIAN_POINT('',(0.355289085833968,-0.400040198059874,0.135752282590884));
#5714=CARTESIAN_POINT('',(0.355275075800006,-0.399962181535816,0.12792881977132));
#5715=CARTESIAN_POINT('',(0.355299999999999,-0.4,0.175590551181102));
#5716=CARTESIAN_POINT('Ctrl Pts',(0.355275075800006,-0.399962181535816,
0.12792881977132));
#5717=CARTESIAN_POINT('Ctrl Pts',(0.355251233772895,-0.397318193910561,
0.127693068411401));
#5718=CARTESIAN_POINT('Ctrl Pts',(0.35546550617747,-0.394678065714413,0.127457317051482));
#5719=CARTESIAN_POINT('Ctrl Pts',(0.355931671668015,-0.392083190230157,
0.127221565691563));
#5720=CARTESIAN_POINT('Ctrl Pts',(0.358549444555223,-0.377511552418838,
0.125897693524628));
#5721=CARTESIAN_POINT('Ctrl Pts',(0.369110498639499,-0.364366928827123,
0.124573821357693));
#5722=CARTESIAN_POINT('Ctrl Pts',(0.382776135782881,-0.358671670887498,
0.123249949190758));
#5723=CARTESIAN_POINT('Ctrl Pts',(0.396441772926263,-0.352976412947874,
0.121926077023824));
#5724=CARTESIAN_POINT('Ctrl Pts',(0.413211993128751,-0.35473052066034,0.120602204856889));
#5725=CARTESIAN_POINT('Ctrl Pts',(0.425403297978494,-0.36313040248305,0.119278332689954));
#5726=CARTESIAN_POINT('Ctrl Pts',(0.437594602828238,-0.37153028430576,0.117954460523019));
#5727=CARTESIAN_POINT('Ctrl Pts',(0.445206992325239,-0.386575940238715,
0.116630588356084));
#5728=CARTESIAN_POINT('Ctrl Pts',(0.444752725568638,-0.401373844858976,
0.115306716189149));
#5729=CARTESIAN_POINT('Ctrl Pts',(0.444298458812037,-0.416171749479237,
0.113982844022214));
#5730=CARTESIAN_POINT('Ctrl Pts',(0.435777535801836,-0.430721902786804,
0.112658971855279));
#5731=CARTESIAN_POINT('Ctrl Pts',(0.423093972906898,-0.438358242462848,
0.111335099688344));
#5732=CARTESIAN_POINT('Ctrl Pts',(0.410410410011959,-0.445994582138893,
0.110011227521409));
#5733=CARTESIAN_POINT('Ctrl Pts',(0.393564207232282,-0.446717108183415,
0.108687355354475));
#5734=CARTESIAN_POINT('Ctrl Pts',(0.380273612256362,-0.440194218202065,
0.10736348318754));
#5735=CARTESIAN_POINT('Ctrl Pts',(0.366983017280441,-0.433671328220714,
0.106039611020605));
#5736=CARTESIAN_POINT('Ctrl Pts',(0.357248030108277,-0.419903022213491,
0.10471573885367));
#5737=CARTESIAN_POINT('Ctrl Pts',(0.355529011986764,-0.405198542561639,
0.103391866686735));
#5738=CARTESIAN_POINT('Ctrl Pts',(0.3553285933314,-0.403484161542175,0.10323751771493));
#5739=CARTESIAN_POINT('Ctrl Pts',(0.35523713575873,-0.401757055112563,0.103083168743125));
#5740=CARTESIAN_POINT('Ctrl Pts',(0.355250066641471,-0.400028576486926,
0.10292881977132));
#5741=CARTESIAN_POINT('Ctrl Pts',(0.355373215246317,-0.399998967006444,
0.110752282590884));
#5742=CARTESIAN_POINT('Ctrl Pts',(0.355374710658414,-0.40752499681449,0.111419613276627));
#5743=CARTESIAN_POINT('Ctrl Pts',(0.357176714293974,-0.415051709488515,
0.112086943962369));
#5744=CARTESIAN_POINT('Ctrl Pts',(0.36077520954635,-0.421589608501812,0.112754274648111));
#5745=CARTESIAN_POINT('Ctrl Pts',(0.367914020647432,-0.434559703716764,
0.114078146815046));
#5746=CARTESIAN_POINT('Ctrl Pts',(0.38212308723507,-0.443638233201878,0.115402018981981));
#5747=CARTESIAN_POINT('Ctrl Pts',(0.396892303276036,-0.444665816142948,
0.116725891148916));
#5748=CARTESIAN_POINT('Ctrl Pts',(0.411661519317003,-0.445693399084018,
0.118049763315851));
#5749=CARTESIAN_POINT('Ctrl Pts',(0.426990884811298,-0.438670035481044,
0.119373635482785));
#5750=CARTESIAN_POINT('Ctrl Pts',(0.435857052083449,-0.426813538963204,
0.12069750764972));
#5751=CARTESIAN_POINT('Ctrl Pts',(0.444723219355599,-0.414957042445364,
0.122021379816655));
#5752=CARTESIAN_POINT('Ctrl Pts',(0.447126188405607,-0.398267413012657,
0.12334525198359));
#5753=CARTESIAN_POINT('Ctrl Pts',(0.441964998949776,-0.384391254565152,
0.124669124150525));
#5754=CARTESIAN_POINT('Ctrl Pts',(0.436803809493945,-0.370515096117647,
0.12599299631746));
#5755=CARTESIAN_POINT('Ctrl Pts',(0.424078461532276,-0.359452408655342,
0.127316868484395));
#5756=CARTESIAN_POINT('Ctrl Pts',(0.409619252743726,-0.356271705539276,
0.12864074065133));
#5757=CARTESIAN_POINT('Ctrl Pts',(0.395160043955176,-0.35309100242321,0.129964612818265));
#5758=CARTESIAN_POINT('Ctrl Pts',(0.378966974339745,-0.357792283653382,
0.131288484985199));
#5759=CARTESIAN_POINT('Ctrl Pts',(0.368459120947451,-0.368221597306611,
0.132612357152134));
#5760=CARTESIAN_POINT('Ctrl Pts',(0.360151703510134,-0.376466921909791,
0.133658998965051));
#5761=CARTESIAN_POINT('Ctrl Pts',(0.35539774291037,-0.388292464956835,0.134705640777968));
#5762=CARTESIAN_POINT('Ctrl Pts',(0.355289085833968,-0.400040198059874,
0.135752282590884));
#5763=CARTESIAN_POINT('Origin',(0.399999999999999,-0.4,0.175590551181102));
#5764=CARTESIAN_POINT('',(0.355239787162246,-0.399977819580478,0.160752282590884));
#5765=CARTESIAN_POINT('',(0.355372326815176,-0.399993331532161,0.15292881977132));
#5766=CARTESIAN_POINT('',(0.355299999999999,-0.4,0.175590551181102));
#5767=CARTESIAN_POINT('Ctrl Pts',(0.355372326815176,-0.399993331532161,
0.15292881977132));
#5768=CARTESIAN_POINT('Ctrl Pts',(0.355362935901283,-0.392935460460025,
0.152302968079677));
#5769=CARTESIAN_POINT('Ctrl Pts',(0.356937863152475,-0.385881551097734,
0.151677116388034));
#5770=CARTESIAN_POINT('Ctrl Pts',(0.360119312291837,-0.37964750549009,0.151051264696391));
#5771=CARTESIAN_POINT('Ctrl Pts',(0.366849072748442,-0.366460548296292,
0.149727392529456));
#5772=CARTESIAN_POINT('Ctrl Pts',(0.380767293684749,-0.356942111427309,
0.148403520362521));
#5773=CARTESIAN_POINT('Ctrl Pts',(0.395497149555391,-0.355453197666706,
0.147079648195586));
#5774=CARTESIAN_POINT('Ctrl Pts',(0.410227005426033,-0.353964283906103,
0.145755776028651));
#5775=CARTESIAN_POINT('Ctrl Pts',(0.42576849623101,-0.360504893253879,0.144431903861717));
#5776=CARTESIAN_POINT('Ctrl Pts',(0.435001073159305,-0.372078356491171,
0.143108031694782));
#5777=CARTESIAN_POINT('Ctrl Pts',(0.4442336500876,-0.383651819728463,0.141784159527847));
#5778=CARTESIAN_POINT('Ctrl Pts',(0.447157313139213,-0.40025813685527,0.140460287360912));
#5779=CARTESIAN_POINT('Ctrl Pts',(0.442432545286109,-0.414288891188982,
0.139136415193977));
#5780=CARTESIAN_POINT('Ctrl Pts',(0.437707777433005,-0.428319645522694,
0.137812543027042));
#5781=CARTESIAN_POINT('Ctrl Pts',(0.425334578675184,-0.439774837063311,
0.136488670860107));
#5782=CARTESIAN_POINT('Ctrl Pts',(0.410981901876801,-0.443406116750185,
0.135164798693172));
#5783=CARTESIAN_POINT('Ctrl Pts',(0.396629225078418,-0.447037396437059,
0.133840926526237));
#5784=CARTESIAN_POINT('Ctrl Pts',(0.380297070239473,-0.44284476427019,0.132517054359303));
#5785=CARTESIAN_POINT('Ctrl Pts',(0.36946823866507,-0.432749122171295,0.131193182192368));
#5786=CARTESIAN_POINT('Ctrl Pts',(0.360567774370954,-0.424451283072957,
0.130105061385352));
#5787=CARTESIAN_POINT('Ctrl Pts',(0.355385119728448,-0.412165623117315,
0.129016940578336));
#5788=CARTESIAN_POINT('Ctrl Pts',(0.355275075800006,-0.399962181535816,
0.12792881977132));
#5789=CARTESIAN_POINT('Ctrl Pts',(0.355289085833968,-0.400040198059874,
0.135752282590884));
#5790=CARTESIAN_POINT('Ctrl Pts',(0.355260305176263,-0.403151891255076,
0.136029512944903));
#5791=CARTESIAN_POINT('Ctrl Pts',(0.355557435875006,-0.406258125357181,
0.136306743298921));
#5792=CARTESIAN_POINT('Ctrl Pts',(0.356200768290403,-0.409290921304118,
0.136583973652939));
#5793=CARTESIAN_POINT('Ctrl Pts',(0.359272906194804,-0.423773585572108,
0.137907845819874));
#5794=CARTESIAN_POINT('Ctrl Pts',(0.370239819172763,-0.436581568031802,
0.139231717986809));
#5795=CARTESIAN_POINT('Ctrl Pts',(0.384076863866513,-0.441846715697767,
0.140555590153744));
#5796=CARTESIAN_POINT('Ctrl Pts',(0.397913908560262,-0.44711186336373,0.141879462320679));
#5797=CARTESIAN_POINT('Ctrl Pts',(0.414621084969802,-0.444834176235964,
0.143203334487613));
#5798=CARTESIAN_POINT('Ctrl Pts',(0.426543769358657,-0.436057207485234,
0.144527206654548));
#5799=CARTESIAN_POINT('Ctrl Pts',(0.43846645374751,-0.427280238734504,0.145851078821483));
#5800=CARTESIAN_POINT('Ctrl Pts',(0.445604646115679,-0.412003988360812,
0.147174950988418));
#5801=CARTESIAN_POINT('Ctrl Pts',(0.444687884763068,-0.397227482143489,
0.148498823155353));
#5802=CARTESIAN_POINT('Ctrl Pts',(0.443771123410458,-0.382450975926167,
0.149822695322288));
#5803=CARTESIAN_POINT('Ctrl Pts',(0.434799408337068,-0.368174213865214,
0.151146567489223));
#5804=CARTESIAN_POINT('Ctrl Pts',(0.421883254972431,-0.360938291803841,
0.152470439656158));
#5805=CARTESIAN_POINT('Ctrl Pts',(0.408967101607793,-0.353702369742469,
0.153794311823093));
#5806=CARTESIAN_POINT('Ctrl Pts',(0.392106509951907,-0.353507287680676,
0.155118183990027));
#5807=CARTESIAN_POINT('Ctrl Pts',(0.379026393268831,-0.36044242525765,0.156442056156962));
#5808=CARTESIAN_POINT('Ctrl Pts',(0.365946276585756,-0.367377562834624,
0.157765928323897));
#5809=CARTESIAN_POINT('Ctrl Pts',(0.356646634875492,-0.381442920050365,
0.159089800490832));
#5810=CARTESIAN_POINT('Ctrl Pts',(0.355388227645045,-0.396194258884579,
0.160413672657767));
#5811=CARTESIAN_POINT('Ctrl Pts',(0.355280939041513,-0.397451920558367,
0.160526542635473));
#5812=CARTESIAN_POINT('Ctrl Pts',(0.355232100839841,-0.398714568518945,
0.160639412613179));
#5813=CARTESIAN_POINT('Ctrl Pts',(0.355239787162246,-0.399977819580478,
0.160752282590884));
#5814=CARTESIAN_POINT('Origin',(0.399999999999999,-0.4,0.175590551181102));
#5815=CARTESIAN_POINT('',(0.355356202917625,-0.399972914842574,0.185752282590884));
#5816=CARTESIAN_POINT('',(0.355299586148803,-0.400040949714008,0.17792881977132));
#5817=CARTESIAN_POINT('',(0.355299999999999,-0.4,0.175590551181102));
#5818=CARTESIAN_POINT('Ctrl Pts',(0.355299586148803,-0.400040949714008,
0.17792881977132));
#5819=CARTESIAN_POINT('Ctrl Pts',(0.355404604813025,-0.38863082687011,0.176912867747953));
#5820=CARTESIAN_POINT('Ctrl Pts',(0.359855812756276,-0.377147874304643,
0.175896915724586));
#5821=CARTESIAN_POINT('Ctrl Pts',(0.367732296897044,-0.368959886986827,
0.174880963701219));
#5822=CARTESIAN_POINT('Ctrl Pts',(0.377996027749912,-0.358290240916979,
0.173557091534284));
#5823=CARTESIAN_POINT('Ctrl Pts',(0.394075984967945,-0.353215549134199,
0.172233219367349));
#5824=CARTESIAN_POINT('Ctrl Pts',(0.408604913719,-0.356060851864344,0.170909347200414));
#5825=CARTESIAN_POINT('Ctrl Pts',(0.423133842470055,-0.35890615459449,0.16958547503348));
#5826=CARTESIAN_POINT('Ctrl Pts',(0.436111742754132,-0.369671451837561,
0.168261602866545));
#5827=CARTESIAN_POINT('Ctrl Pts',(0.44159261003789,-0.383424473772511,0.16693773069961));
#5828=CARTESIAN_POINT('Ctrl Pts',(0.447073477321648,-0.397177495707461,
0.165613858532675));
#5829=CARTESIAN_POINT('Ctrl Pts',(0.445057311605088,-0.413918242334288,
0.16428998636574));
#5830=CARTESIAN_POINT('Ctrl Pts',(0.436467847094086,-0.42597670896277,0.162966114198805));
#5831=CARTESIAN_POINT('Ctrl Pts',(0.427878382583085,-0.438035175591252,
0.16164224203187));
#5832=CARTESIAN_POINT('Ctrl Pts',(0.412715619277642,-0.445411362221387,
0.160318369864935));
#5833=CARTESIAN_POINT('Ctrl Pts',(0.397926586943124,-0.44472576701472,0.158994497698));
#5834=CARTESIAN_POINT('Ctrl Pts',(0.383137554608606,-0.444040171808053,
0.157670625531066));
#5835=CARTESIAN_POINT('Ctrl Pts',(0.368722253245014,-0.435292794764583,
0.156346753364131));
#5836=CARTESIAN_POINT('Ctrl Pts',(0.36128525255167,-0.422491367483542,0.155022881197196));
#5837=CARTESIAN_POINT('Ctrl Pts',(0.357364044078248,-0.415741729128493,
0.154324860721904));
#5838=CARTESIAN_POINT('Ctrl Pts',(0.355382800622734,-0.407865066299525,
0.153626840246612));
#5839=CARTESIAN_POINT('Ctrl Pts',(0.355372326815176,-0.399993331532161,
0.15292881977132));
#5840=CARTESIAN_POINT('Ctrl Pts',(0.355239787162246,-0.399977819580478,
0.160752282590884));
#5841=CARTESIAN_POINT('Ctrl Pts',(0.355322255090812,-0.413531466282259,
0.161963284780114));
#5842=CARTESIAN_POINT('Ctrl Pts',(0.3619115594921,-0.427154539119877,0.163174286969343));
#5843=CARTESIAN_POINT('Ctrl Pts',(0.372629063254432,-0.435433398359153,
0.164385289158572));
#5844=CARTESIAN_POINT('Ctrl Pts',(0.384345478844896,-0.444483878546829,
0.165709161325507));
#5845=CARTESIAN_POINT('Ctrl Pts',(0.400995482776455,-0.447147518469495,
0.167033033492442));
#5846=CARTESIAN_POINT('Ctrl Pts',(0.414950645435199,-0.44220393463988,0.168356905659376));
#5847=CARTESIAN_POINT('Ctrl Pts',(0.428905808093941,-0.437260350810265,
0.169680777826311));
#5848=CARTESIAN_POINT('Ctrl Pts',(0.440166129479868,-0.424709543228368,
0.171004649993246));
#5849=CARTESIAN_POINT('Ctrl Pts',(0.443572537585875,-0.410301838004243,
0.172328522160181));
#5850=CARTESIAN_POINT('Ctrl Pts',(0.446978945691882,-0.395894132780118,
0.173652394327116));
#5851=CARTESIAN_POINT('Ctrl Pts',(0.442531440517969,-0.379629529913765,
0.174976266494051));
#5852=CARTESIAN_POINT('Ctrl Pts',(0.43226770808152,-0.368959882197677,0.176300138660986));
#5853=CARTESIAN_POINT('Ctrl Pts',(0.422003975645072,-0.35829023448159,0.177624010827921));
#5854=CARTESIAN_POINT('Ctrl Pts',(0.405924015946087,-0.353215541915769,
0.178947882994856));
#5855=CARTESIAN_POINT('Ctrl Pts',(0.39139508495336,-0.356060845084953,0.18027175516179));
#5856=CARTESIAN_POINT('Ctrl Pts',(0.376866153960633,-0.358906148254138,
0.181595627328725));
#5857=CARTESIAN_POINT('Ctrl Pts',(0.363888251674164,-0.369671447158327,
0.18291949949566));
#5858=CARTESIAN_POINT('Ctrl Pts',(0.358407383544783,-0.383424471215157,
0.184243371662595));
#5859=CARTESIAN_POINT('Ctrl Pts',(0.356325072270455,-0.388649569935584,
0.184746341972025));
#5860=CARTESIAN_POINT('Ctrl Pts',(0.355324897592728,-0.394305922757367,
0.185249312281455));
#5861=CARTESIAN_POINT('Ctrl Pts',(0.355356202917625,-0.399972914842574,
0.185752282590884));
#5862=CARTESIAN_POINT('Origin',(0.399999999999999,-0.4,0.175590551181102));
#5863=CARTESIAN_POINT('',(0.355338545739931,-0.400035618778128,0.210752282590884));
#5864=CARTESIAN_POINT('',(0.355233730713574,-0.39998336752883,0.20292881977132));
#5865=CARTESIAN_POINT('',(0.355299999999999,-0.4,0.175590551181102));
#5866=CARTESIAN_POINT('Ctrl Pts',(0.355233730713574,-0.39998336752883,0.20292881977132));
#5867=CARTESIAN_POINT('Ctrl Pts',(0.355229343902637,-0.399063929620644,
0.202846639583164));
#5868=CARTESIAN_POINT('Ctrl Pts',(0.355255213609333,-0.39814474324306,0.202764459395008));
#5869=CARTESIAN_POINT('Ctrl Pts',(0.355312122131699,-0.397227482570741,
0.202682279206852));
#5870=CARTESIAN_POINT('Ctrl Pts',(0.356228883342786,-0.382450978632852,
0.201358407039917));
#5871=CARTESIAN_POINT('Ctrl Pts',(0.365200597032129,-0.368174218775647,
0.200034534872982));
#5872=CARTESIAN_POINT('Ctrl Pts',(0.378116748403983,-0.360938297830932,
0.198710662706047));
#5873=CARTESIAN_POINT('Ctrl Pts',(0.391032899775837,-0.353702376886217,
0.197386790539112));
#5874=CARTESIAN_POINT('Ctrl Pts',(0.407893488830202,-0.353507294853992,
0.196062918372177));
#5875=CARTESIAN_POINT('Ctrl Pts',(0.420973603495127,-0.360442431360822,
0.194739046205242));
#5876=CARTESIAN_POINT('Ctrl Pts',(0.434053718160053,-0.367377567867652,
0.193415174038308));
#5877=CARTESIAN_POINT('Ctrl Pts',(0.443353358435538,-0.381442922913539,
0.192091301871373));
#5878=CARTESIAN_POINT('Ctrl Pts',(0.44461176547184,-0.396194259471843,0.190767429704438));
#5879=CARTESIAN_POINT('Ctrl Pts',(0.445870172508142,-0.410945596030147,
0.189443557537503));
#5880=CARTESIAN_POINT('Ctrl Pts',(0.439087346305261,-0.426382914100868,
0.188119685370568));
#5881=CARTESIAN_POINT('Ctrl Pts',(0.427370932522509,-0.435433392892111,
0.186795813203633));
#5882=CARTESIAN_POINT('Ctrl Pts',(0.415654518739757,-0.444483871683354,
0.185471941036698));
#5883=CARTESIAN_POINT('Ctrl Pts',(0.399004517377134,-0.447147511195118,
0.184148068869763));
#5884=CARTESIAN_POINT('Ctrl Pts',(0.385049356871532,-0.442203928128271,
0.182824196702828));
#5885=CARTESIAN_POINT('Ctrl Pts',(0.37109419636593,-0.437260345061423,0.181500324535894));
#5886=CARTESIAN_POINT('Ctrl Pts',(0.359833876717349,-0.424709539415964,
0.180176452368959));
#5887=CARTESIAN_POINT('Ctrl Pts',(0.356427469136911,-0.410301836414777,
0.178852580202024));
#5888=CARTESIAN_POINT('Ctrl Pts',(0.355635170954793,-0.406950740978668,
0.178544660058456));
#5889=CARTESIAN_POINT('Ctrl Pts',(0.355267756533407,-0.403499190441336,
0.178236739914888));
#5890=CARTESIAN_POINT('Ctrl Pts',(0.355299586148803,-0.400040949714008,
0.17792881977132));
#5891=CARTESIAN_POINT('Ctrl Pts',(0.355356202917625,-0.399972914842574,
0.185752282590884));
#5892=CARTESIAN_POINT('Ctrl Pts',(0.355407296588318,-0.409222057867511,
0.18657318444839));
#5893=CARTESIAN_POINT('Ctrl Pts',(0.358206022419217,-0.418499541512013,
0.187394086305895));
#5894=CARTESIAN_POINT('Ctrl Pts',(0.363532147279342,-0.425976712970558,
0.1882149881634));
#5895=CARTESIAN_POINT('Ctrl Pts',(0.372121613115575,-0.438035181459658,
0.189538860330335));
#5896=CARTESIAN_POINT('Ctrl Pts',(0.387284378760332,-0.445411369228387,
0.19086273249727));
#5897=CARTESIAN_POINT('Ctrl Pts',(0.402073413376707,-0.444725773915714,
0.192186604664204));
#5898=CARTESIAN_POINT('Ctrl Pts',(0.416862447993083,-0.444040178603041,
0.193510476831139));
#5899=CARTESIAN_POINT('Ctrl Pts',(0.431277751581076,-0.435292800208967,
0.194834348998074));
#5900=CARTESIAN_POINT('Ctrl Pts',(0.438714753421749,-0.422491370953215,
0.196158221165009));
#5901=CARTESIAN_POINT('Ctrl Pts',(0.446151755262423,-0.409689941697462,
0.197482093331944));
#5902=CARTESIAN_POINT('Ctrl Pts',(0.446610455355777,-0.392834461580032,
0.198805965498879));
#5903=CARTESIAN_POINT('Ctrl Pts',(0.439880693861071,-0.379647502350859,
0.200129837665814));
#5904=CARTESIAN_POINT('Ctrl Pts',(0.433150932366365,-0.366460543121685,
0.201453709832749));
#5905=CARTESIAN_POINT('Ctrl Pts',(0.419232709283598,-0.356942104780768,
0.202777581999684));
#5906=CARTESIAN_POINT('Ctrl Pts',(0.404502851139854,-0.355453190791847,
0.204101454166618));
#5907=CARTESIAN_POINT('Ctrl Pts',(0.38977299299611,-0.353964276802926,0.205425326333553));
#5908=CARTESIAN_POINT('Ctrl Pts',(0.374231499791388,-0.360504887166001,
0.206749198500488));
#5909=CARTESIAN_POINT('Ctrl Pts',(0.364998921439436,-0.372078352186385,
0.208073070667423));
#5910=CARTESIAN_POINT('Ctrl Pts',(0.35877071838916,-0.379885693472256,0.208966141308577));
#5911=CARTESIAN_POINT('Ctrl Pts',(0.355413521919244,-0.389983342865992,
0.209859211949731));
#5912=CARTESIAN_POINT('Ctrl Pts',(0.355338545739931,-0.400035618778128,
0.210752282590884));
#5913=CARTESIAN_POINT('Origin',(0.399999999999999,-0.4,0.175590551181102));
#5914=CARTESIAN_POINT('',(0.355228141991841,-0.400008499810768,0.235752282590884));
#5915=CARTESIAN_POINT('',(0.355349338940151,-0.39996887712622,0.22792881977132));
#5916=CARTESIAN_POINT('',(0.355299999999999,-0.4,0.175590551181102));
#5917=CARTESIAN_POINT('Ctrl Pts',(0.355349338940151,-0.39996887712622,0.22792881977132));
#5918=CARTESIAN_POINT('Ctrl Pts',(0.35531523443742,-0.394649721998318,0.22745653925144));
#5919=CARTESIAN_POINT('Ctrl Pts',(0.356193795867687,-0.389341461727542,
0.22698425873156));
#5920=CARTESIAN_POINT('Ctrl Pts',(0.358035007521912,-0.384391256952672,
0.22651197821168));
#5921=CARTESIAN_POINT('Ctrl Pts',(0.363196196179623,-0.370515100629853,
0.225188106044745));
#5922=CARTESIAN_POINT('Ctrl Pts',(0.375921542183446,-0.359452414913765,
0.22386423387781));
#5923=CARTESIAN_POINT('Ctrl Pts',(0.390380748742221,-0.356271712297391,
0.222540361710875));
#5924=CARTESIAN_POINT('Ctrl Pts',(0.404839955300997,-0.353091009681017,
0.22121648954394));
#5925=CARTESIAN_POINT('Ctrl Pts',(0.421033022414725,-0.357792290164358,
0.219892617377005));
#5926=CARTESIAN_POINT('Ctrl Pts',(0.431540874185081,-0.368221602203555,
0.21856874521007));
#5927=CARTESIAN_POINT('Ctrl Pts',(0.442048725955437,-0.378650914242752,
0.217244873043136));
#5928=CARTESIAN_POINT('Ctrl Pts',(0.44687136238242,-0.394808257837804,0.215921000876201));
#5929=CARTESIAN_POINT('Ctrl Pts',(0.443799224952424,-0.409290919873944,
0.214597128709266));
#5930=CARTESIAN_POINT('Ctrl Pts',(0.440727087522428,-0.423773581910084,
0.213273256542331));
#5931=CARTESIAN_POINT('Ctrl Pts',(0.429760176235453,-0.436581562387311,
0.211949384375396));
#5932=CARTESIAN_POINT('Ctrl Pts',(0.415923133676378,-0.441846709239464,
0.210625512208461));
#5933=CARTESIAN_POINT('Ctrl Pts',(0.402086091117303,-0.447111856091617,
0.209301640041526));
#5934=CARTESIAN_POINT('Ctrl Pts',(0.385378917286128,-0.444834169318696,
0.207977767874591));
#5935=CARTESIAN_POINT('Ctrl Pts',(0.373456234736956,-0.436057201922949,
0.206653895707656));
#5936=CARTESIAN_POINT('Ctrl Pts',(0.362273660122438,-0.427825070237204,
0.205412203728878));
#5937=CARTESIAN_POINT('Ctrl Pts',(0.355300012722363,-0.41387550748609,0.204170511750099));
#5938=CARTESIAN_POINT('Ctrl Pts',(0.355233730713574,-0.39998336752883,0.20292881977132));
#5939=CARTESIAN_POINT('Ctrl Pts',(0.355338545739931,-0.400035618778128,
0.210752282590884));
#5940=CARTESIAN_POINT('Ctrl Pts',(0.355302378553421,-0.404884659381374,
0.211183084116666));
#5941=CARTESIAN_POINT('Ctrl Pts',(0.356029960211676,-0.409723141904695,
0.211613885642447));
#5942=CARTESIAN_POINT('Ctrl Pts',(0.357567448168808,-0.414288893387662,
0.212044687168228));
#5943=CARTESIAN_POINT('Ctrl Pts',(0.362292216749315,-0.428319649890859,
0.213368559335163));
#5944=CARTESIAN_POINT('Ctrl Pts',(0.374665417409509,-0.439774843219562,
0.214692431502098));
#5945=CARTESIAN_POINT('Ctrl Pts',(0.389018096425355,-0.443406123458202,
0.216016303669032));
#5946=CARTESIAN_POINT('Ctrl Pts',(0.4033707754412,-0.447037403696842,0.217340175835967));
#5947=CARTESIAN_POINT('Ctrl Pts',(0.419702932812697,-0.44284477084542,0.218664048002902));
#5948=CARTESIAN_POINT('Ctrl Pts',(0.430531766052206,-0.432749127204217,
0.219987920169837));
#5949=CARTESIAN_POINT('Ctrl Pts',(0.441360599291714,-0.422653483563013,
0.221311792336772));
#5950=CARTESIAN_POINT('Ctrl Pts',(0.446686108399234,-0.406654829132028,
0.222635664503707));
#5951=CARTESIAN_POINT('Ctrl Pts',(0.44406833511886,-0.392083189044931,0.223959536670642));
#5952=CARTESIAN_POINT('Ctrl Pts',(0.441450561838486,-0.377511548957835,
0.225283408837577));
#5953=CARTESIAN_POINT('Ctrl Pts',(0.430889506170217,-0.364366923214627,
0.226607281004512));
#5954=CARTESIAN_POINT('Ctrl Pts',(0.417223866898084,-0.358671664445313,
0.227931153171446));
#5955=CARTESIAN_POINT('Ctrl Pts',(0.403558227625951,-0.352976405675998,
0.229255025338381));
#5956=CARTESIAN_POINT('Ctrl Pts',(0.386788004749953,-0.354730513880577,
0.230578897505316));
#5957=CARTESIAN_POINT('Ctrl Pts',(0.374596698057544,-0.363130396912706,
0.231902769672251));
#5958=CARTESIAN_POINT('Ctrl Pts',(0.36278020152573,-0.371272033508444,0.233185940645129));
#5959=CARTESIAN_POINT('Ctrl Pts',(0.355265400284209,-0.385657090409294,
0.234469111618007));
#5960=CARTESIAN_POINT('Ctrl Pts',(0.355228141991841,-0.400008499810768,
0.235752282590884));
#5961=CARTESIAN_POINT('Origin',(0.399999999999999,-0.4,0.175590551181102));
#5962=CARTESIAN_POINT('',(0.355313591046845,-0.399958960157751,0.260752282590885));
#5963=CARTESIAN_POINT('',(0.355346805356386,-0.400032738745483,0.25292881977132));
#5964=CARTESIAN_POINT('',(0.355299999999999,-0.4,0.175590551181102));
#5965=CARTESIAN_POINT('',(0.437200868402998,-0.375217236028587,0.275590551181102));
#5966=CARTESIAN_POINT('Ctrl Pts',(0.355313591046845,-0.399958960157751,
0.260752282590885));
#5967=CARTESIAN_POINT('Ctrl Pts',(0.355411213591129,-0.41090876252451,0.261726755620152));
#5968=CARTESIAN_POINT('Ctrl Pts',(0.359472810179702,-0.421922246581163,
0.26270122864942));
#5969=CARTESIAN_POINT('Ctrl Pts',(0.366778019929016,-0.430011483643247,
0.263675701678688));
#5970=CARTESIAN_POINT('Ctrl Pts',(0.376702526375337,-0.441001131870121,
0.264999573845623));
#5971=CARTESIAN_POINT('Ctrl Pts',(0.392613650311189,-0.446593604991997,
0.266323446012558));
#5972=CARTESIAN_POINT('Ctrl Pts',(0.407225884986617,-0.444194995810996,
0.267647318179493));
#5973=CARTESIAN_POINT('Ctrl Pts',(0.421838119662046,-0.441796386629994,
0.268971190346428));
#5974=CARTESIAN_POINT('Ctrl Pts',(0.435151465077051,-0.431406695146114,
0.270295062513363));
#5975=CARTESIAN_POINT('Ctrl Pts',(0.441053615814981,-0.417856325633696,
0.271618934680298));
#5976=CARTESIAN_POINT('Ctrl Pts',(0.446955766552911,-0.404305956121278,
0.272942806847233));
#5977=CARTESIAN_POINT('Ctrl Pts',(0.445446722613766,-0.387594908580322,
0.274266679014168));
#5978=CARTESIAN_POINT('Ctrl Pts',(0.437200868402998,-0.375217236028587,
0.275590551181102));
#5979=CARTESIAN_POINT('',(0.362859680580176,-0.375226295860499,0.275590551181102));
#5980=CARTESIAN_POINT('Origin',(0.399999999999999,-0.4,0.275590551181102));
#5981=CARTESIAN_POINT('Ctrl Pts',(0.362859680580176,-0.375226295860499,
0.275590551181102));
#5982=CARTESIAN_POINT('Ctrl Pts',(0.365783306102678,-0.370767548288984,
0.27511749286118));
#5983=CARTESIAN_POINT('Ctrl Pts',(0.369462804542937,-0.366824891610591,
0.274644434541258));
#5984=CARTESIAN_POINT('Ctrl Pts',(0.373747520944127,-0.36372027234037,0.274171376221336));
#5985=CARTESIAN_POINT('Ctrl Pts',(0.385738466981561,-0.355031874171088,
0.272847504054401));
#5986=CARTESIAN_POINT('Ctrl Pts',(0.402469371540297,-0.352906834676605,
0.271523631887466));
#5987=CARTESIAN_POINT('Ctrl Pts',(0.41626452400727,-0.358288457497633,0.270199759720531));
#5988=CARTESIAN_POINT('Ctrl Pts',(0.430059676474243,-0.36367008031866,0.268875887553596));
#5989=CARTESIAN_POINT('Ctrl Pts',(0.440919076849451,-0.376558365455199,
0.267552015386661));
#5990=CARTESIAN_POINT('Ctrl Pts',(0.443872581203302,-0.391063474406681,
0.266228143219726));
#5991=CARTESIAN_POINT('Ctrl Pts',(0.446826085557152,-0.405568583358163,
0.264904271052792));
#5992=CARTESIAN_POINT('Ctrl Pts',(0.441873693889644,-0.421690516124589,
0.263580398885857));
#5993=CARTESIAN_POINT('Ctrl Pts',(0.431281718761269,-0.432035062953303,
0.262256526718922));
#5994=CARTESIAN_POINT('Ctrl Pts',(0.420689743632894,-0.442379609782018,
0.260932654551987));
#5995=CARTESIAN_POINT('Ctrl Pts',(0.404458185043651,-0.44694677067302,0.259608782385052));
#5996=CARTESIAN_POINT('Ctrl Pts',(0.390025141738669,-0.443648005548818,
0.258284910218117));
#5997=CARTESIAN_POINT('Ctrl Pts',(0.375592098433687,-0.440349240424616,
0.256961038051182));
#5998=CARTESIAN_POINT('Ctrl Pts',(0.362957570412965,-0.42918454928521,0.255637165884247));
#5999=CARTESIAN_POINT('Ctrl Pts',(0.357909528751905,-0.415267149365611,
0.254313293717313));
#6000=CARTESIAN_POINT('Ctrl Pts',(0.356149821550416,-0.410415654368364,
0.253851802401982));
#6001=CARTESIAN_POINT('Ctrl Pts',(0.355311997002295,-0.40522966005827,0.253390311086651));
#6002=CARTESIAN_POINT('Ctrl Pts',(0.355346805356386,-0.400032738745483,
0.25292881977132));
#6003=CARTESIAN_POINT('Origin',(0.399999999999999,-0.4,0.329776340632727));
#6004=CARTESIAN_POINT('',(0.343937443667167,-0.400035800520532,0.0964047617294775));
#6005=CARTESIAN_POINT('',(0.343982923991225,-0.399946784797682,0.092276340632727));
#6006=CARTESIAN_POINT('',(0.343999999999999,-0.399999999999999,0.329776340632727));
#6007=CARTESIAN_POINT('',(0.427766595024508,-0.448631432230039,0.0755905511811023));
#6008=CARTESIAN_POINT('Ctrl Pts',(0.343982923991226,-0.399946784797682,
0.092276340632727));
#6009=CARTESIAN_POINT('Ctrl Pts',(0.343948390467069,-0.396200942153563,
0.0920098994832584));
#6010=CARTESIAN_POINT('Ctrl Pts',(0.345998667742896,-0.373882015741852,
0.0904195861668548));
#6011=CARTESIAN_POINT('Ctrl Pts',(0.375945944405107,-0.338339553375206,
0.0875054006835164));
#6012=CARTESIAN_POINT('Ctrl Pts',(0.438827254814828,-0.346326403299585,
0.0835337841827116));
#6013=CARTESIAN_POINT('Ctrl Pts',(0.466079187695841,-0.403648237565567,
0.079562167681907));
#6014=CARTESIAN_POINT('Ctrl Pts',(0.443947506108207,-0.439392781740302,
0.0769144233480372));
#6015=CARTESIAN_POINT('Ctrl Pts',(0.427766595024508,-0.448631432230039,
0.0755905511811023));
#6016=CARTESIAN_POINT('',(0.372296146103565,-0.448587313746852,0.0755905511811023));
#6017=CARTESIAN_POINT('Origin',(0.399999999999999,-0.4,0.0755905511811024));
#6018=CARTESIAN_POINT('Ctrl Pts',(0.343937443667167,-0.400035800520532,
0.0964047617294775));
#6019=CARTESIAN_POINT('Ctrl Pts',(0.344060191483883,-0.383628028384551,
0.0952352385343475));
#6020=CARTESIAN_POINT('Ctrl Pts',(0.360329459503752,-0.348436631235709,
0.0927418431722826));
#6021=CARTESIAN_POINT('Ctrl Pts',(0.420143328613602,-0.33693019802506,0.088924575643283));
#6022=CARTESIAN_POINT('Ctrl Pts',(0.463920518326591,-0.382771805179571,
0.0849529591424782));
#6023=CARTESIAN_POINT('Ctrl Pts',(0.449120349217326,-0.444359799294803,
0.0809813426416736));
#6024=CARTESIAN_POINT('Ctrl Pts',(0.402130848115152,-0.460875858106601,
0.0778605399878816));
#6025=CARTESIAN_POINT('Ctrl Pts',(0.378072562215216,-0.45194152842311,0.0760636095010245));
#6026=CARTESIAN_POINT('Ctrl Pts',(0.372296146103565,-0.448587313746852,
0.0755905511811023));
#6027=CARTESIAN_POINT('Origin',(0.399999999999999,-0.4,0.329776340632727));
#6028=CARTESIAN_POINT('',(0.343968775051463,-0.399952621163437,0.121404761729477));
#6029=CARTESIAN_POINT('',(0.344091723798519,-0.39999870586937,0.117276340632727));
#6030=CARTESIAN_POINT('',(0.343999999999999,-0.399999999999999,0.329776340632727));
#6031=CARTESIAN_POINT('Ctrl Pts',(0.344091723798519,-0.39999870586937,0.117276340632727));
#6032=CARTESIAN_POINT('Ctrl Pts',(0.344089880640931,-0.390722561200727,
0.116619799151534));
#6033=CARTESIAN_POINT('Ctrl Pts',(0.350670165854103,-0.362744186425428,
0.114639385503407));
#6034=CARTESIAN_POINT('Ctrl Pts',(0.394867684534046,-0.333996528233644,
0.111335099688344));
#6035=CARTESIAN_POINT('Ctrl Pts',(0.452694659479671,-0.359922453314853,
0.10736348318754));
#6036=CARTESIAN_POINT('Ctrl Pts',(0.462235124118431,-0.422575211585786,
0.103391866686735));
#6037=CARTESIAN_POINT('Ctrl Pts',(0.414749643248839,-0.464536488864638,
0.0994202501859305));
#6038=CARTESIAN_POINT('Ctrl Pts',(0.357837684831883,-0.448522841171298,
0.0957150748345943));
#6039=CARTESIAN_POINT('Ctrl Pts',(0.344119977969782,-0.414812995239792,
0.0933337716501932));
#6040=CARTESIAN_POINT('Ctrl Pts',(0.343982923991226,-0.399946784797682,
0.092276340632727));
#6041=CARTESIAN_POINT('Ctrl Pts',(0.343968775051463,-0.399952621163437,
0.121404761729477));
#6042=CARTESIAN_POINT('Ctrl Pts',(0.343938905845239,-0.396640242930456,
0.121169010369558));
#6043=CARTESIAN_POINT('Ctrl Pts',(0.345714780538449,-0.374759045210741,
0.119609386842704));
#6044=CARTESIAN_POINT('Ctrl Pts',(0.374532594016363,-0.338891478594694,
0.116725891148916));
#6045=CARTESIAN_POINT('Ctrl Pts',(0.437561609542491,-0.345484098185171,
0.112754274648111));
#6046=CARTESIAN_POINT('Ctrl Pts',(0.466171932484237,-0.402031529879496,
0.108782658147306));
#6047=CARTESIAN_POINT('Ctrl Pts',(0.434146986942541,-0.456716669827401,
0.104811041646502));
#6048=CARTESIAN_POINT('Ctrl Pts',(0.370832399314227,-0.459432203954463,
0.100839425145697));
#6049=CARTESIAN_POINT('Ctrl Pts',(0.345018570340359,-0.422923404277092,
0.0980373318400222));
#6050=CARTESIAN_POINT('Ctrl Pts',(0.343921243903554,-0.402201232355783,
0.0965591107012824));
#6051=CARTESIAN_POINT('Ctrl Pts',(0.343937443667167,-0.400035800520532,
0.0964047617294775));
#6052=CARTESIAN_POINT('Origin',(0.399999999999999,-0.4,0.329776340632727));
#6053=CARTESIAN_POINT('',(0.344090610775164,-0.399991645767358,0.146404761729478));
#6054=CARTESIAN_POINT('',(0.343986326771862,-0.400050359985524,0.142276340632727));
#6055=CARTESIAN_POINT('',(0.343999999999999,-0.399999999999999,0.329776340632727));
#6056=CARTESIAN_POINT('Ctrl Pts',(0.343986326771862,-0.400050359985524,
0.142276340632727));
#6057=CARTESIAN_POINT('Ctrl Pts',(0.344122451968249,-0.385332842004088,
0.14122969881981));
#6058=CARTESIAN_POINT('Ctrl Pts',(0.357611475805294,-0.351778707782723,
0.138859184839959));
#6059=CARTESIAN_POINT('Ctrl Pts',(0.414223140043714,-0.335342827445417,
0.135164798693172));
#6060=CARTESIAN_POINT('Ctrl Pts',(0.462049951174818,-0.376920713209782,
0.131193182192368));
#6061=CARTESIAN_POINT('Ctrl Pts',(0.453018658100966,-0.43964683725217,0.127221565691563));
#6062=CARTESIAN_POINT('Ctrl Pts',(0.395404935437845,-0.466043371598916,
0.123249949190758));
#6063=CARTESIAN_POINT('Ctrl Pts',(0.350829729062086,-0.437563152796969,
0.119934874171146));
#6064=CARTESIAN_POINT('Ctrl Pts',(0.344093597245441,-0.409427289074081,
0.117943671318469));
#6065=CARTESIAN_POINT('Ctrl Pts',(0.344091723798519,-0.39999870586937,0.117276340632727));
#6066=CARTESIAN_POINT('Ctrl Pts',(0.344090610775164,-0.399991645767358,
0.146404761729478));
#6067=CARTESIAN_POINT('Ctrl Pts',(0.344078845871854,-0.39114957015126,0.145778910037834));
#6068=CARTESIAN_POINT('Ctrl Pts',(0.350225555214779,-0.363619199749384,
0.143829186179257));
#6069=CARTESIAN_POINT('Ctrl Pts',(0.393342031740025,-0.334132567679336,
0.140555590153744));
#6070=CARTESIAN_POINT('Ctrl Pts',(0.451753003892959,-0.358714723617286,
0.136583973652939));
#6071=CARTESIAN_POINT('Ctrl Pts',(0.462741267711102,-0.42112772758381,0.132612357152134));
#6072=CARTESIAN_POINT('Ctrl Pts',(0.416237970366272,-0.464180796461297,
0.128640740651329));
#6073=CARTESIAN_POINT('Ctrl Pts',(0.358498987197738,-0.449358605482711,
0.124904875510444));
#6074=CARTESIAN_POINT('Ctrl Pts',(0.344106637691121,-0.415241049095518,
0.122492882536493));
#6075=CARTESIAN_POINT('Ctrl Pts',(0.343968775051463,-0.399952621163437,
0.121404761729477));
#6076=CARTESIAN_POINT('Origin',(0.399999999999999,-0.4,0.329776340632727));
#6077=CARTESIAN_POINT('',(0.343999481528702,-0.400051301655132,0.171404761729478));
#6078=CARTESIAN_POINT('',(0.343924565572389,-0.399972212449816,0.167276340632727));
#6079=CARTESIAN_POINT('',(0.343999999999999,-0.399999999999999,0.329776340632727));
#6080=CARTESIAN_POINT('Ctrl Pts',(0.343924565572389,-0.399972212449816,
0.167276340632727));
#6081=CARTESIAN_POINT('Ctrl Pts',(0.343914936175193,-0.398389616041632,
0.167163470655021));
#6082=CARTESIAN_POINT('Ctrl Pts',(0.344693762387587,-0.378254080844476,
0.165726728510381));
#6083=CARTESIAN_POINT('Ctrl Pts',(0.368988175046468,-0.341509698314485,
0.162966114198805));
#6084=CARTESIAN_POINT('Ctrl Pts',(0.432356841672618,-0.342242892640686,
0.158994497698));
#6085=CARTESIAN_POINT('Ctrl Pts',(0.46607603926388,-0.395900521863057,0.155022881197196));
#6086=CARTESIAN_POINT('Ctrl Pts',(0.439247933719086,-0.453314617227271,
0.151051264696391));
#6087=CARTESIAN_POINT('Ctrl Pts',(0.376455861307393,-0.461875052069885,
0.147079648195586));
#6088=CARTESIAN_POINT('Ctrl Pts',(0.346100111708329,-0.426423333870143,
0.144154673507698));
#6089=CARTESIAN_POINT('Ctrl Pts',(0.343950270466907,-0.403948678082422,
0.142553570986745));
#6090=CARTESIAN_POINT('Ctrl Pts',(0.343986326771862,-0.400050359985524,
0.142276340632727));
#6091=CARTESIAN_POINT('Ctrl Pts',(0.343999481528702,-0.400051301655132,
0.171404761729478));
#6092=CARTESIAN_POINT('Ctrl Pts',(0.344131048535334,-0.3857567405979,0.170388809706111));
#6093=CARTESIAN_POINT('Ctrl Pts',(0.356974105658564,-0.352625011498334,
0.168048985515809));
#6094=CARTESIAN_POINT('Ctrl Pts',(0.412723328018228,-0.335031051715423,
0.164385289158572));
#6095=CARTESIAN_POINT('Ctrl Pts',(0.461499329085899,-0.375491229273276,
0.160413672657767));
#6096=CARTESIAN_POINT('Ctrl Pts',(0.45392179350688,-0.438409471629138,0.156442056156962));
#6097=CARTESIAN_POINT('Ctrl Pts',(0.396934226721323,-0.466132052252468,
0.152470439656158));
#6098=CARTESIAN_POINT('Ctrl Pts',(0.351293391091433,-0.438436648059115,
0.149124674846996));
#6099=CARTESIAN_POINT('Ctrl Pts',(0.344103732323784,-0.40985332690768,0.147102782204769));
#6100=CARTESIAN_POINT('Ctrl Pts',(0.344090610775164,-0.399991645767358,
0.146404761729478));
#6101=CARTESIAN_POINT('Origin',(0.399999999999999,-0.4,0.329776340632727));
#6102=CARTESIAN_POINT('',(0.343916978075172,-0.399979162899652,0.196404761729478));
#6103=CARTESIAN_POINT('',(0.344070410814027,-0.399966067811727,0.192276340632727));
#6104=CARTESIAN_POINT('',(0.343999999999999,-0.399999999999999,0.329776340632727));
#6105=CARTESIAN_POINT('Ctrl Pts',(0.344070410814027,-0.399966067811727,
0.192276340632727));
#6106=CARTESIAN_POINT('Ctrl Pts',(0.34403119161505,-0.392866480411915,0.191773370323297));
#6107=CARTESIAN_POINT('Ctrl Pts',(0.34858227833064,-0.367128424091176,0.189946527846933));
#6108=CARTESIAN_POINT('Ctrl Pts',(0.387276670018742,-0.33503104169121,0.186795813203633));
#6109=CARTESIAN_POINT('Ctrl Pts',(0.447711417880697,-0.35410371173725,0.182824196702828));
#6110=CARTESIAN_POINT('Ctrl Pts',(0.464426873567886,-0.415232420496696,
0.178852580202024));
#6111=CARTESIAN_POINT('Ctrl Pts',(0.422106202587223,-0.462403240938726,
0.174880963701219));
#6112=CARTESIAN_POINT('Ctrl Pts',(0.361307397521049,-0.452676749276001,
0.17102221717812));
#6113=CARTESIAN_POINT('Ctrl Pts',(0.34402788109811,-0.416952172523636,0.168487342821956));
#6114=CARTESIAN_POINT('Ctrl Pts',(0.343924565572389,-0.399972212449816,
0.167276340632727));
#6115=CARTESIAN_POINT('Ctrl Pts',(0.343916978075172,-0.399979162899652,
0.196404761729478));
#6116=CARTESIAN_POINT('Ctrl Pts',(0.343911482294132,-0.398827294379329,
0.196322581541321));
#6117=CARTESIAN_POINT('Ctrl Pts',(0.344465988447141,-0.379124925577413,
0.19491652918623));
#6118=CARTESIAN_POINT('Ctrl Pts',(0.367643163319964,-0.342242901553307,
0.192186604664204));
#6119=CARTESIAN_POINT('Ctrl Pts',(0.431011820168586,-0.34150970733823,0.1882149881634));
#6120=CARTESIAN_POINT('Ctrl Pts',(0.465963488318061,-0.39437278670532,0.184243371662595));
#6121=CARTESIAN_POINT('Ctrl Pts',(0.44047098715287,-0.452392237172462,0.18027175516179));
#6122=CARTESIAN_POINT('Ctrl Pts',(0.377893800823549,-0.462403231310635,
0.176300138660986));
#6123=CARTESIAN_POINT('Ctrl Pts',(0.346398895775652,-0.427298860882913,
0.173344474183548));
#6124=CARTESIAN_POINT('Ctrl Pts',(0.343959605500466,-0.404383773259839,
0.171712681873045));
#6125=CARTESIAN_POINT('Ctrl Pts',(0.343999481528702,-0.400051301655132,
0.171404761729478));
#6126=CARTESIAN_POINT('Origin',(0.399999999999999,-0.4,0.329776340632727));
#6127=CARTESIAN_POINT('',(0.344061811647617,-0.39996100937513,0.221404761729478));
#6128=CARTESIAN_POINT('',(0.344048289965015,-0.400044623077745,0.217276340632727));
#6129=CARTESIAN_POINT('',(0.343999999999999,-0.399999999999999,0.329776340632727));
#6130=CARTESIAN_POINT('Ctrl Pts',(0.344048289965015,-0.400044623077745,
0.217276340632727));
#6131=CARTESIAN_POINT('Ctrl Pts',(0.344142219854087,-0.387451167796322,
0.216383269991573));
#6132=CARTESIAN_POINT('Ctrl Pts',(0.354582831421181,-0.35604828863645,0.214166327183485));
#6133=CARTESIAN_POINT('Ctrl Pts',(0.406657969289633,-0.33413255750854,0.210625512208461));
#6134=CARTESIAN_POINT('Ctrl Pts',(0.458968069466473,-0.369906553957622,
0.206653895707656));
#6135=CARTESIAN_POINT('Ctrl Pts',(0.457244095961249,-0.433256009432528,
0.202682279206852));
#6136=CARTESIAN_POINT('Ctrl Pts',(0.403065773751343,-0.466132062457236,
0.198710662706047));
#6137=CARTESIAN_POINT('Ctrl Pts',(0.353295173557966,-0.441920299182005,
0.195242016514672));
#6138=CARTESIAN_POINT('Ctrl Pts',(0.344134420781785,-0.411553361086815,
0.193097242490232));
#6139=CARTESIAN_POINT('Ctrl Pts',(0.344070410814027,-0.399966067811727,
0.192276340632727));
#6140=CARTESIAN_POINT('Ctrl Pts',(0.344061811647617,-0.39996100937513,0.221404761729478));
#6141=CARTESIAN_POINT('Ctrl Pts',(0.34401908564867,-0.393297190870375,0.220932481209597));
#6142=CARTESIAN_POINT('Ctrl Pts',(0.348205053194567,-0.368005612554808,
0.219136328522782));
#6143=CARTESIAN_POINT('Ctrl Pts',(0.385776862158547,-0.335342837473598,
0.216016303669032));
#6144=CARTESIAN_POINT('Ctrl Pts',(0.4466367117135,-0.35301207955864,0.212044687168228));
#6145=CARTESIAN_POINT('Ctrl Pts',(0.464762056673973,-0.413737666224608,
0.208073070667423));
#6146=CARTESIAN_POINT('Ctrl Pts',(0.423544135058496,-0.461875042514857,
0.204101454166619));
#6147=CARTESIAN_POINT('Ctrl Pts',(0.362051357786462,-0.453491740417328,
0.20021201785397));
#6148=CARTESIAN_POINT('Ctrl Pts',(0.344000015938531,-0.417383186112326,
0.197646453708256));
#6149=CARTESIAN_POINT('Ctrl Pts',(0.343916978075172,-0.399979162899652,
0.196404761729478));
#6150=CARTESIAN_POINT('Origin',(0.399999999999999,-0.4,0.329776340632727));
#6151=CARTESIAN_POINT('',(0.344058637582945,-0.400041014983155,0.246404761729477));
#6152=CARTESIAN_POINT('',(0.343909976544589,-0.400010648532507,0.242276340632727));
#6153=CARTESIAN_POINT('',(0.343999999999999,-0.399999999999999,0.329776340632727));
#6154=CARTESIAN_POINT('Ctrl Pts',(0.343909976544589,-0.400010648532507,
0.242276340632727));
#6155=CARTESIAN_POINT('Ctrl Pts',(0.343956653599904,-0.382031254204038,
0.240993169659849));
#6156=CARTESIAN_POINT('Ctrl Pts',(0.363084306986318,-0.345416529010371,
0.238386126520037));
#6157=CARTESIAN_POINT('Ctrl Pts',(0.425467410024813,-0.338891468867998,
0.234455211213289));
#6158=CARTESIAN_POINT('Ctrl Pts',(0.465159968241123,-0.388294089110925,
0.230483594712485));
#6159=CARTESIAN_POINT('Ctrl Pts',(0.445144631998096,-0.44842326012671,0.22651197821168));
#6160=CARTESIAN_POINT('Ctrl Pts',(0.383762027111932,-0.464180806413931,
0.222540361710875));
#6161=CARTESIAN_POINT('Ctrl Pts',(0.347715607352319,-0.43080878582735,0.219461815851224));
#6162=CARTESIAN_POINT('Ctrl Pts',(0.344002979843212,-0.406119483788746,
0.217707142158508));
#6163=CARTESIAN_POINT('Ctrl Pts',(0.344048289965015,-0.400044623077745,
0.217276340632727));
#6164=CARTESIAN_POINT('Ctrl Pts',(0.344058637582945,-0.400041014983155,
0.246404761729477));
#6165=CARTESIAN_POINT('Ctrl Pts',(0.344140126691021,-0.387874611440968,
0.245542380877873));
#6166=CARTESIAN_POINT('Ctrl Pts',(0.354024688882505,-0.356909933501229,
0.243356127859334));
#6167=CARTESIAN_POINT('Ctrl Pts',(0.405132314747498,-0.333996540250551,
0.239846002673861));
#6168=CARTESIAN_POINT('Ctrl Pts',(0.458255917474219,-0.368550042264153,
0.235874386173056));
#6169=CARTESIAN_POINT('Ctrl Pts',(0.457998258946054,-0.431922719516562,
0.231902769672251));
#6170=CARTESIAN_POINT('Ctrl Pts',(0.404595063819584,-0.466043361092332,
0.227931153171446));
#6171=CARTESIAN_POINT('Ctrl Pts',(0.353832423123853,-0.442785746359961,
0.224431817190522));
#6172=CARTESIAN_POINT('Ctrl Pts',(0.344138852944651,-0.411976859992,0.222256353376532));
#6173=CARTESIAN_POINT('Ctrl Pts',(0.344061811647617,-0.39996100937513,0.221404761729478));
#6174=CARTESIAN_POINT('Origin',(0.399999999999999,-0.4,0.329776340632727));
#6175=CARTESIAN_POINT('',(0.34392262749779,-0.400035568592835,0.271404761729478));
#6176=CARTESIAN_POINT('',(0.344017026814839,-0.39994858543253,0.267276340632727));
#6177=CARTESIAN_POINT('',(0.343999999999999,-0.399999999999999,0.329776340632727));
#6178=CARTESIAN_POINT('',(0.372233404975491,-0.448631432230039,0.275590551181102));
#6179=CARTESIAN_POINT('Ctrl Pts',(0.372233404975491,-0.448631432230039,
0.275590551181102));
#6180=CARTESIAN_POINT('Ctrl Pts',(0.356052493891791,-0.439392781740302,
0.274266679014168));
#6181=CARTESIAN_POINT('Ctrl Pts',(0.344389885764235,-0.420556803354858,
0.272871415863626));
#6182=CARTESIAN_POINT('Ctrl Pts',(0.343918117099119,-0.401034851674271,
0.271476152713084));
#6183=CARTESIAN_POINT('Ctrl Pts',(0.34392262749779,-0.400035568592835,0.271404761729477));
#6184=CARTESIAN_POINT('',(0.42770384521151,-0.448587327462945,0.275590551181102));
#6185=CARTESIAN_POINT('Origin',(0.399999999999999,-0.4,0.275590551181102));
#6186=CARTESIAN_POINT('Ctrl Pts',(0.42770384521151,-0.448587327462945,0.275590551181102));
#6187=CARTESIAN_POINT('Ctrl Pts',(0.421927440931824,-0.451941533310663,
0.27511749286118));
#6188=CARTESIAN_POINT('Ctrl Pts',(0.397869195179439,-0.46087583295566,0.273320562374323));
#6189=CARTESIAN_POINT('Ctrl Pts',(0.356140474103972,-0.446208940034352,
0.270549158858198));
#6190=CARTESIAN_POINT('Ctrl Pts',(0.344139327988887,-0.413666458643682,
0.268250813661995));
#6191=CARTESIAN_POINT('Ctrl Pts',(0.344017026814839,-0.39994858543253,0.267276340632727));
#6192=CARTESIAN_POINT('Origin',(-0.400000000000001,-0.4,0.175590551181102));
#6193=CARTESIAN_POINT('',(-0.444713628831368,-0.399957520890622,0.0857522825908843));
#6194=CARTESIAN_POINT('',(-0.444622013074716,-0.400055894341425,0.0779288197713205));
#6195=CARTESIAN_POINT('',(-0.444700000000001,-0.4,0.175590551181102));
#6196=CARTESIAN_POINT('',(-0.437200868403,-0.375217236028587,0.0755905511811024));
#6197=CARTESIAN_POINT('Ctrl Pts',(-0.444622013074716,-0.400055894341425,
0.0779288197713205));
#6198=CARTESIAN_POINT('Ctrl Pts',(-0.444575162117198,-0.391293851464568,
0.0771493969079144));
#6199=CARTESIAN_POINT('Ctrl Pts',(-0.442055572248814,-0.382504526466086,
0.0763699740445084));
#6200=CARTESIAN_POINT('Ctrl Pts',(-0.437200868403,-0.375217236028587,0.0755905511811024));
#6201=CARTESIAN_POINT('',(-0.36285968151731,-0.375226286515935,0.0755905511811024));
#6202=CARTESIAN_POINT('Origin',(-0.400000000000001,-0.4,0.0755905511811023));
#6203=CARTESIAN_POINT('Ctrl Pts',(-0.36285968151731,-0.375226286515935,
0.0755905511811024));
#6204=CARTESIAN_POINT('Ctrl Pts',(-0.365783303202867,-0.370767546584499,
0.0760636095010245));
#6205=CARTESIAN_POINT('Ctrl Pts',(-0.369462798221401,-0.366824896741601,
0.0765366678209466));
#6206=CARTESIAN_POINT('Ctrl Pts',(-0.373747513161955,-0.363720280249414,
0.0770097261408688));
#6207=CARTESIAN_POINT('Ctrl Pts',(-0.385738455111742,-0.355031889854568,
0.0783335983078037));
#6208=CARTESIAN_POINT('Ctrl Pts',(-0.402469370941727,-0.352906826357227,
0.0796574704747386));
#6209=CARTESIAN_POINT('Ctrl Pts',(-0.416264527651919,-0.358288445079235,
0.0809813426416735));
#6210=CARTESIAN_POINT('Ctrl Pts',(-0.430059684362111,-0.363670063801244,
0.0823052148086084));
#6211=CARTESIAN_POINT('Ctrl Pts',(-0.440919081952512,-0.376558364742601,
0.0836290869755433));
#6212=CARTESIAN_POINT('Ctrl Pts',(-0.443872585434454,-0.391063478167018,
0.0849529591424782));
#6213=CARTESIAN_POINT('Ctrl Pts',(-0.444467004504772,-0.393982762362655,
0.0852194002919469));
#6214=CARTESIAN_POINT('Ctrl Pts',(-0.444741193964685,-0.396967535827998,
0.0854858414414156));
#6215=CARTESIAN_POINT('Ctrl Pts',(-0.444713628831368,-0.399957520890622,
0.0857522825908843));
#6216=CARTESIAN_POINT('Origin',(-0.400000000000001,-0.4,0.175590551181102));
#6217=CARTESIAN_POINT('',(-0.444626782859642,-0.39999896696502,0.110752282590884));
#6218=CARTESIAN_POINT('',(-0.444749939010252,-0.400028577171045,0.10292881977132));
#6219=CARTESIAN_POINT('',(-0.444700000000001,-0.4,0.175590551181102));
#6220=CARTESIAN_POINT('Ctrl Pts',(-0.444749939010252,-0.400028577171045,
0.10292881977132));
#6221=CARTESIAN_POINT('Ctrl Pts',(-0.444651960537742,-0.386931656327329,
0.10175929657619));
#6222=CARTESIAN_POINT('Ctrl Pts',(-0.438560728176677,-0.373755952274651,
0.10058977338106));
#6223=CARTESIAN_POINT('Ctrl Pts',(-0.428465451620793,-0.365440414461903,
0.0994202501859305));
#6224=CARTESIAN_POINT('Ctrl Pts',(-0.417037841030855,-0.356027425382907,
0.0980963780189956));
#6225=CARTESIAN_POINT('Ctrl Pts',(-0.400479569839892,-0.352842105687257,
0.0967725058520607));
#6226=CARTESIAN_POINT('Ctrl Pts',(-0.386376506916178,-0.357348013428796,
0.0954486336851258));
#6227=CARTESIAN_POINT('Ctrl Pts',(-0.372273443992465,-0.361853921170333,
0.094124761518191));
#6228=CARTESIAN_POINT('Ctrl Pts',(-0.360625589336002,-0.374051056349058,
0.0928008893512561));
#6229=CARTESIAN_POINT('Ctrl Pts',(-0.356770607399001,-0.388343034373813,
0.0914770171843212));
#6230=CARTESIAN_POINT('Ctrl Pts',(-0.352915625462,-0.402635012398569,0.0901531450173863));
#6231=CARTESIAN_POINT('Ctrl Pts',(-0.356853516244461,-0.419021833269354,
0.0888292728504514));
#6232=CARTESIAN_POINT('Ctrl Pts',(-0.366778021614588,-0.430011481832847,
0.0875054006835165));
#6233=CARTESIAN_POINT('Ctrl Pts',(-0.376702526984715,-0.44100113039634,
0.0861815285165816));
#6234=CARTESIAN_POINT('Ctrl Pts',(-0.392613646942508,-0.446593606652539,
0.0848576563496467));
#6235=CARTESIAN_POINT('Ctrl Pts',(-0.407225882983846,-0.44419499649115,
0.0835337841827118));
#6236=CARTESIAN_POINT('Ctrl Pts',(-0.421838119025184,-0.44179638632976,
0.0822099120157769));
#6237=CARTESIAN_POINT('Ctrl Pts',(-0.435151471150067,-0.431406689750781,
0.080886039848842));
#6238=CARTESIAN_POINT('Ctrl Pts',(-0.441053622047213,-0.417856320313422,
0.0795621676819071));
#6239=CARTESIAN_POINT('Ctrl Pts',(-0.443480912253572,-0.412283660515149,
0.0790177183783782));
#6240=CARTESIAN_POINT('Ctrl Pts',(-0.444654739817012,-0.40617643348105,
0.0784732690748493));
#6241=CARTESIAN_POINT('Ctrl Pts',(-0.444622013074716,-0.400055894341425,
0.0779288197713205));
#6242=CARTESIAN_POINT('Ctrl Pts',(-0.444713628831368,-0.399957520890622,
0.0857522825908843));
#6243=CARTESIAN_POINT('Ctrl Pts',(-0.444604230463177,-0.411823942249651,
0.0868097136083505));
#6244=CARTESIAN_POINT('Ctrl Pts',(-0.439741968143071,-0.423772450222782,
0.0878671446258167));
#6245=CARTESIAN_POINT('Ctrl Pts',(-0.431281722484322,-0.432035063722564,
0.0889245756432829));
#6246=CARTESIAN_POINT('Ctrl Pts',(-0.420689746678764,-0.442379609946216,
0.0902484478102178));
#6247=CARTESIAN_POINT('Ctrl Pts',(-0.404458185694163,-0.446946776486043,
0.0915723199771526));
#6248=CARTESIAN_POINT('Ctrl Pts',(-0.390025140571471,-0.443648012063226,
0.0928961921440875));
#6249=CARTESIAN_POINT('Ctrl Pts',(-0.375592095448779,-0.440349247640408,
0.0942200643110224));
#6250=CARTESIAN_POINT('Ctrl Pts',(-0.362957566187997,-0.429184552254945,
0.0955439364779573));
#6251=CARTESIAN_POINT('Ctrl Pts',(-0.357909524036275,-0.415267150141756,
0.0968678086448922));
#6252=CARTESIAN_POINT('Ctrl Pts',(-0.352861481884554,-0.401349748028567,
0.0981916808118271));
#6253=CARTESIAN_POINT('Ctrl Pts',(-0.355399926841893,-0.38467963918765,
0.099515552978762));
#6254=CARTESIAN_POINT('Ctrl Pts',(-0.364362201915053,-0.372895511136774,
0.100839425145697));
#6255=CARTESIAN_POINT('Ctrl Pts',(-0.373324476988212,-0.361111383085897,
0.102163297312632));
#6256=CARTESIAN_POINT('Ctrl Pts',(-0.388710582177193,-0.35421323582506,
0.103487169479567));
#6257=CARTESIAN_POINT('Ctrl Pts',(-0.403470972010182,-0.355361012806783,
0.104811041646502));
#6258=CARTESIAN_POINT('Ctrl Pts',(-0.418231361843171,-0.356508789788506,
0.106134913813436));
#6259=CARTESIAN_POINT('Ctrl Pts',(-0.43236603632017,-0.365702491012788,
0.107458785980371));
#6260=CARTESIAN_POINT('Ctrl Pts',(-0.439399095757161,-0.378730171798127,
0.108782658147306));
#6261=CARTESIAN_POINT('Ctrl Pts',(-0.442886966697728,-0.385190926131466,
0.109439199628499));
#6262=CARTESIAN_POINT('Ctrl Pts',(-0.444628254092122,-0.392594616061847,
0.110095741109692));
#6263=CARTESIAN_POINT('Ctrl Pts',(-0.444626782859642,-0.39999896696502,
0.110752282590884));
#6264=CARTESIAN_POINT('Origin',(-0.400000000000001,-0.4,0.175590551181102));
#6265=CARTESIAN_POINT('',(-0.444710912270189,-0.400040198058358,0.135752282590884));
#6266=CARTESIAN_POINT('',(-0.444724930128898,-0.399962181567568,0.12792881977132));
#6267=CARTESIAN_POINT('',(-0.444700000000001,-0.4,0.175590551181102));
#6268=CARTESIAN_POINT('Ctrl Pts',(-0.444724930128898,-0.399962181567568,
0.12792881977132));
#6269=CARTESIAN_POINT('Ctrl Pts',(-0.444748772159183,-0.397318193591338,
0.127693068411401));
#6270=CARTESIAN_POINT('Ctrl Pts',(-0.444534499726838,-0.39467806504283,
0.127457317051482));
#6271=CARTESIAN_POINT('Ctrl Pts',(-0.444068334176007,-0.392083189209608,
0.127221565691563));
#6272=CARTESIAN_POINT('Ctrl Pts',(-0.44145056095026,-0.37751154943865,0.125897693524628));
#6273=CARTESIAN_POINT('Ctrl Pts',(-0.430889505502078,-0.364366923994257,
0.124573821357693));
#6274=CARTESIAN_POINT('Ctrl Pts',(-0.41722386652566,-0.358671665340231,
0.123249949190758));
#6275=CARTESIAN_POINT('Ctrl Pts',(-0.403558227549243,-0.352976406686205,
0.121926077023824));
#6276=CARTESIAN_POINT('Ctrl Pts',(-0.38678800504459,-0.354730514822546,
0.120602204856889));
#6277=CARTESIAN_POINT('Ctrl Pts',(-0.374596698608191,-0.363130397686616,
0.119278332689954));
#6278=CARTESIAN_POINT('Ctrl Pts',(-0.362405392171792,-0.371530280550685,
0.117954460523019));
#6279=CARTESIAN_POINT('Ctrl Pts',(-0.354793001803648,-0.386575938142483,
0.116630588356084));
#6280=CARTESIAN_POINT('Ctrl Pts',(-0.355247268558262,-0.401373844859156,
0.115306716189149));
#6281=CARTESIAN_POINT('Ctrl Pts',(-0.355701535312875,-0.416171751575829,
0.113982844022214));
#6282=CARTESIAN_POINT('Ctrl Pts',(-0.364222459190246,-0.430721907417377,
0.112658971855279));
#6283=CARTESIAN_POINT('Ctrl Pts',(-0.376906023887826,-0.438358247882816,
0.111335099688344));
#6284=CARTESIAN_POINT('Ctrl Pts',(-0.389589588585406,-0.445994588348254,
0.11001122752141));
#6285=CARTESIAN_POINT('Ctrl Pts',(-0.406435794103195,-0.446717113437581,
0.108687355354475));
#6286=CARTESIAN_POINT('Ctrl Pts',(-0.419726390623352,-0.440194222972025,
0.10736348318754));
#6287=CARTESIAN_POINT('Ctrl Pts',(-0.433016987143508,-0.433671332506468,
0.106039611020605));
#6288=CARTESIAN_POINT('Ctrl Pts',(-0.442751974666031,-0.419903026486028,
0.10471573885367));
#6289=CARTESIAN_POINT('Ctrl Pts',(-0.444470993432837,-0.405198544244636,
0.103391866686735));
#6290=CARTESIAN_POINT('Ctrl Pts',(-0.444671412163434,-0.40348416292326,
0.10323751771493));
#6291=CARTESIAN_POINT('Ctrl Pts',(-0.444762869815348,-0.401757056156716,
0.103083168743125));
#6292=CARTESIAN_POINT('Ctrl Pts',(-0.444749939010252,-0.400028577171045,
0.10292881977132));
#6293=CARTESIAN_POINT('Ctrl Pts',(-0.444626782859642,-0.39999896696502,
0.110752282590884));
#6294=CARTESIAN_POINT('Ctrl Pts',(-0.44462528744982,-0.407524996480647,
0.111419613276627));
#6295=CARTESIAN_POINT('Ctrl Pts',(-0.442823283893168,-0.415051708871618,
0.112086943962369));
#6296=CARTESIAN_POINT('Ctrl Pts',(-0.439224788794006,-0.421589607620747,
0.112754274648111));
#6297=CARTESIAN_POINT('Ctrl Pts',(-0.432085977996878,-0.434559702311634,
0.114078146815046));
#6298=CARTESIAN_POINT('Ctrl Pts',(-0.417876912005637,-0.443638231347015,
0.115402018981981));
#6299=CARTESIAN_POINT('Ctrl Pts',(-0.403107696589884,-0.444665814230017,
0.116725891148916));
#6300=CARTESIAN_POINT('Ctrl Pts',(-0.388338481174131,-0.44569339711302,
0.11804976331585));
#6301=CARTESIAN_POINT('Ctrl Pts',(-0.373009116333865,-0.438670033843645,
0.119373635482785));
#6302=CARTESIAN_POINT('Ctrl Pts',(-0.36414294943842,-0.426813537836615,
0.12069750764972));
#6303=CARTESIAN_POINT('Ctrl Pts',(-0.355276782542975,-0.414957041829584,
0.122021379816655));
#6304=CARTESIAN_POINT('Ctrl Pts',(-0.352873813592352,-0.398267413084898,
0.12334525198359));
#6305=CARTESIAN_POINT('Ctrl Pts',(-0.358035002828836,-0.384391255221337,
0.124669124150525));
#6306=CARTESIAN_POINT('Ctrl Pts',(-0.363196192065321,-0.370515097357775,
0.12599299631746));
#6307=CARTESIAN_POINT('Ctrl Pts',(-0.375921539488913,-0.359452410375337,
0.127316868484395));
#6308=CARTESIAN_POINT('Ctrl Pts',(-0.390380747664655,-0.356271707396592,
0.12864074065133));
#6309=CARTESIAN_POINT('Ctrl Pts',(-0.404839955840398,-0.353091004417846,
0.129964612818264));
#6310=CARTESIAN_POINT('Ctrl Pts',(-0.421033024768289,-0.357792285442793,
0.131288484985199));
#6311=CARTESIAN_POINT('Ctrl Pts',(-0.431540877714827,-0.368221598652443,
0.132612357152134));
#6312=CARTESIAN_POINT('Ctrl Pts',(-0.439848294799733,-0.376466922904934,
0.133658998965051));
#6313=CARTESIAN_POINT('Ctrl Pts',(-0.444602255198209,-0.38829246545231,
0.134705640777968));
#6314=CARTESIAN_POINT('Ctrl Pts',(-0.444710912270189,-0.400040198058358,
0.135752282590884));
#6315=CARTESIAN_POINT('Origin',(-0.400000000000001,-0.4,0.175590551181102));
#6316=CARTESIAN_POINT('',(-0.444760210939778,-0.399977819581444,0.160752282590884));
#6317=CARTESIAN_POINT('',(-0.444627679113668,-0.399993331531901,0.152928819771321));
#6318=CARTESIAN_POINT('',(-0.444700000000001,-0.4,0.175590551181102));
#6319=CARTESIAN_POINT('Ctrl Pts',(-0.444627679113668,-0.399993331531901,
0.152928819771321));
#6320=CARTESIAN_POINT('Ctrl Pts',(-0.444637070028719,-0.392935459522407,
0.152302968079677));
#6321=CARTESIAN_POINT('Ctrl Pts',(-0.44306214256824,-0.38588154922315,0.151677116388034));
#6322=CARTESIAN_POINT('Ctrl Pts',(-0.4398806930063,-0.379647502786967,0.151051264696391));
#6323=CARTESIAN_POINT('Ctrl Pts',(-0.433150931655809,-0.36646054384055,
0.149727392529456));
#6324=CARTESIAN_POINT('Ctrl Pts',(-0.419232708871233,-0.356942105704114,
0.148403520362521));
#6325=CARTESIAN_POINT('Ctrl Pts',(-0.404502851043272,-0.355453191746912,
0.147079648195587));
#6326=CARTESIAN_POINT('Ctrl Pts',(-0.38977299321531,-0.35396427778971,0.145755776028652));
#6327=CARTESIAN_POINT('Ctrl Pts',(-0.374231500343962,-0.360504888011742,
0.144431903861717));
#6328=CARTESIAN_POINT('Ctrl Pts',(-0.364998922189788,-0.372078352784415,
0.143108031694782));
#6329=CARTESIAN_POINT('Ctrl Pts',(-0.355766344035613,-0.383651817557087,
0.141784159527847));
#6330=CARTESIAN_POINT('Ctrl Pts',(-0.352842680598612,-0.4002581368804,0.140460287360912));
#6331=CARTESIAN_POINT('Ctrl Pts',(-0.357567449078065,-0.414288893082213,
0.139136415193977));
#6332=CARTESIAN_POINT('Ctrl Pts',(-0.362292217557518,-0.428319649284026,
0.137812543027042));
#6333=CARTESIAN_POINT('Ctrl Pts',(-0.374665417953424,-0.439774842364339,
0.136488670860107));
#6334=CARTESIAN_POINT('Ctrl Pts',(-0.389018096661219,-0.443406122526321,
0.135164798693173));
#6335=CARTESIAN_POINT('Ctrl Pts',(-0.403370775369014,-0.447037402688304,
0.133840926526238));
#6336=CARTESIAN_POINT('Ctrl Pts',(-0.419702932388696,-0.442844769931957,
0.132517054359303));
#6337=CARTESIAN_POINT('Ctrl Pts',(-0.430531765396881,-0.432749126505022,
0.131193182192368));
#6338=CARTESIAN_POINT('Ctrl Pts',(-0.439432230869455,-0.424451286315139,
0.130105061385352));
#6339=CARTESIAN_POINT('Ctrl Pts',(-0.444614886185809,-0.412165624769012,
0.129016940578336));
#6340=CARTESIAN_POINT('Ctrl Pts',(-0.444724930128898,-0.399962181567568,
0.12792881977132));
#6341=CARTESIAN_POINT('Ctrl Pts',(-0.444710912270189,-0.400040198058358,
0.135752282590884));
#6342=CARTESIAN_POINT('Ctrl Pts',(-0.444739692926723,-0.403151891121919,
0.136029512944903));
#6343=CARTESIAN_POINT('Ctrl Pts',(-0.44444256224062,-0.406258125092571,
0.136306743298921));
#6344=CARTESIAN_POINT('Ctrl Pts',(-0.443799229852527,-0.40929092091106,
0.136583973652939));
#6345=CARTESIAN_POINT('Ctrl Pts',(-0.440727092078505,-0.423773584565668,
0.137907845819874));
#6346=CARTESIAN_POINT('Ctrl Pts',(-0.42976017956528,-0.436581566480531,
0.139231717986809));
#6347=CARTESIAN_POINT('Ctrl Pts',(-0.415923135458202,-0.441846713922837,
0.140555590153744));
#6348=CARTESIAN_POINT('Ctrl Pts',(-0.402086091351124,-0.447111861365144,
0.141879462320678));
#6349=CARTESIAN_POINT('Ctrl Pts',(-0.385378915650194,-0.444834174334895,
0.143203334487613));
#6350=CARTESIAN_POINT('Ctrl Pts',(-0.373456231766938,-0.436057205956553,
0.144527206654548));
#6351=CARTESIAN_POINT('Ctrl Pts',(-0.361533547883683,-0.427280237578211,
0.145851078821483));
#6352=CARTESIAN_POINT('Ctrl Pts',(-0.354395355818102,-0.412003987851778,
0.147174950988418));
#6353=CARTESIAN_POINT('Ctrl Pts',(-0.355312117131817,-0.397227482260911,
0.148498823155353));
#6354=CARTESIAN_POINT('Ctrl Pts',(-0.356228878445533,-0.382450976670045,
0.149822695322288));
#6355=CARTESIAN_POINT('Ctrl Pts',(-0.365200593138545,-0.368174215214746,
0.151146567489223));
#6356=CARTESIAN_POINT('Ctrl Pts',(-0.378116745955507,-0.360938293460263,
0.152470439656158));
#6357=CARTESIAN_POINT('Ctrl Pts',(-0.39103289877247,-0.353702371705781,
0.153794311823093));
#6358=CARTESIAN_POINT('Ctrl Pts',(-0.407893489713381,-0.353507289652114,
0.155118183990027));
#6359=CARTESIAN_POINT('Ctrl Pts',(-0.42097360584181,-0.360442426934982,
0.156442056156962));
#6360=CARTESIAN_POINT('Ctrl Pts',(-0.434053721970238,-0.367377564217849,
0.157765928323897));
#6361=CARTESIAN_POINT('Ctrl Pts',(-0.443353363286182,-0.38144292083725,
0.159089800490832));
#6362=CARTESIAN_POINT('Ctrl Pts',(-0.444611770463273,-0.396194259045977,
0.160413672657767));
#6363=CARTESIAN_POINT('Ctrl Pts',(-0.444719059062256,-0.397451920666437,
0.160526542635473));
#6364=CARTESIAN_POINT('Ctrl Pts',(-0.444767897261856,-0.398714568573476,
0.160639412613179));
#6365=CARTESIAN_POINT('Ctrl Pts',(-0.444760210939778,-0.399977819581444,
0.160752282590884));
#6366=CARTESIAN_POINT('Origin',(-0.400000000000001,-0.4,0.175590551181102));
#6367=CARTESIAN_POINT('',(-0.444643795189334,-0.399972914843738,0.185752282590884));
#6368=CARTESIAN_POINT('',(-0.444700419789886,-0.40004094971946,0.17792881977132));
#6369=CARTESIAN_POINT('',(-0.444700000000001,-0.4,0.175590551181102));
#6370=CARTESIAN_POINT('Ctrl Pts',(-0.444700419789886,-0.40004094971946,
0.17792881977132));
#6371=CARTESIAN_POINT('Ctrl Pts',(-0.444595401111709,-0.388630825359677,
0.176912867747953));
#6372=CARTESIAN_POINT('Ctrl Pts',(-0.44014419257709,-0.377147871268645,
0.175896915724586));
#6373=CARTESIAN_POINT('Ctrl Pts',(-0.432267707389892,-0.368959882862994,
0.174880963701219));
#6374=CARTESIAN_POINT('Ctrl Pts',(-0.422003975173437,-0.358290235375605,
0.173557091534284));
#6375=CARTESIAN_POINT('Ctrl Pts',(-0.405924015819109,-0.353215542918565,
0.172233219367349));
#6376=CARTESIAN_POINT('Ctrl Pts',(-0.391395085137799,-0.356060846026757,
0.170909347200414));
#6377=CARTESIAN_POINT('Ctrl Pts',(-0.376866154456488,-0.358906149134949,
0.16958547503348));
#6378=CARTESIAN_POINT('Ctrl Pts',(-0.363888252448195,-0.369671447808374,
0.168261602866545));
#6379=CARTESIAN_POINT('Ctrl Pts',(-0.358407384436289,-0.383424471570429,
0.16693773069961));
#6380=CARTESIAN_POINT('Ctrl Pts',(-0.352926516424384,-0.397177495332484,
0.165613858532675));
#6381=CARTESIAN_POINT('Ctrl Pts',(-0.354942682408866,-0.41391824418317,
0.16428998636574));
#6382=CARTESIAN_POINT('Ctrl Pts',(-0.363532148060995,-0.42597671241379,
0.162966114198805));
#6383=CARTESIAN_POINT('Ctrl Pts',(-0.372121613713125,-0.43803518064441,
0.16164224203187));
#6384=CARTESIAN_POINT('Ctrl Pts',(-0.387284379032901,-0.445411368254964,
0.160318369864935));
#6385=CARTESIAN_POINT('Ctrl Pts',(-0.402073413332277,-0.444725772957018,
0.158994497698001));
#6386=CARTESIAN_POINT('Ctrl Pts',(-0.416862447631653,-0.444040177659071,
0.157670625531066));
#6387=CARTESIAN_POINT('Ctrl Pts',(-0.431277750910629,-0.435292799452624,
0.156346753364131));
#6388=CARTESIAN_POINT('Ctrl Pts',(-0.438714752591914,-0.422491370471202,
0.155022881197196));
#6389=CARTESIAN_POINT('Ctrl Pts',(-0.442635961586234,-0.415741731219616,
0.154324860721904));
#6390=CARTESIAN_POINT('Ctrl Pts',(-0.444617205304817,-0.407865067344713,
0.153626840246612));
#6391=CARTESIAN_POINT('Ctrl Pts',(-0.444627679113668,-0.399993331531901,
0.152928819771321));
#6392=CARTESIAN_POINT('Ctrl Pts',(-0.444760210939778,-0.399977819581444,
0.160752282590884));
#6393=CARTESIAN_POINT('Ctrl Pts',(-0.44467774301471,-0.413531465708514,
0.161963284780113));
#6394=CARTESIAN_POINT('Ctrl Pts',(-0.438088438892824,-0.427154537968434,
0.163174286969343));
#6395=CARTESIAN_POINT('Ctrl Pts',(-0.427370935584948,-0.435433396856649,
0.164385289158572));
#6396=CARTESIAN_POINT('Ctrl Pts',(-0.415654520491296,-0.444483876660544,
0.165709161325507));
#6397=CARTESIAN_POINT('Ctrl Pts',(-0.399004517265755,-0.447147516470282,
0.167033033492441));
#6398=CARTESIAN_POINT('Ctrl Pts',(-0.385049355198759,-0.442203932850298,
0.168356905659376));
#6399=CARTESIAN_POINT('Ctrl Pts',(-0.371094193131762,-0.437260349230314,
0.169680777826311));
#6400=CARTESIAN_POINT('Ctrl Pts',(-0.35983387222331,-0.424709542180607,
0.171004649993246));
#6401=CARTESIAN_POINT('Ctrl Pts',(-0.356427464261745,-0.41030183756741,
0.172328522160181));
#6402=CARTESIAN_POINT('Ctrl Pts',(-0.35302105630018,-0.395894132954214,
0.173652394327116));
#6403=CARTESIAN_POINT('Ctrl Pts',(-0.357468561285502,-0.379629530777529,
0.174976266494051));
#6404=CARTESIAN_POINT('Ctrl Pts',(-0.367732293286736,-0.368959883513877,
0.176300138660986));
#6405=CARTESIAN_POINT('Ctrl Pts',(-0.37799602528797,-0.358290236250225,
0.17762401082792));
#6406=CARTESIAN_POINT('Ctrl Pts',(-0.394075984305117,-0.353215543899606,
0.178947882994855));
#6407=CARTESIAN_POINT('Ctrl Pts',(-0.408604914681766,-0.35606084694813,
0.18027175516179));
#6408=CARTESIAN_POINT('Ctrl Pts',(-0.423133845058415,-0.358906149996653,
0.181595627328725));
#6409=CARTESIAN_POINT('Ctrl Pts',(-0.436111746794568,-0.369671448444319,
0.18291949949566));
#6410=CARTESIAN_POINT('Ctrl Pts',(-0.441592614691546,-0.383424471917994,
0.184243371662595));
#6411=CARTESIAN_POINT('Ctrl Pts',(-0.44367492587758,-0.388649570416865,
0.184746341972025));
#6412=CARTESIAN_POINT('Ctrl Pts',(-0.4446751005129,-0.394305922998816,0.185249312281454));
#6413=CARTESIAN_POINT('Ctrl Pts',(-0.444643795189334,-0.399972914843738,
0.185752282590884));
#6414=CARTESIAN_POINT('Origin',(-0.400000000000001,-0.4,0.175590551181102));
#6415=CARTESIAN_POINT('',(-0.444661452366824,-0.400035618778342,0.210752282590884));
#6416=CARTESIAN_POINT('',(-0.444766275233792,-0.399983367526986,0.202928819771321));
#6417=CARTESIAN_POINT('',(-0.444700000000001,-0.4,0.175590551181102));
#6418=CARTESIAN_POINT('Ctrl Pts',(-0.444766275233792,-0.399983367526986,
0.202928819771321));
#6419=CARTESIAN_POINT('Ctrl Pts',(-0.444770662045306,-0.399063929496678,
0.202846639583164));
#6420=CARTESIAN_POINT('Ctrl Pts',(-0.444744792335168,-0.398144742997003,
0.202764459395008));
#6421=CARTESIAN_POINT('Ctrl Pts',(-0.444687883805238,-0.397227482202844,
0.202682279206852));
#6422=CARTESIAN_POINT('Ctrl Pts',(-0.443771122472288,-0.382450976302184,
0.201358407039917));
#6423=CARTESIAN_POINT('Ctrl Pts',(-0.434799407591172,-0.368174214547379,
0.200034534872982));
#6424=CARTESIAN_POINT('Ctrl Pts',(-0.421883254503375,-0.360938292641134,
0.198710662706047));
#6425=CARTESIAN_POINT('Ctrl Pts',(-0.408967101415578,-0.353702370734889,
0.197386790539112));
#6426=CARTESIAN_POINT('Ctrl Pts',(-0.392106510121099,-0.353507288677204,
0.196062918372177));
#6427=CARTESIAN_POINT('Ctrl Pts',(-0.379026393718388,-0.360442426105512,
0.194739046205242));
#6428=CARTESIAN_POINT('Ctrl Pts',(-0.365946277315678,-0.367377563533821,
0.193415174038308));
#6429=CARTESIAN_POINT('Ctrl Pts',(-0.356646635804736,-0.381442920448121,
0.192091301871373));
#6430=CARTESIAN_POINT('Ctrl Pts',(-0.355388228601259,-0.396194258966162,
0.190767429704438));
#6431=CARTESIAN_POINT('Ctrl Pts',(-0.354129821397783,-0.410945597484202,
0.189443557537503));
#6432=CARTESIAN_POINT('Ctrl Pts',(-0.360912648501772,-0.426382917605982,
0.188119685370568));
#6433=CARTESIAN_POINT('Ctrl Pts',(-0.372629063841106,-0.435433397599664,
0.186795813203633));
#6434=CARTESIAN_POINT('Ctrl Pts',(-0.38434547918044,-0.444483877593345,
0.185471941036698));
#6435=CARTESIAN_POINT('Ctrl Pts',(-0.40099548275512,-0.447147517458928,
0.184148068869764));
#6436=CARTESIAN_POINT('Ctrl Pts',(-0.414950645114745,-0.442203933735277,
0.182824196702829));
#6437=CARTESIAN_POINT('Ctrl Pts',(-0.42890580747437,-0.437260350011627,
0.181500324535894));
#6438=CARTESIAN_POINT('Ctrl Pts',(-0.440166128618941,-0.424709542698743,
0.180176452368959));
#6439=CARTESIAN_POINT('Ctrl Pts',(-0.443572536651936,-0.410301837783432,
0.178852580202024));
#6440=CARTESIAN_POINT('Ctrl Pts',(-0.444364834939314,-0.406950741902116,
0.178544660058456));
#6441=CARTESIAN_POINT('Ctrl Pts',(-0.444732249409511,-0.403499190906231,
0.178236739914888));
#6442=CARTESIAN_POINT('Ctrl Pts',(-0.444700419789886,-0.40004094971946,
0.17792881977132));
#6443=CARTESIAN_POINT('Ctrl Pts',(-0.444643795189334,-0.399972914843738,
0.185752282590884));
#6444=CARTESIAN_POINT('Ctrl Pts',(-0.444592701520814,-0.409222057476504,
0.186573184448389));
#6445=CARTESIAN_POINT('Ctrl Pts',(-0.441793975808596,-0.418499540727632,
0.187394086305895));
#6446=CARTESIAN_POINT('Ctrl Pts',(-0.43646785117431,-0.4259767118691,0.1882149881634));
#6447=CARTESIAN_POINT('Ctrl Pts',(-0.42787838570229,-0.438035179846847,
0.189538860330335));
#6448=CARTESIAN_POINT('Ctrl Pts',(-0.412715620700446,-0.445411367302658,
0.190862732497269));
#6449=CARTESIAN_POINT('Ctrl Pts',(-0.397926586711192,-0.444725772019119,
0.192186604664204));
#6450=CARTESIAN_POINT('Ctrl Pts',(-0.383137552721938,-0.444040176735579,
0.193510476831139));
#6451=CARTESIAN_POINT('Ctrl Pts',(-0.368722249745275,-0.435292798712688,
0.194834348998074));
#6452=CARTESIAN_POINT('Ctrl Pts',(-0.361285248219922,-0.422491369999645,
0.196158221165009));
#6453=CARTESIAN_POINT('Ctrl Pts',(-0.353848246694569,-0.409689941286602,
0.197482093331944));
#6454=CARTESIAN_POINT('Ctrl Pts',(-0.353389546620525,-0.392834461883406,
0.198805965498879));
#6455=CARTESIAN_POINT('Ctrl Pts',(-0.360119307829931,-0.379647503213613,
0.200129837665814));
#6456=CARTESIAN_POINT('Ctrl Pts',(-0.366849069039336,-0.36646054454382,
0.201453709832749));
#6457=CARTESIAN_POINT('Ctrl Pts',(-0.38076729153219,-0.35694210660743,0.202777581999683));
#6458=CARTESIAN_POINT('Ctrl Pts',(-0.395497149051219,-0.355453192681259,
0.204101454166618));
#6459=CARTESIAN_POINT('Ctrl Pts',(-0.410227006570249,-0.353964278755088,
0.205425326333553));
#6460=CARTESIAN_POINT('Ctrl Pts',(-0.425768499115453,-0.360504888839136,
0.206749198500488));
#6461=CARTESIAN_POINT('Ctrl Pts',(-0.435001077076141,-0.372078353369471,
0.208073070667423));
#6462=CARTESIAN_POINT('Ctrl Pts',(-0.441229279862475,-0.37988569432476,
0.208966141308577));
#6463=CARTESIAN_POINT('Ctrl Pts',(-0.444586476190522,-0.389983343291884,
0.209859211949731));
#6464=CARTESIAN_POINT('Ctrl Pts',(-0.444661452366824,-0.400035618778342,
0.210752282590884));
#6465=CARTESIAN_POINT('Origin',(-0.400000000000001,-0.4,0.175590551181102));
#6466=CARTESIAN_POINT('',(-0.444771856134364,-0.400008499871779,0.235752282590884));
#6467=CARTESIAN_POINT('',(-0.44465066699261,-0.399968877112811,0.22792881977132));
#6468=CARTESIAN_POINT('',(-0.444700000000001,-0.4,0.175590551181102));
#6469=CARTESIAN_POINT('Ctrl Pts',(-0.44465066699261,-0.399968877112811,
0.22792881977132));
#6470=CARTESIAN_POINT('Ctrl Pts',(-0.44468477149846,-0.394649721289288,
0.22745653925144));
#6471=CARTESIAN_POINT('Ctrl Pts',(-0.443806209950112,-0.389341460324379,
0.22698425873156));
#6472=CARTESIAN_POINT('Ctrl Pts',(-0.441964998050719,-0.384391254896845,
0.22651197821168));
#6473=CARTESIAN_POINT('Ctrl Pts',(-0.436803808705764,-0.370515096744514,
0.225188106044745));
#6474=CARTESIAN_POINT('Ctrl Pts',(-0.424078461016084,-0.35945240952477,
0.22386423387781));
#6475=CARTESIAN_POINT('Ctrl Pts',(-0.409619252537298,-0.356271706478116,
0.222540361710875));
#6476=CARTESIAN_POINT('Ctrl Pts',(-0.395160044058512,-0.353091003431462,
0.22121648954394));
#6477=CARTESIAN_POINT('Ctrl Pts',(-0.37896697479062,-0.357792284557898,
0.219892617377005));
#6478=CARTESIAN_POINT('Ctrl Pts',(-0.368459121623648,-0.368221597986907,
0.218568745210071));
#6479=CARTESIAN_POINT('Ctrl Pts',(-0.357951268456677,-0.378650911415915,
0.217244873043136));
#6480=CARTESIAN_POINT('Ctrl Pts',(-0.353128631390625,-0.394808257147496,
0.215921000876201));
#6481=CARTESIAN_POINT('Ctrl Pts',(-0.356200769229121,-0.409290921105432,
0.214597128709266));
#6482=CARTESIAN_POINT('Ctrl Pts',(-0.359272907067617,-0.423773585063369,
0.213273256542331));
#6483=CARTESIAN_POINT('Ctrl Pts',(-0.370239819810662,-0.436581567247661,
0.211949384375396));
#6484=CARTESIAN_POINT('Ctrl Pts',(-0.384076864207859,-0.44184671480057,
0.210625512208461));
#6485=CARTESIAN_POINT('Ctrl Pts',(-0.397913908605056,-0.447111862353479,
0.209301640041526));
#6486=CARTESIAN_POINT('Ctrl Pts',(-0.414621084656406,-0.444834175275006,
0.207977767874591));
#6487=CARTESIAN_POINT('Ctrl Pts',(-0.426543768789688,-0.436057206712512,
0.206653895707656));
#6488=CARTESIAN_POINT('Ctrl Pts',(-0.437726344889982,-0.427825073932446,
0.205412203728878));
#6489=CARTESIAN_POINT('Ctrl Pts',(-0.444699993216285,-0.413875509329417,
0.204170511750099));
#6490=CARTESIAN_POINT('Ctrl Pts',(-0.444766275233792,-0.399983367526986,
0.202928819771321));
#6491=CARTESIAN_POINT('Ctrl Pts',(-0.444661452366824,-0.400035618778342,
0.210752282590884));
#6492=CARTESIAN_POINT('Ctrl Pts',(-0.444697619551882,-0.404884659176247,
0.211183084116665));
#6493=CARTESIAN_POINT('Ctrl Pts',(-0.443970037924485,-0.409723141494447,
0.211613885642446));
#6494=CARTESIAN_POINT('Ctrl Pts',(-0.442432550032407,-0.414288892783393,
0.212044687168227));
#6495=CARTESIAN_POINT('Ctrl Pts',(-0.437707781651815,-0.428319648690357,
0.213368559335162));
#6496=CARTESIAN_POINT('Ctrl Pts',(-0.425334581514459,-0.439774841527664,
0.214692431502097));
#6497=CARTESIAN_POINT('Ctrl Pts',(-0.410981903108033,-0.443406121614654,
0.216016303669032));
#6498=CARTESIAN_POINT('Ctrl Pts',(-0.396629224701607,-0.447037401701643,
0.217340175835967));
#6499=CARTESIAN_POINT('Ctrl Pts',(-0.380297068026112,-0.442844769038316,
0.218664048002902));
#6500=CARTESIAN_POINT('Ctrl Pts',(-0.369468235244231,-0.432749125820999,
0.219987920169837));
#6501=CARTESIAN_POINT('Ctrl Pts',(-0.35863940246235,-0.422653482603683,
0.221311792336772));
#6502=CARTESIAN_POINT('Ctrl Pts',(-0.353313893574084,-0.406654828832377,
0.222635664503707));
#6503=CARTESIAN_POINT('Ctrl Pts',(-0.355931666746391,-0.392083189370705,
0.223959536670642));
#6504=CARTESIAN_POINT('Ctrl Pts',(-0.358549439918698,-0.377511549909033,
0.225283408837577));
#6505=CARTESIAN_POINT('Ctrl Pts',(-0.36911049515158,-0.364366924756995,
0.226607281004512));
#6506=CARTESIAN_POINT('Ctrl Pts',(-0.382776133838693,-0.358671666215748,
0.227931153171446));
#6507=CARTESIAN_POINT('Ctrl Pts',(-0.396441772525806,-0.352976407674501,
0.229255025338381));
#6508=CARTESIAN_POINT('Ctrl Pts',(-0.41321199466715,-0.354730515744046,
0.230578897505316));
#6509=CARTESIAN_POINT('Ctrl Pts',(-0.425403300853099,-0.363130398443716,
0.231902769672251));
#6510=CARTESIAN_POINT('Ctrl Pts',(-0.437219796894023,-0.371272034717217,
0.233185940645129));
#6511=CARTESIAN_POINT('Ctrl Pts',(-0.444734597859031,-0.385657091110357,
0.234469111618007));
#6512=CARTESIAN_POINT('Ctrl Pts',(-0.444771856134364,-0.400008499871779,
0.235752282590884));
#6513=CARTESIAN_POINT('Origin',(-0.400000000000001,-0.4,0.175590551181102));
#6514=CARTESIAN_POINT('',(-0.444686406937963,-0.399958960497715,0.260752282590884));
#6515=CARTESIAN_POINT('',(-0.444653200529404,-0.40003273768841,0.252928819771321));
#6516=CARTESIAN_POINT('',(-0.444700000000001,-0.4,0.175590551181102));
#6517=CARTESIAN_POINT('',(-0.362799131597002,-0.375217236028587,0.275590551181102));
#6518=CARTESIAN_POINT('Ctrl Pts',(-0.444686406937963,-0.399958960497715,
0.260752282590884));
#6519=CARTESIAN_POINT('Ctrl Pts',(-0.444588783049884,-0.410908760961035,
0.261726755620152));
#6520=CARTESIAN_POINT('Ctrl Pts',(-0.440527184917217,-0.421922242508248,
0.26270122864942));
#6521=CARTESIAN_POINT('Ctrl Pts',(-0.433221976735441,-0.430011480060767,
0.263675701678688));
#6522=CARTESIAN_POINT('Ctrl Pts',(-0.4232974724187,-0.441001128953922,0.264999573845623));
#6523=CARTESIAN_POINT('Ctrl Pts',(-0.407386356355453,-0.446593608278838,
0.266323446012558));
#6524=CARTESIAN_POINT('Ctrl Pts',(-0.392774118977546,-0.444194997158187,
0.267647318179493));
#6525=CARTESIAN_POINT('Ctrl Pts',(-0.37816188159964,-0.441796386037536,
0.268971190346428));
#6526=CARTESIAN_POINT('Ctrl Pts',(-0.364848522907074,-0.431406684471318,
0.270295062513363));
#6527=CARTESIAN_POINT('Ctrl Pts',(-0.358946371853722,-0.417856315107015,
0.271618934680298));
#6528=CARTESIAN_POINT('Ctrl Pts',(-0.353044220800371,-0.404305945742711,
0.272942806847232));
#6529=CARTESIAN_POINT('Ctrl Pts',(-0.354553277386234,-0.387594908580322,
0.274266679014168));
#6530=CARTESIAN_POINT('Ctrl Pts',(-0.362799131597002,-0.375217236028587,
0.275590551181102));
#6531=CARTESIAN_POINT('',(-0.437140318305711,-0.375226284761353,0.275590551181102));
#6532=CARTESIAN_POINT('Origin',(-0.400000000000001,-0.4,0.275590551181102));
#6533=CARTESIAN_POINT('Ctrl Pts',(-0.437140318305711,-0.375226284761353,
0.275590551181102));
#6534=CARTESIAN_POINT('Ctrl Pts',(-0.434216697338197,-0.370767546259583,
0.27511749286118));
#6535=CARTESIAN_POINT('Ctrl Pts',(-0.430537202960078,-0.366824897696015,
0.274644434541258));
#6536=CARTESIAN_POINT('Ctrl Pts',(-0.426252488293049,-0.363720281724187,
0.274171376221336));
#6537=CARTESIAN_POINT('Ctrl Pts',(-0.414261547108734,-0.355031892785587,
0.272847504054401));
#6538=CARTESIAN_POINT('Ctrl Pts',(-0.397530629170808,-0.352906824800364,
0.271523631887466));
#6539=CARTESIAN_POINT('Ctrl Pts',(-0.383735471666393,-0.358288442755881,
0.270199759720531));
#6540=CARTESIAN_POINT('Ctrl Pts',(-0.369940314161978,-0.363670060711397,
0.268875887553596));
#6541=CARTESIAN_POINT('Ctrl Pts',(-0.359080917091074,-0.376558364607653,
0.267552015386662));
#6542=CARTESIAN_POINT('Ctrl Pts',(-0.356127413771936,-0.391063478869131,
0.266228143219727));
#6543=CARTESIAN_POINT('Ctrl Pts',(-0.353173910452797,-0.405568593130609,
0.264904271052792));
#6544=CARTESIAN_POINT('Ctrl Pts',(-0.358126300885425,-0.421690517757309,
0.263580398885857));
#6545=CARTESIAN_POINT('Ctrl Pts',(-0.368718276818213,-0.432035063868411,
0.262256526718922));
#6546=CARTESIAN_POINT('Ctrl Pts',(-0.379310252751001,-0.442379609979513,
0.260932654551987));
#6547=CARTESIAN_POINT('Ctrl Pts',(-0.395541814183949,-0.446946777575017,
0.259608782385052));
#6548=CARTESIAN_POINT('Ctrl Pts',(-0.40997485964715,-0.443648013283085,
0.258284910218117));
#6549=CARTESIAN_POINT('Ctrl Pts',(-0.424407905110352,-0.440349248991154,
0.256961038051182));
#6550=CARTESIAN_POINT('Ctrl Pts',(-0.437042434603807,-0.429184552811787,
0.255637165884247));
#6551=CARTESIAN_POINT('Ctrl Pts',(-0.442090476847561,-0.415267150287849,
0.254313293717313));
#6552=CARTESIAN_POINT('Ctrl Pts',(-0.443850184252173,-0.41041565438275,
0.253851802401982));
#6553=CARTESIAN_POINT('Ctrl Pts',(-0.444688008895263,-0.405229659460772,
0.253390311086651));
#6554=CARTESIAN_POINT('Ctrl Pts',(-0.444653200529404,-0.40003273768841,
0.252928819771321));
#6555=CARTESIAN_POINT('Origin',(-0.400000000000001,-0.4,0.329776340632727));
#6556=CARTESIAN_POINT('',(-0.456062563413291,-0.400035801377594,0.0964047617294775));
#6557=CARTESIAN_POINT('',(-0.456017074151154,-0.399946782323821,0.0922763406327271));
#6558=CARTESIAN_POINT('',(-0.456000000000001,-0.399999999999999,0.329776340632727));
#6559=CARTESIAN_POINT('',(-0.372233404975492,-0.448631432230039,0.0755905511811023));
#6560=CARTESIAN_POINT('Ctrl Pts',(-0.456017074151154,-0.399946782323821,
0.0922763406327271));
#6561=CARTESIAN_POINT('Ctrl Pts',(-0.456051607651507,-0.396200939739773,
0.0920098994832584));
#6562=CARTESIAN_POINT('Ctrl Pts',(-0.454001330098811,-0.373882014578285,
0.0904195861668548));
#6563=CARTESIAN_POINT('Ctrl Pts',(-0.424054050541741,-0.338339568683527,
0.0875054006835164));
#6564=CARTESIAN_POINT('Ctrl Pts',(-0.361172756147168,-0.346326384512458,
0.0835337841827116));
#6565=CARTESIAN_POINT('Ctrl Pts',(-0.333920795617169,-0.403648275007197,
0.079562167681907));
#6566=CARTESIAN_POINT('Ctrl Pts',(-0.356052493891792,-0.439392781740302,
0.0769144233480372));
#6567=CARTESIAN_POINT('Ctrl Pts',(-0.372233404975492,-0.448631432230039,
0.0755905511811023));
#6568=CARTESIAN_POINT('',(-0.427703846421451,-0.448587325554515,0.0755905511811023));
#6569=CARTESIAN_POINT('Origin',(-0.400000000000001,-0.4,0.0755905511811024));
#6570=CARTESIAN_POINT('Ctrl Pts',(-0.456062563413291,-0.400035801377593,
0.0964047617294775));
#6571=CARTESIAN_POINT('Ctrl Pts',(-0.455939816333636,-0.383628025823946,
0.0952352385343475));
#6572=CARTESIAN_POINT('Ctrl Pts',(-0.439670549640221,-0.348436617846031,
0.0927418431722827));
#6573=CARTESIAN_POINT('Ctrl Pts',(-0.379856660499775,-0.33693020168971,
0.0889245756432829));
#6574=CARTESIAN_POINT('Ctrl Pts',(-0.336079488636558,-0.382771783569483,
0.0849529591424783));
#6575=CARTESIAN_POINT('Ctrl Pts',(-0.350879615067284,-0.444359835164382,
0.0809813426416737));
#6576=CARTESIAN_POINT('Ctrl Pts',(-0.397869189178346,-0.460875836439096,
0.0778605399878816));
#6577=CARTESIAN_POINT('Ctrl Pts',(-0.421927440500521,-0.451941532626796,
0.0760636095010245));
#6578=CARTESIAN_POINT('Ctrl Pts',(-0.427703846421451,-0.448587325554515,
0.0755905511811023));
#6579=CARTESIAN_POINT('Origin',(-0.400000000000001,-0.4,0.329776340632727));
#6580=CARTESIAN_POINT('',(-0.456031232376249,-0.399952621203216,0.121404761729478));
#6581=CARTESIAN_POINT('',(-0.455908273828634,-0.399998705817474,0.117276340632727));
#6582=CARTESIAN_POINT('',(-0.456000000000001,-0.399999999999999,0.329776340632727));
#6583=CARTESIAN_POINT('Ctrl Pts',(-0.455908273828634,-0.399998705817474,
0.117276340632727));
#6584=CARTESIAN_POINT('Ctrl Pts',(-0.455910116983418,-0.390722561509249,
0.116619799151534));
#6585=CARTESIAN_POINT('Ctrl Pts',(-0.449329832042095,-0.362744187855379,
0.114639385503407));
#6586=CARTESIAN_POINT('Ctrl Pts',(-0.405132315268583,-0.333996531534598,
0.111335099688344));
#6587=CARTESIAN_POINT('Ctrl Pts',(-0.347305342746242,-0.359922454125661,
0.10736348318754));
#6588=CARTESIAN_POINT('Ctrl Pts',(-0.337764878477047,-0.422575212185483,
0.103391866686735));
#6589=CARTESIAN_POINT('Ctrl Pts',(-0.385250357577974,-0.464536483432857,
0.0994202501859303));
#6590=CARTESIAN_POINT('Ctrl Pts',(-0.442162312816698,-0.448522843221111,
0.0957150748345944));
#6591=CARTESIAN_POINT('Ctrl Pts',(-0.455880020267068,-0.414812992527527,
0.0933337716501933));
#6592=CARTESIAN_POINT('Ctrl Pts',(-0.456017074151154,-0.399946782323821,
0.0922763406327271));
#6593=CARTESIAN_POINT('Ctrl Pts',(-0.456031232376249,-0.399952621203216,
0.121404761729478));
#6594=CARTESIAN_POINT('Ctrl Pts',(-0.456061101586449,-0.396640242530534,
0.121169010369558));
#6595=CARTESIAN_POINT('Ctrl Pts',(-0.454285226663081,-0.374759041890494,
0.119609386842705));
#6596=CARTESIAN_POINT('Ctrl Pts',(-0.425467409463494,-0.338891470219068,
0.116725891148916));
#6597=CARTESIAN_POINT('Ctrl Pts',(-0.362438385284932,-0.345484091402633,
0.112754274648111));
#6598=CARTESIAN_POINT('Ctrl Pts',(-0.333828059069087,-0.402031529331538,
0.108782658147306));
#6599=CARTESIAN_POINT('Ctrl Pts',(-0.365853007869947,-0.456716678803129,
0.104811041646502));
#6600=CARTESIAN_POINT('Ctrl Pts',(-0.429167605789152,-0.459432209340199,
0.100839425145697));
#6601=CARTESIAN_POINT('Ctrl Pts',(-0.454981435692051,-0.42292340962778,
0.0980373318400222));
#6602=CARTESIAN_POINT('Ctrl Pts',(-0.45607876307963,-0.402201233663894,
0.0965591107012824));
#6603=CARTESIAN_POINT('Ctrl Pts',(-0.456062563413291,-0.400035801377593,
0.0964047617294775));
#6604=CARTESIAN_POINT('Origin',(-0.400000000000001,-0.4,0.329776340632727));
#6605=CARTESIAN_POINT('',(-0.45590939665247,-0.399991645767033,0.146404761729477));
#6606=CARTESIAN_POINT('',(-0.456013670853033,-0.400050359983625,0.142276340632727));
#6607=CARTESIAN_POINT('',(-0.456000000000001,-0.399999999999999,0.329776340632727));
#6608=CARTESIAN_POINT('Ctrl Pts',(-0.456013670853033,-0.400050359983625,
0.142276340632727));
#6609=CARTESIAN_POINT('Ctrl Pts',(-0.455877545662186,-0.385332842624818,
0.14122969881981));
#6610=CARTESIAN_POINT('Ctrl Pts',(-0.442388522396281,-0.351778709821224,
0.138859184839959));
#6611=CARTESIAN_POINT('Ctrl Pts',(-0.385776860561528,-0.335342830201395,
0.135164798693172));
#6612=CARTESIAN_POINT('Ctrl Pts',(-0.337950051452724,-0.376920714162235,
0.131193182192368));
#6613=CARTESIAN_POINT('Ctrl Pts',(-0.346981344153054,-0.439646835618773,
0.127221565691563));
#6614=CARTESIAN_POINT('Ctrl Pts',(-0.404595064358081,-0.466043368711725,
0.123249949190758));
#6615=CARTESIAN_POINT('Ctrl Pts',(-0.449170268862883,-0.437563151320636,
0.119934874171146));
#6616=CARTESIAN_POINT('Ctrl Pts',(-0.455906400384561,-0.409427288655843,
0.117943671318469));
#6617=CARTESIAN_POINT('Ctrl Pts',(-0.455908273828634,-0.399998705817474,
0.117276340632727));
#6618=CARTESIAN_POINT('Ctrl Pts',(-0.45590939665247,-0.399991645767033,
0.146404761729477));
#6619=CARTESIAN_POINT('Ctrl Pts',(-0.455921161557232,-0.391149568976616,
0.145778910037834));
#6620=CARTESIAN_POINT('Ctrl Pts',(-0.449774451397491,-0.363619194917898,
0.143829186179257));
#6621=CARTESIAN_POINT('Ctrl Pts',(-0.406657969146595,-0.334132558921475,
0.140555590153744));
#6622=CARTESIAN_POINT('Ctrl Pts',(-0.348246989227437,-0.358714718145221,
0.136583973652939));
#6623=CARTESIAN_POINT('Ctrl Pts',(-0.337258723960853,-0.421127730367068,
0.132612357152134));
#6624=CARTESIAN_POINT('Ctrl Pts',(-0.38376202746225,-0.46418080503133,0.12864074065133));
#6625=CARTESIAN_POINT('Ctrl Pts',(-0.441501018340331,-0.449358611968765,
0.124904875510444));
#6626=CARTESIAN_POINT('Ctrl Pts',(-0.455893369718241,-0.415241051164758,
0.122492882536493));
#6627=CARTESIAN_POINT('Ctrl Pts',(-0.456031232376249,-0.399952621203216,
0.121404761729478));
#6628=CARTESIAN_POINT('Origin',(-0.400000000000001,-0.4,0.329776340632727));
#6629=CARTESIAN_POINT('',(-0.456000525911267,-0.400051301661963,0.171404761729478));
#6630=CARTESIAN_POINT('',(-0.456075432049834,-0.399972212451026,0.167276340632727));
#6631=CARTESIAN_POINT('',(-0.456000000000001,-0.399999999999999,0.329776340632727));
#6632=CARTESIAN_POINT('Ctrl Pts',(-0.456075432049834,-0.399972212451026,
0.167276340632727));
#6633=CARTESIAN_POINT('Ctrl Pts',(-0.456085061446621,-0.398389616109948,
0.167163470655021));
#6634=CARTESIAN_POINT('Ctrl Pts',(-0.455306235267249,-0.378254081766586,
0.165726728510381));
#6635=CARTESIAN_POINT('Ctrl Pts',(-0.431011823638488,-0.341509700794477,
0.162966114198805));
#6636=CARTESIAN_POINT('Ctrl Pts',(-0.36764315969949,-0.342242895090134,
0.158994497698));
#6637=CARTESIAN_POINT('Ctrl Pts',(-0.333923963537833,-0.395900522036224,
0.155022881197196));
#6638=CARTESIAN_POINT('Ctrl Pts',(-0.360752067945386,-0.453314614967788,
0.151051264696391));
#6639=CARTESIAN_POINT('Ctrl Pts',(-0.423544137693848,-0.461875049443893,
0.147079648195586));
#6640=CARTESIAN_POINT('Ctrl Pts',(-0.453899886006558,-0.426423332752215,
0.144154673507698));
#6641=CARTESIAN_POINT('Ctrl Pts',(-0.456049727156521,-0.403948677915603,
0.142553570986745));
#6642=CARTESIAN_POINT('Ctrl Pts',(-0.456013670853033,-0.400050359983625,
0.142276340632727));
#6643=CARTESIAN_POINT('Ctrl Pts',(-0.456000525911267,-0.400051301661963,
0.171404761729478));
#6644=CARTESIAN_POINT('Ctrl Pts',(-0.455868958887152,-0.385756738705636,
0.17038880970611));
#6645=CARTESIAN_POINT('Ctrl Pts',(-0.443025900057647,-0.352625005204358,
0.168048985515809));
#6646=CARTESIAN_POINT('Ctrl Pts',(-0.387276670291449,-0.335031043083789,
0.164385289158572));
#6647=CARTESIAN_POINT('Ctrl Pts',(-0.338500662743501,-0.375491226017465,
0.160413672657767));
#6648=CARTESIAN_POINT('Ctrl Pts',(-0.346078199329474,-0.438409476731452,
0.156442056156962));
#6649=CARTESIAN_POINT('Ctrl Pts',(-0.40306577368568,-0.466132061039576,
0.152470439656158));
#6650=CARTESIAN_POINT('Ctrl Pts',(-0.448706615379939,-0.438436653164076,
0.149124674846996));
#6651=CARTESIAN_POINT('Ctrl Pts',(-0.455896275102232,-0.409853328217089,
0.147102782204769));
#6652=CARTESIAN_POINT('Ctrl Pts',(-0.45590939665247,-0.399991645767033,
0.146404761729477));
#6653=CARTESIAN_POINT('Origin',(-0.400000000000001,-0.4,0.329776340632727));
#6654=CARTESIAN_POINT('',(-0.456083029375668,-0.399979162897341,0.196404761729478));
#6655=CARTESIAN_POINT('',(-0.455929586814378,-0.399966067813185,0.192276340632727));
#6656=CARTESIAN_POINT('',(-0.456000000000001,-0.399999999999999,0.329776340632727));
#6657=CARTESIAN_POINT('Ctrl Pts',(-0.455929586814378,-0.399966067813185,
0.192276340632727));
#6658=CARTESIAN_POINT('Ctrl Pts',(-0.455968806011687,-0.392866480714401,
0.191773370323297));
#6659=CARTESIAN_POINT('Ctrl Pts',(-0.45141771948906,-0.367128425484971,
0.189946527846933));
#6660=CARTESIAN_POINT('Ctrl Pts',(-0.412723329441761,-0.33503104444616,
0.186795813203633));
#6661=CARTESIAN_POINT('Ctrl Pts',(-0.352288584142419,-0.354103713683383,
0.182824196702828));
#6662=CARTESIAN_POINT('Ctrl Pts',(-0.335573129164027,-0.415232419850792,
0.178852580202024));
#6663=CARTESIAN_POINT('Ctrl Pts',(-0.377893798350157,-0.462403238292643,
0.174880963701219));
#6664=CARTESIAN_POINT('Ctrl Pts',(-0.438692600838246,-0.452676747042284,
0.17102221717812));
#6665=CARTESIAN_POINT('Ctrl Pts',(-0.455972116528496,-0.41695217180485,
0.168487342821956));
#6666=CARTESIAN_POINT('Ctrl Pts',(-0.456075432049834,-0.399972212451026,
0.167276340632727));
#6667=CARTESIAN_POINT('Ctrl Pts',(-0.456083029375668,-0.399979162897342,
0.196404761729478));
#6668=CARTESIAN_POINT('Ctrl Pts',(-0.456088525157431,-0.398827294224026,
0.196322581541321));
#6669=CARTESIAN_POINT('Ctrl Pts',(-0.455534018930645,-0.379124922805133,
0.19491652918623));
#6670=CARTESIAN_POINT('Ctrl Pts',(-0.432356840979042,-0.34224289387884,
0.192186604664204));
#6671=CARTESIAN_POINT('Ctrl Pts',(-0.368988175711202,-0.341509699568078,
0.1882149881634));
#6672=CARTESIAN_POINT('Ctrl Pts',(-0.334036502918398,-0.394372785957398,
0.184243371662595));
#6673=CARTESIAN_POINT('Ctrl Pts',(-0.359529007470305,-0.452392244133213,
0.18027175516179));
#6674=CARTESIAN_POINT('Ctrl Pts',(-0.422106202113394,-0.462403239601177,
0.176300138660986));
#6675=CARTESIAN_POINT('Ctrl Pts',(-0.453601111345549,-0.427298864509699,
0.173344474183548));
#6676=CARTESIAN_POINT('Ctrl Pts',(-0.456040401944802,-0.404383773842257,
0.171712681873045));
#6677=CARTESIAN_POINT('Ctrl Pts',(-0.456000525911267,-0.400051301661963,
0.171404761729478));
#6678=CARTESIAN_POINT('Origin',(-0.400000000000001,-0.4,0.329776340632727));
#6679=CARTESIAN_POINT('',(-0.455938195784925,-0.39996100935833,0.221404761729477));
#6680=CARTESIAN_POINT('',(-0.455951707663135,-0.400044623078012,0.217276340632727));
#6681=CARTESIAN_POINT('',(-0.456000000000001,-0.399999999999999,0.329776340632727));
#6682=CARTESIAN_POINT('Ctrl Pts',(-0.455951707663135,-0.400044623078012,
0.217276340632727));
#6683=CARTESIAN_POINT('Ctrl Pts',(-0.455857777777835,-0.387451168329876,
0.216383269991573));
#6684=CARTESIAN_POINT('Ctrl Pts',(-0.44541716665194,-0.356048290496736,
0.214166327183485));
#6685=CARTESIAN_POINT('Ctrl Pts',(-0.393342030993343,-0.334132560303763,
0.210625512208461));
#6686=CARTESIAN_POINT('Ctrl Pts',(-0.341031933033624,-0.369906555232477,
0.206653895707656));
#6687=CARTESIAN_POINT('Ctrl Pts',(-0.342755906466271,-0.433256008023014,
0.202682279206852));
#6688=CARTESIAN_POINT('Ctrl Pts',(-0.39693422637856,-0.466132059652668,
0.198710662706047));
#6689=CARTESIAN_POINT('Ctrl Pts',(-0.446704824461626,-0.441920297404566,
0.195242016514672));
#6690=CARTESIAN_POINT('Ctrl Pts',(-0.455865576849342,-0.411553360596964,
0.193097242490232));
#6691=CARTESIAN_POINT('Ctrl Pts',(-0.455929586814378,-0.399966067813185,
0.192276340632727));
#6692=CARTESIAN_POINT('Ctrl Pts',(-0.455938195784925,-0.39996100935833,
0.221404761729477));
#6693=CARTESIAN_POINT('Ctrl Pts',(-0.455980921787779,-0.393297189982105,
0.220932481209597));
#6694=CARTESIAN_POINT('Ctrl Pts',(-0.45179495367928,-0.36800560835929,0.219136328522782));
#6695=CARTESIAN_POINT('Ctrl Pts',(-0.414223139737776,-0.335342828838511,
0.216016303669033));
#6696=CARTESIAN_POINT('Ctrl Pts',(-0.353363282086639,-0.353012073340553,
0.212044687168228));
#6697=CARTESIAN_POINT('Ctrl Pts',(-0.335237934724297,-0.413737668036428,
0.208073070667423));
#6698=CARTESIAN_POINT('Ctrl Pts',(-0.376455861812249,-0.461875050742492,
0.204101454166618));
#6699=CARTESIAN_POINT('Ctrl Pts',(-0.437948647255905,-0.453491747520338,
0.20021201785397));
#6700=CARTESIAN_POINT('Ctrl Pts',(-0.455999991501387,-0.41738318842164,
0.197646453708256));
#6701=CARTESIAN_POINT('Ctrl Pts',(-0.456083029375668,-0.399979162897342,
0.196404761729478));
#6702=CARTESIAN_POINT('Origin',(-0.400000000000001,-0.4,0.329776340632727));
#6703=CARTESIAN_POINT('',(-0.455941369790752,-0.400041013658858,0.246404761729478));
#6704=CARTESIAN_POINT('',(-0.456090021107928,-0.400010648608941,0.242276340632727));
#6705=CARTESIAN_POINT('',(-0.456000000000001,-0.399999999999999,0.329776340632727));
#6706=CARTESIAN_POINT('Ctrl Pts',(-0.456090021107928,-0.400010648608941,
0.242276340632727));
#6707=CARTESIAN_POINT('Ctrl Pts',(-0.456043344073955,-0.382031255082328,
0.24099316965985));
#6708=CARTESIAN_POINT('Ctrl Pts',(-0.436915691391357,-0.345416531180951,
0.238386126520037));
#6709=CARTESIAN_POINT('Ctrl Pts',(-0.374532591085679,-0.338891471540884,
0.234455211213289));
#6710=CARTESIAN_POINT('Ctrl Pts',(-0.334840034505721,-0.388294089561969,
0.230483594712485));
#6711=CARTESIAN_POINT('Ctrl Pts',(-0.35485536992471,-0.448423258098419,
0.22651197821168));
#6712=CARTESIAN_POINT('Ctrl Pts',(-0.416237972195028,-0.464180803678712,
0.222540361710875));
#6713=CARTESIAN_POINT('Ctrl Pts',(-0.452284390431474,-0.430808784523693,
0.219461815851224));
#6714=CARTESIAN_POINT('Ctrl Pts',(-0.455997017783118,-0.406119483531764,
0.217707142158508));
#6715=CARTESIAN_POINT('Ctrl Pts',(-0.455951707663135,-0.400044623078012,
0.217276340632727));
#6716=CARTESIAN_POINT('Ctrl Pts',(-0.455941369790752,-0.400041013658858,
0.246404761729478));
#6717=CARTESIAN_POINT('Ctrl Pts',(-0.455859880655128,-0.38787460904077,
0.245542380877873));
#6718=CARTESIAN_POINT('Ctrl Pts',(-0.445975317210048,-0.356909930062679,
0.243356127859334));
#6719=CARTESIAN_POINT('Ctrl Pts',(-0.394867684633807,-0.333996529902064,
0.23984600267386));
#6720=CARTESIAN_POINT('Ctrl Pts',(-0.341744074728043,-0.36855003897145,
0.235874386173056));
#6721=CARTESIAN_POINT('Ctrl Pts',(-0.34200173339164,-0.431922723264554,
0.231902769672251));
#6722=CARTESIAN_POINT('Ctrl Pts',(-0.395404935541001,-0.466043370139522,
0.227931153171446));
#6723=CARTESIAN_POINT('Ctrl Pts',(-0.446167583022502,-0.442785751944272,
0.224431817190522));
#6724=CARTESIAN_POINT('Ctrl Pts',(-0.455861154480845,-0.41197686154659,
0.222256353376532));
#6725=CARTESIAN_POINT('Ctrl Pts',(-0.455938195784925,-0.39996100935833,
0.221404761729477));
#6726=CARTESIAN_POINT('Origin',(-0.400000000000001,-0.4,0.329776340632727));
#6727=CARTESIAN_POINT('',(-0.456077348154685,-0.400035510419164,0.271404761729478));
#6728=CARTESIAN_POINT('',(-0.455982970660536,-0.399948585858436,0.267276340632727));
#6729=CARTESIAN_POINT('',(-0.456000000000001,-0.399999999999999,0.329776340632727));
#6730=CARTESIAN_POINT('',(-0.427766595024509,-0.44863143223004,0.275590551181102));
#6731=CARTESIAN_POINT('Ctrl Pts',(-0.427766595024509,-0.44863143223004,
0.275590551181102));
#6732=CARTESIAN_POINT('Ctrl Pts',(-0.443947506108209,-0.439392781740303,
0.274266679014168));
#6733=CARTESIAN_POINT('Ctrl Pts',(-0.455610086649074,-0.420556741462529,
0.272871415863626));
#6734=CARTESIAN_POINT('Ctrl Pts',(-0.456081858326993,-0.401034793172814,
0.271476152713084));
#6735=CARTESIAN_POINT('Ctrl Pts',(-0.456077348154685,-0.400035510419164,
0.271404761729478));
#6736=CARTESIAN_POINT('',(-0.372296152395924,-0.448587323688411,0.275590551181102));
#6737=CARTESIAN_POINT('Origin',(-0.400000000000001,-0.4,0.275590551181102));
#6738=CARTESIAN_POINT('Ctrl Pts',(-0.372296152395924,-0.448587323688411,
0.275590551181103));
#6739=CARTESIAN_POINT('Ctrl Pts',(-0.378072559923264,-0.451941531959287,
0.27511749286118));
#6740=CARTESIAN_POINT('Ctrl Pts',(-0.402130816696762,-0.460875839850262,
0.273320562374323));
#6741=CARTESIAN_POINT('Ctrl Pts',(-0.443859517125436,-0.446208930660778,
0.270549158858198));
#6742=CARTESIAN_POINT('Ctrl Pts',(-0.455860667802987,-0.413666456684966,
0.268250813661995));
#6743=CARTESIAN_POINT('Ctrl Pts',(-0.455982970660536,-0.399948585858436,
0.267276340632727));
#6744=CARTESIAN_POINT('Origin',(-7.98464034306675E-39,-0.865,0.68477259911271));
#6745=CARTESIAN_POINT('',(-0.2725,-0.875,0.68477259911271));
#6746=CARTESIAN_POINT('Origin',(-7.98464034306675E-39,-0.875,0.68477259911271));
#6747=CARTESIAN_POINT('',(-0.2525,-0.855,0.68477259911271));
#6748=CARTESIAN_POINT('',(-0.2625,-0.865,0.68477259911271));
#6749=CARTESIAN_POINT('Origin',(-7.98464034306675E-39,-0.855,0.68477259911271));
#6750=CARTESIAN_POINT('Origin',(-0.75,-0.875,0.));
#6751=CARTESIAN_POINT('',(-0.75,-0.875,1.2742125984252));
#6752=CARTESIAN_POINT('',(0.75,-0.875,1.2742125984252));
#6753=CARTESIAN_POINT('',(-0.375,-0.875,1.2742125984252));
#6754=CARTESIAN_POINT('',(-0.75,-0.875,0.));
#6755=CARTESIAN_POINT('',(-0.75,-0.875,0.));
#6756=CARTESIAN_POINT('',(0.75,-0.875,0.));
#6757=CARTESIAN_POINT('',(0.75,-0.875,0.));
#6758=CARTESIAN_POINT('',(0.75,-0.875,0.));
#6759=CARTESIAN_POINT('Origin',(-7.98464034306675E-39,-0.875,0.68477259911271));
#6760=CARTESIAN_POINT('',(-0.2525,-0.796259842519685,0.68477259911271));
#6761=CARTESIAN_POINT('',(-0.2525,-0.875,0.68477259911271));
#6762=CARTESIAN_POINT('Origin',(-7.98464034306675E-39,-0.796259842519685,
0.68477259911271));
#6763=CARTESIAN_POINT('Origin',(-0.75,0.75,1.2867125984252));
#6764=CARTESIAN_POINT('',(-0.875,0.75,1.2742125984252));
#6765=CARTESIAN_POINT('',(-0.85,0.75,1.2992125984252));
#6766=CARTESIAN_POINT('',(-0.875,0.75,1.2742125984252));
#6767=CARTESIAN_POINT('',(-0.75,0.85,1.2992125984252));
#6768=CARTESIAN_POINT('Origin',(-0.75,0.75,1.2992125984252));
#6769=CARTESIAN_POINT('',(-0.75,0.875,1.2742125984252));
#6770=CARTESIAN_POINT('',(-0.75,0.85,1.2992125984252));
#6771=CARTESIAN_POINT('Origin',(-0.75,0.75,1.2742125984252));
#6772=CARTESIAN_POINT('Origin',(-0.8625,0.375,1.2867125984252));
#6773=CARTESIAN_POINT('',(-0.875,-0.75,1.2742125984252));
#6774=CARTESIAN_POINT('',(-0.85,-0.75,1.2992125984252));
#6775=CARTESIAN_POINT('',(-0.875,-0.75,1.2742125984252));
#6776=CARTESIAN_POINT('',(-0.85,0.375,1.2992125984252));
#6777=CARTESIAN_POINT('',(-0.875,0.375,1.2742125984252));
#6778=CARTESIAN_POINT('Origin',(-0.75,-0.75,1.2867125984252));
#6779=CARTESIAN_POINT('',(-0.75,-0.85,1.2992125984252));
#6780=CARTESIAN_POINT('',(-0.75,-0.875,1.2742125984252));
#6781=CARTESIAN_POINT('Origin',(-0.75,-0.75,1.2992125984252));
#6782=CARTESIAN_POINT('Origin',(-0.75,-0.75,1.2742125984252));
#6783=CARTESIAN_POINT('Origin',(-0.375,-0.8625,1.2867125984252));
#6784=CARTESIAN_POINT('',(0.75,-0.85,1.2992125984252));
#6785=CARTESIAN_POINT('',(0.75,-0.875,1.2742125984252));
#6786=CARTESIAN_POINT('',(-0.375,-0.85,1.2992125984252));
#6787=CARTESIAN_POINT('Origin',(0.75,-0.75,1.2867125984252));
#6788=CARTESIAN_POINT('',(0.875,-0.75,1.2742125984252));
#6789=CARTESIAN_POINT('',(0.85,-0.75,1.2992125984252));
#6790=CARTESIAN_POINT('',(0.875,-0.75,1.2742125984252));
#6791=CARTESIAN_POINT('Origin',(0.75,-0.75,1.2992125984252));
#6792=CARTESIAN_POINT('Origin',(0.75,-0.75,1.2742125984252));
#6793=CARTESIAN_POINT('Origin',(0.8625,-0.375,1.2867125984252));
#6794=CARTESIAN_POINT('',(0.875,0.75,1.2742125984252));
#6795=CARTESIAN_POINT('',(0.85,0.75,1.2992125984252));
#6796=CARTESIAN_POINT('',(0.875,0.75,1.2742125984252));
#6797=CARTESIAN_POINT('',(0.85,-0.375,1.2992125984252));
#6798=CARTESIAN_POINT('',(0.875,-0.375,1.2742125984252));
#6799=CARTESIAN_POINT('Origin',(0.75,0.75,1.2867125984252));
#6800=CARTESIAN_POINT('',(0.75,0.875,1.2742125984252));
#6801=CARTESIAN_POINT('',(0.75,0.85,1.2992125984252));
#6802=CARTESIAN_POINT('',(0.75,0.875,1.2742125984252));
#6803=CARTESIAN_POINT('Origin',(0.75,0.75,1.2992125984252));
#6804=CARTESIAN_POINT('Origin',(0.75,0.75,1.2742125984252));
#6805=CARTESIAN_POINT('Origin',(0.375,0.8625,1.2867125984252));
#6806=CARTESIAN_POINT('',(0.375,0.85,1.2992125984252));
#6807=CARTESIAN_POINT('',(0.375,0.875,1.2742125984252));
#6808=CARTESIAN_POINT('Origin',(-0.75,-0.75,0.));
#6809=CARTESIAN_POINT('',(-0.875,-0.75,0.));
#6810=CARTESIAN_POINT('',(-0.875,-0.75,0.));
#6811=CARTESIAN_POINT('Origin',(-0.75,-0.75,0.));
#6812=CARTESIAN_POINT('Origin',(-0.875,0.75,0.));
#6813=CARTESIAN_POINT('',(-0.875,0.75,0.));
#6814=CARTESIAN_POINT('',(-0.875,0.75,0.));
#6815=CARTESIAN_POINT('',(-0.875,-0.75,0.));
#6816=CARTESIAN_POINT('Origin',(-0.75,0.75,0.));
#6817=CARTESIAN_POINT('',(-0.75,0.875,0.));
#6818=CARTESIAN_POINT('',(-0.75,0.875,0.));
#6819=CARTESIAN_POINT('Origin',(-0.75,0.75,0.));
#6820=CARTESIAN_POINT('Origin',(-1.74838271594513E-16,0.,1.2992125984252));
#6821=CARTESIAN_POINT('',(0.75,0.821259842519685,1.2992125984252));
#6822=CARTESIAN_POINT('',(-0.75,0.821259842519685,1.2992125984252));
#6823=CARTESIAN_POINT('',(0.375,0.821259842519685,1.2992125984252));
#6824=CARTESIAN_POINT('',(0.821259842519685,0.75,1.2992125984252));
#6825=CARTESIAN_POINT('Origin',(0.75,0.75,1.2992125984252));
#6826=CARTESIAN_POINT('',(0.821259842519685,-0.75,1.2992125984252));
#6827=CARTESIAN_POINT('',(0.821259842519685,-0.375,1.2992125984252));
#6828=CARTESIAN_POINT('',(0.75,-0.821259842519685,1.2992125984252));
#6829=CARTESIAN_POINT('Origin',(0.75,-0.75,1.2992125984252));
#6830=CARTESIAN_POINT('',(-0.75,-0.821259842519685,1.2992125984252));
#6831=CARTESIAN_POINT('',(-0.375,-0.821259842519685,1.2992125984252));
#6832=CARTESIAN_POINT('',(-0.821259842519685,-0.75,1.2992125984252));
#6833=CARTESIAN_POINT('Origin',(-0.75,-0.75,1.2992125984252));
#6834=CARTESIAN_POINT('',(-0.821259842519685,0.75,1.2992125984252));
#6835=CARTESIAN_POINT('',(-0.821259842519685,0.375,1.2992125984252));
#6836=CARTESIAN_POINT('Origin',(-0.75,0.75,1.2992125984252));
#6837=CARTESIAN_POINT('Origin',(0.375,0.808759842519685,1.2867125984252));
#6838=CARTESIAN_POINT('',(0.75,0.796259842519685,1.2742125984252));
#6839=CARTESIAN_POINT('',(0.75,0.796259842519685,1.2742125984252));
#6840=CARTESIAN_POINT('',(-0.75,0.796259842519685,1.2742125984252));
#6841=CARTESIAN_POINT('',(-0.75,0.821259842519685,1.2992125984252));
#6842=CARTESIAN_POINT('',(0.375,0.796259842519685,1.2742125984252));
#6843=CARTESIAN_POINT('Origin',(0.75,0.75,1.2867125984252));
#6844=CARTESIAN_POINT('',(0.796259842519685,0.75,1.2742125984252));
#6845=CARTESIAN_POINT('',(0.796259842519685,0.75,1.2742125984252));
#6846=CARTESIAN_POINT('Origin',(0.75,0.75,1.2742125984252));
#6847=CARTESIAN_POINT('Origin',(0.808759842519685,-0.375,1.2867125984252));
#6848=CARTESIAN_POINT('',(0.796259842519685,-0.75,1.2742125984252));
#6849=CARTESIAN_POINT('',(0.796259842519685,-0.75,1.2742125984252));
#6850=CARTESIAN_POINT('',(0.796259842519685,-0.375,1.2742125984252));
#6851=CARTESIAN_POINT('Origin',(0.75,-0.75,1.2867125984252));
#6852=CARTESIAN_POINT('',(0.75,-0.796259842519685,1.2742125984252));
#6853=CARTESIAN_POINT('',(0.75,-0.796259842519685,1.2742125984252));
#6854=CARTESIAN_POINT('Origin',(0.75,-0.75,1.2742125984252));
#6855=CARTESIAN_POINT('Origin',(-0.375,-0.808759842519685,1.2867125984252));
#6856=CARTESIAN_POINT('',(-0.75,-0.796259842519685,1.2742125984252));
#6857=CARTESIAN_POINT('',(-0.75,-0.796259842519685,1.2742125984252));
#6858=CARTESIAN_POINT('',(-0.375,-0.796259842519685,1.2742125984252));
#6859=CARTESIAN_POINT('Origin',(-0.75,-0.75,1.2867125984252));
#6860=CARTESIAN_POINT('',(-0.796259842519685,-0.75,1.2742125984252));
#6861=CARTESIAN_POINT('',(-0.796259842519685,-0.75,1.2742125984252));
#6862=CARTESIAN_POINT('Origin',(-0.75,-0.75,1.2742125984252));
#6863=CARTESIAN_POINT('Origin',(-0.808759842519685,0.375,1.2867125984252));
#6864=CARTESIAN_POINT('',(-0.796259842519685,0.75,1.2742125984252));
#6865=CARTESIAN_POINT('',(-0.796259842519685,0.75,1.2742125984252));
#6866=CARTESIAN_POINT('',(-0.796259842519685,0.375,1.2742125984252));
#6867=CARTESIAN_POINT('Origin',(-0.75,0.75,1.2867125984252));
#6868=CARTESIAN_POINT('Origin',(-0.75,0.75,1.2742125984252));
#6869=CARTESIAN_POINT('Origin',(0.75,-0.75,0.));
#6870=CARTESIAN_POINT('',(0.796259842519685,-0.75,0.178740157480315));
#6871=CARTESIAN_POINT('',(0.796259842519685,-0.75,0.));
#6872=CARTESIAN_POINT('',(0.75,-0.796259842519685,0.178740157480315));
#6873=CARTESIAN_POINT('Origin',(0.75,-0.75,0.178740157480315));
#6874=CARTESIAN_POINT('',(0.75,-0.796259842519685,0.));
#6875=CARTESIAN_POINT('Origin',(0.796259842519685,-0.75,0.));
#6876=CARTESIAN_POINT('',(0.796259842519685,0.75,0.178740157480315));
#6877=CARTESIAN_POINT('',(0.796259842519685,0.75,0.));
#6878=CARTESIAN_POINT('',(0.796259842519685,-0.375,0.178740157480315));
#6879=CARTESIAN_POINT('',(0.796259842519685,-0.1,1.18903115689838));
#6880=CARTESIAN_POINT('',(0.796259842519685,-0.092,1.16188613603003));
#6881=CARTESIAN_POINT('Origin',(0.796259842519685,-0.092,1.18903115689838));
#6882=CARTESIAN_POINT('',(0.796259842519685,0.092,1.16188613603003));
#6883=CARTESIAN_POINT('',(0.796259842519685,-0.375,1.16188613603003));
#6884=CARTESIAN_POINT('',(0.796259842519685,0.1,1.18903115689838));
#6885=CARTESIAN_POINT('Origin',(0.796259842519685,0.092,1.18903115689838));
#6886=CARTESIAN_POINT('',(0.796259842519685,0.1,1.1970808590979));
#6887=CARTESIAN_POINT('',(0.796259842519685,0.1,0.588732034027804));
#6888=CARTESIAN_POINT('',(0.796259842519685,0.092,1.20757253667773));
#6889=CARTESIAN_POINT('Origin',(0.796259842519685,0.092,1.1970808590979));
#6890=CARTESIAN_POINT('',(0.796259842519685,-0.0919999999999999,1.20757253667773));
#6891=CARTESIAN_POINT('',(0.796259842519685,-0.375,1.20757253667773));
#6892=CARTESIAN_POINT('',(0.796259842519685,-0.1,1.1970808590979));
#6893=CARTESIAN_POINT('Origin',(0.796259842519685,-0.092,1.1970808590979));
#6894=CARTESIAN_POINT('',(0.796259842519685,-0.1,0.588732034027804));
#6895=CARTESIAN_POINT('Origin',(0.75,0.75,0.));
#6896=CARTESIAN_POINT('',(0.75,0.796259842519685,0.178740157480315));
#6897=CARTESIAN_POINT('',(0.75,0.796259842519685,0.));
#6898=CARTESIAN_POINT('Origin',(0.75,0.75,0.178740157480315));
#6899=CARTESIAN_POINT('Origin',(0.75,0.796259842519685,0.));
#6900=CARTESIAN_POINT('',(-0.75,0.796259842519685,0.178740157480315));
#6901=CARTESIAN_POINT('',(-0.75,0.796259842519685,0.));
#6902=CARTESIAN_POINT('',(0.375,0.796259842519685,0.178740157480315));
#6903=CARTESIAN_POINT('',(0.1,0.796259842519685,1.18903115689838));
#6904=CARTESIAN_POINT('',(0.092,0.796259842519685,1.16188613603004));
#6905=CARTESIAN_POINT('Origin',(0.092,0.796259842519685,1.18903115689838));
#6906=CARTESIAN_POINT('',(-0.0919999999999999,0.796259842519685,1.16188613603004));
#6907=CARTESIAN_POINT('',(0.375,0.796259842519685,1.16188613603003));
#6908=CARTESIAN_POINT('',(-0.1,0.796259842519685,1.18903115689838));
#6909=CARTESIAN_POINT('Origin',(-0.0919999999999999,0.796259842519685,1.18903115689838));
#6910=CARTESIAN_POINT('',(-0.1,0.796259842519685,1.1970808590979));
#6911=CARTESIAN_POINT('',(-0.1,0.796259842519685,0.588732034027804));
#6912=CARTESIAN_POINT('',(-0.0919999999999999,0.796259842519685,1.20757253667773));
#6913=CARTESIAN_POINT('Origin',(-0.0919999999999999,0.796259842519685,1.1970808590979));
#6914=CARTESIAN_POINT('',(0.092,0.796259842519685,1.20757253667773));
#6915=CARTESIAN_POINT('',(0.375,0.796259842519685,1.20757253667773));
#6916=CARTESIAN_POINT('',(0.1,0.796259842519685,1.1970808590979));
#6917=CARTESIAN_POINT('Origin',(0.092,0.796259842519685,1.1970808590979));
#6918=CARTESIAN_POINT('',(0.1,0.796259842519685,0.588732034027804));
#6919=CARTESIAN_POINT('Origin',(0.092,0.79822754750179,1.1954112912343));
#6920=CARTESIAN_POINT('',(0.092,0.805872233152304,1.19305358444489));
#6921=CARTESIAN_POINT('',(0.1,0.79822754750179,1.1954112912343));
#6922=CARTESIAN_POINT('Origin',(0.092,0.79822754750179,1.1954112912343));
#6923=CARTESIAN_POINT('',(0.092,0.803403367087351,1.20151136431728));
#6924=CARTESIAN_POINT('Origin',(0.092,0.79822754750179,1.1954112912343));
#6925=CARTESIAN_POINT('Origin',(0.092,0.79822754750179,1.1954112912343));
#6926=CARTESIAN_POINT('Origin',(-0.092,0.79822754750179,1.1954112912343));
#6927=CARTESIAN_POINT('',(-0.0919999999999999,0.803403367087351,1.20151136431728));
#6928=CARTESIAN_POINT('',(-0.1,0.79822754750179,1.1954112912343));
#6929=CARTESIAN_POINT('Origin',(-0.0919999999999999,0.79822754750179,1.1954112912343));
#6930=CARTESIAN_POINT('',(-0.0919999999999999,0.805872233152304,1.19305358444489));
#6931=CARTESIAN_POINT('Origin',(-0.0919999999999999,0.79822754750179,1.1954112912343));
#6932=CARTESIAN_POINT('Origin',(-0.092,0.79822754750179,1.1954112912343));
#6933=CARTESIAN_POINT('Origin',(4.88773405519655E-17,0.79822754750179,1.1954112912343));
#6934=CARTESIAN_POINT('',(4.91942680963865E-17,0.803403367087351,1.20151136431728));
#6935=CARTESIAN_POINT('',(4.93454425425849E-17,0.805872233152304,1.19305358444489));
#6936=CARTESIAN_POINT('Origin',(-0.0919999999999999,0.796503308399236,1.18982057656844));
#6937=CARTESIAN_POINT('',(-0.0919999999999999,0.80414799404975,1.18746286977903));
#6938=CARTESIAN_POINT('',(-0.1,0.796503308399236,1.18982057656844));
#6939=CARTESIAN_POINT('Origin',(-0.0919999999999999,0.796216842503284,1.19711734396031));
#6940=CARTESIAN_POINT('',(-0.1,0.796216842503284,1.19711734396031));
#6941=CARTESIAN_POINT('',(-0.0919999999999999,0.801392662088844,1.20321741704329));
#6942=CARTESIAN_POINT('Origin',(0.092,0.796216842503284,1.19711734396031));
#6943=CARTESIAN_POINT('',(0.092,0.801392662088844,1.20321741704329));
#6944=CARTESIAN_POINT('',(0.1,0.796216842503284,1.19711734396031));
#6945=CARTESIAN_POINT('Origin',(0.092,0.796503308399236,1.18982057656844));
#6946=CARTESIAN_POINT('',(0.1,0.796503308399236,1.18982057656844));
#6947=CARTESIAN_POINT('',(0.092,0.80414799404975,1.18746286977903));
#6948=CARTESIAN_POINT('Origin',(-0.1,0.798808877022775,1.17746406805561));
#6949=CARTESIAN_POINT('Origin',(4.94406830910047E-17,0.807427629344676,
1.19809683876561));
#6950=CARTESIAN_POINT('Origin',(-0.79822754750179,0.0920000000000001,1.1954112912343));
#6951=CARTESIAN_POINT('',(-0.805872233152304,0.0920000000000001,1.19305358444489));
#6952=CARTESIAN_POINT('',(-0.79822754750179,0.1,1.1954112912343));
#6953=CARTESIAN_POINT('Origin',(-0.79822754750179,0.0920000000000001,1.1954112912343));
#6954=CARTESIAN_POINT('',(-0.803403367087351,0.0920000000000001,1.20151136431728));
#6955=CARTESIAN_POINT('Origin',(-0.79822754750179,0.0920000000000001,1.1954112912343));
#6956=CARTESIAN_POINT('Origin',(-0.79822754750179,0.0920000000000001,1.1954112912343));
#6957=CARTESIAN_POINT('Origin',(-0.79822754750179,-0.0919999999999999,1.1954112912343));
#6958=CARTESIAN_POINT('',(-0.803403367087351,-0.0919999999999999,1.20151136431728));
#6959=CARTESIAN_POINT('',(-0.79822754750179,-0.0999999999999999,1.1954112912343));
#6960=CARTESIAN_POINT('Origin',(-0.79822754750179,-0.0919999999999999,1.1954112912343));
#6961=CARTESIAN_POINT('',(-0.805872233152304,-0.0919999999999999,1.19305358444489));
#6962=CARTESIAN_POINT('Origin',(-0.79822754750179,-0.0919999999999999,1.1954112912343));
#6963=CARTESIAN_POINT('Origin',(-0.79822754750179,-0.0919999999999999,1.1954112912343));
#6964=CARTESIAN_POINT('Origin',(-0.79822754750179,9.77546811039309E-17,
1.1954112912343));
#6965=CARTESIAN_POINT('',(-0.803403367087351,9.83885361927731E-17,1.20151136431728));
#6966=CARTESIAN_POINT('',(-0.805872233152304,9.86908850851699E-17,1.19305358444489));
#6967=CARTESIAN_POINT('Origin',(-0.796503308399236,-0.0919999999999999,
1.18982057656844));
#6968=CARTESIAN_POINT('',(-0.796259842519685,-0.0919999999999999,1.16188613603004));
#6969=CARTESIAN_POINT('',(-0.796259842519685,-0.0999999999999999,1.18903115689838));
#6970=CARTESIAN_POINT('Origin',(-0.796259842519685,-0.0919999999999999,
1.18903115689838));
#6971=CARTESIAN_POINT('',(-0.80414799404975,-0.0919999999999999,1.18746286977903));
#6972=CARTESIAN_POINT('',(-0.796503308399236,-0.0999999999999999,1.18982057656844));
#6973=CARTESIAN_POINT('Origin',(-0.796216842503284,-0.0919999999999999,
1.19711734396031));
#6974=CARTESIAN_POINT('',(-0.796259842519685,-0.0999999999999999,1.1970808590979));
#6975=CARTESIAN_POINT('',(-0.796259842519685,-0.0919999999999999,1.20757253667773));
#6976=CARTESIAN_POINT('Origin',(-0.796259842519685,-0.0919999999999999,
1.1970808590979));
#6977=CARTESIAN_POINT('',(-0.796216842503284,-0.0999999999999999,1.19711734396031));
#6978=CARTESIAN_POINT('',(-0.801392662088844,-0.0919999999999999,1.20321741704329));
#6979=CARTESIAN_POINT('Origin',(-0.796216842503284,0.0920000000000001,1.19711734396031));
#6980=CARTESIAN_POINT('',(-0.796259842519685,0.0920000000000001,1.20757253667773));
#6981=CARTESIAN_POINT('',(-0.796259842519685,0.1,1.1970808590979));
#6982=CARTESIAN_POINT('Origin',(-0.796259842519685,0.0920000000000001,1.1970808590979));
#6983=CARTESIAN_POINT('',(-0.801392662088844,0.0920000000000001,1.20321741704329));
#6984=CARTESIAN_POINT('',(-0.796216842503284,0.1,1.19711734396031));
#6985=CARTESIAN_POINT('Origin',(-0.796503308399236,0.0920000000000001,1.18982057656844));
#6986=CARTESIAN_POINT('',(-0.796259842519685,0.1,1.18903115689838));
#6987=CARTESIAN_POINT('',(-0.796259842519685,0.0920000000000001,1.16188613603004));
#6988=CARTESIAN_POINT('Origin',(-0.796259842519685,0.0920000000000001,1.18903115689838));
#6989=CARTESIAN_POINT('',(-0.796503308399236,0.1,1.18982057656844));
#6990=CARTESIAN_POINT('',(-0.80414799404975,0.0920000000000001,1.18746286977903));
#6991=CARTESIAN_POINT('Origin',(-0.798808877022775,-0.0999999999999999,
1.17746406805561));
#6992=CARTESIAN_POINT('',(-0.796259842519685,-0.0999999999999999,0.588732034027804));
#6993=CARTESIAN_POINT('Origin',(-0.807427629344676,9.88813661820093E-17,
1.19809683876561));
#6994=CARTESIAN_POINT('',(-0.796259842519685,0.375,1.16188613603004));
#6995=CARTESIAN_POINT('Origin',(-0.0920000000000001,-0.79822754750179,1.1954112912343));
#6996=CARTESIAN_POINT('',(-0.0920000000000002,-0.805872233152304,1.19305358444489));
#6997=CARTESIAN_POINT('',(-0.1,-0.79822754750179,1.1954112912343));
#6998=CARTESIAN_POINT('Origin',(-0.0920000000000002,-0.79822754750179,1.1954112912343));
#6999=CARTESIAN_POINT('',(-0.0920000000000002,-0.803403367087351,1.20151136431728));
#7000=CARTESIAN_POINT('Origin',(-0.0920000000000002,-0.79822754750179,1.1954112912343));
#7001=CARTESIAN_POINT('Origin',(-0.0920000000000001,-0.79822754750179,1.1954112912343));
#7002=CARTESIAN_POINT('Origin',(0.0919999999999998,-0.79822754750179,1.1954112912343));
#7003=CARTESIAN_POINT('',(0.0919999999999998,-0.803403367087351,1.20151136431728));
#7004=CARTESIAN_POINT('',(0.0999999999999998,-0.79822754750179,1.1954112912343));
#7005=CARTESIAN_POINT('Origin',(0.0919999999999998,-0.79822754750179,1.1954112912343));
#7006=CARTESIAN_POINT('',(0.0919999999999998,-0.805872233152304,1.19305358444489));
#7007=CARTESIAN_POINT('Origin',(0.0919999999999998,-0.79822754750179,1.1954112912343));
#7008=CARTESIAN_POINT('Origin',(0.0919999999999998,-0.79822754750179,1.1954112912343));
#7009=CARTESIAN_POINT('Origin',(-1.46632021655896E-16,-0.79822754750179,
1.1954112912343));
#7010=CARTESIAN_POINT('',(-1.4758280428916E-16,-0.803403367087351,1.20151136431728));
#7011=CARTESIAN_POINT('',(-1.48036327627755E-16,-0.805872233152304,1.19305358444489));
#7012=CARTESIAN_POINT('Origin',(0.0919999999999998,-0.796503308399236,1.18982057656844));
#7013=CARTESIAN_POINT('',(0.0919999999999998,-0.796259842519685,1.16188613603003));
#7014=CARTESIAN_POINT('',(0.0999999999999998,-0.796259842519685,1.18903115689838));
#7015=CARTESIAN_POINT('Origin',(0.0919999999999998,-0.796259842519685,1.18903115689838));
#7016=CARTESIAN_POINT('',(0.0919999999999998,-0.80414799404975,1.18746286977903));
#7017=CARTESIAN_POINT('',(0.0999999999999998,-0.796503308399236,1.18982057656844));
#7018=CARTESIAN_POINT('Origin',(0.0919999999999998,-0.796216842503284,1.19711734396031));
#7019=CARTESIAN_POINT('',(0.0999999999999998,-0.796259842519685,1.1970808590979));
#7020=CARTESIAN_POINT('',(0.0919999999999999,-0.796259842519685,1.20757253667773));
#7021=CARTESIAN_POINT('Origin',(0.0919999999999998,-0.796259842519685,1.1970808590979));
#7022=CARTESIAN_POINT('',(0.0999999999999998,-0.796216842503284,1.19711734396031));
#7023=CARTESIAN_POINT('',(0.0919999999999998,-0.801392662088844,1.20321741704329));
#7024=CARTESIAN_POINT('Origin',(-0.0920000000000002,-0.796216842503284,
1.19711734396031));
#7025=CARTESIAN_POINT('',(-0.0920000000000001,-0.796259842519685,1.20757253667773));
#7026=CARTESIAN_POINT('',(-0.1,-0.796259842519685,1.1970808590979));
#7027=CARTESIAN_POINT('Origin',(-0.0920000000000002,-0.796259842519685,
1.1970808590979));
#7028=CARTESIAN_POINT('',(-0.0920000000000002,-0.801392662088844,1.20321741704329));
#7029=CARTESIAN_POINT('',(-0.1,-0.796216842503284,1.19711734396031));
#7030=CARTESIAN_POINT('Origin',(-0.0920000000000002,-0.796503308399236,
1.18982057656844));
#7031=CARTESIAN_POINT('',(-0.1,-0.796259842519685,1.18903115689838));
#7032=CARTESIAN_POINT('',(-0.0920000000000002,-0.796259842519685,1.16188613603003));
#7033=CARTESIAN_POINT('Origin',(-0.0920000000000002,-0.796259842519685,
1.18903115689838));
#7034=CARTESIAN_POINT('',(-0.1,-0.796503308399236,1.18982057656844));
#7035=CARTESIAN_POINT('',(-0.0920000000000002,-0.80414799404975,1.18746286977903));
#7036=CARTESIAN_POINT('Origin',(0.0999999999999998,-0.798808877022775,1.17746406805561));
#7037=CARTESIAN_POINT('',(0.0999999999999998,-0.796259842519685,0.588732034027804));
#7038=CARTESIAN_POINT('Origin',(-1.48322049273014E-16,-0.807427629344676,
1.19809683876561));
#7039=CARTESIAN_POINT('',(-0.375,-0.796259842519685,1.16188613603004));
#7040=CARTESIAN_POINT('Origin',(0.79822754750179,-0.092,1.1954112912343));
#7041=CARTESIAN_POINT('',(0.805872233152304,-0.092,1.19305358444489));
#7042=CARTESIAN_POINT('',(0.79822754750179,-0.1,1.1954112912343));
#7043=CARTESIAN_POINT('Origin',(0.79822754750179,-0.092,1.1954112912343));
#7044=CARTESIAN_POINT('',(0.803403367087351,-0.092,1.20151136431728));
#7045=CARTESIAN_POINT('Origin',(0.79822754750179,-0.092,1.1954112912343));
#7046=CARTESIAN_POINT('Origin',(0.79822754750179,-0.092,1.1954112912343));
#7047=CARTESIAN_POINT('Origin',(0.79822754750179,0.092,1.1954112912343));
#7048=CARTESIAN_POINT('',(0.803403367087351,0.092,1.20151136431728));
#7049=CARTESIAN_POINT('',(0.79822754750179,0.1,1.1954112912343));
#7050=CARTESIAN_POINT('Origin',(0.79822754750179,0.092,1.1954112912343));
#7051=CARTESIAN_POINT('',(0.805872233152304,0.092,1.19305358444489));
#7052=CARTESIAN_POINT('Origin',(0.79822754750179,0.092,1.1954112912343));
#7053=CARTESIAN_POINT('Origin',(0.79822754750179,0.092,1.1954112912343));
#7054=CARTESIAN_POINT('Origin',(0.79822754750179,0.,1.1954112912343));
#7055=CARTESIAN_POINT('',(0.803403367087351,0.,1.20151136431728));
#7056=CARTESIAN_POINT('',(0.805872233152304,0.,1.19305358444489));
#7057=CARTESIAN_POINT('Origin',(0.796503308399236,0.092,1.18982057656844));
#7058=CARTESIAN_POINT('',(0.80414799404975,0.092,1.18746286977903));
#7059=CARTESIAN_POINT('',(0.796503308399236,0.1,1.18982057656844));
#7060=CARTESIAN_POINT('Origin',(0.796216842503284,0.092,1.19711734396031));
#7061=CARTESIAN_POINT('',(0.796216842503284,0.1,1.19711734396031));
#7062=CARTESIAN_POINT('',(0.801392662088844,0.092,1.20321741704329));
#7063=CARTESIAN_POINT('Origin',(0.796216842503284,-0.092,1.19711734396031));
#7064=CARTESIAN_POINT('',(0.801392662088844,-0.092,1.20321741704329));
#7065=CARTESIAN_POINT('',(0.796216842503284,-0.1,1.19711734396031));
#7066=CARTESIAN_POINT('Origin',(0.796503308399236,-0.092,1.18982057656844));
#7067=CARTESIAN_POINT('',(0.796503308399236,-0.1,1.18982057656844));
#7068=CARTESIAN_POINT('',(0.80414799404975,-0.092,1.18746286977903));
#7069=CARTESIAN_POINT('Origin',(0.798808877022775,0.1,1.17746406805561));
#7070=CARTESIAN_POINT('Origin',(0.807427629344676,0.,1.19809683876561));
#7071=CARTESIAN_POINT('Origin',(-1.45155571039916E-16,-0.790190124700874,
1.21272260028157));
#7072=CARTESIAN_POINT('',(-0.375,-0.796259842519685,1.20757253667773));
#7073=CARTESIAN_POINT('Origin',(-0.1,-0.798808877022775,1.17746406805561));
#7074=CARTESIAN_POINT('',(-0.1,-0.796259842519685,0.588732034027804));
#7075=CARTESIAN_POINT('Origin',(-0.790190124700874,9.67703806932774E-17,
1.21272260028157));
#7076=CARTESIAN_POINT('',(-0.796259842519685,0.375,1.20757253667773));
#7077=CARTESIAN_POINT('Origin',(-0.798808877022775,0.1,1.17746406805561));
#7078=CARTESIAN_POINT('',(-0.796259842519685,0.1,0.588732034027804));
#7079=CARTESIAN_POINT('Origin',(4.83851903466387E-17,0.790190124700874,
1.21272260028157));
#7080=CARTESIAN_POINT('Origin',(0.1,0.798808877022775,1.17746406805561));
#7081=CARTESIAN_POINT('Origin',(0.790190124700874,0.,1.21272260028157));
#7082=CARTESIAN_POINT('Origin',(0.798808877022775,-0.1,1.17746406805561));
#7083=CARTESIAN_POINT('Origin',(-0.75,-0.75,0.));
#7084=CARTESIAN_POINT('',(-0.75,-0.796259842519685,0.178740157480315));
#7085=CARTESIAN_POINT('',(-0.75,-0.796259842519685,0.));
#7086=CARTESIAN_POINT('',(-0.796259842519685,-0.75,0.178740157480315));
#7087=CARTESIAN_POINT('Origin',(-0.75,-0.75,0.178740157480315));
#7088=CARTESIAN_POINT('',(-0.796259842519685,-0.75,0.));
#7089=CARTESIAN_POINT('Origin',(-0.75,-0.796259842519685,0.));
#7090=CARTESIAN_POINT('',(-0.375,-0.796259842519685,0.178740157480315));
#7091=CARTESIAN_POINT('Origin',(0.107795275590551,-0.107795275590551,0.029432404107867));
#7092=CARTESIAN_POINT('',(0.16483085576416,-0.107795275590551,0.078740157480315));
#7093=CARTESIAN_POINT('',(0.107795275590551,-0.16483085576416,0.078740157480315));
#7094=CARTESIAN_POINT('Origin',(0.107795275590551,-0.107795275590551,0.078740157480315));
#7095=CARTESIAN_POINT('',(0.207795275590551,-0.107795275590551,0.));
#7096=CARTESIAN_POINT('',(0.191735539274853,-0.107795275590551,0.029432404107867));
#7097=CARTESIAN_POINT('',(0.107795275590551,-0.207795275590551,0.));
#7098=CARTESIAN_POINT('Origin',(0.107795275590551,-0.107795275590551,0.));
#7099=CARTESIAN_POINT('',(0.107795275590551,-0.175675802959155,0.058864808215734));
#7100=CARTESIAN_POINT('Origin',(-0.0538976377952756,-0.191735539274853,
0.029432404107867));
#7101=CARTESIAN_POINT('',(-0.107795275590551,-0.16483085576416,0.078740157480315));
#7102=CARTESIAN_POINT('',(-0.0269488188976379,-0.16483085576416,0.078740157480315));
#7103=CARTESIAN_POINT('',(-0.107795275590551,-0.207795275590551,0.));
#7104=CARTESIAN_POINT('',(-0.0538976377952756,-0.207795275590551,0.));
#7105=CARTESIAN_POINT('',(-0.107795275590551,-0.175675802959155,0.058864808215734));
#7106=CARTESIAN_POINT('Origin',(-0.107795275590551,-0.107795275590551,0.029432404107867));
#7107=CARTESIAN_POINT('',(-0.16483085576416,-0.107795275590551,0.078740157480315));
#7108=CARTESIAN_POINT('Origin',(-0.107795275590551,-0.107795275590551,0.078740157480315));
#7109=CARTESIAN_POINT('',(-0.207795275590551,-0.107795275590551,0.));
#7110=CARTESIAN_POINT('Origin',(-0.107795275590551,-0.107795275590551,0.));
#7111=CARTESIAN_POINT('',(-0.175675802959155,-0.107795275590551,0.0588648082157339));
#7112=CARTESIAN_POINT('Origin',(-0.191735539274853,0.0538976377952756,0.029432404107867));
#7113=CARTESIAN_POINT('',(-0.16483085576416,0.107795275590551,0.078740157480315));
#7114=CARTESIAN_POINT('',(-0.16483085576416,0.0269488188976378,0.078740157480315));
#7115=CARTESIAN_POINT('',(-0.207795275590551,0.107795275590551,0.));
#7116=CARTESIAN_POINT('',(-0.207795275590551,0.0538976377952756,0.));
#7117=CARTESIAN_POINT('',(-0.175675802959155,0.107795275590551,0.0588648082157339));
#7118=CARTESIAN_POINT('Origin',(-0.107795275590551,0.107795275590551,0.029432404107867));
#7119=CARTESIAN_POINT('',(-0.107795275590551,0.16483085576416,0.078740157480315));
#7120=CARTESIAN_POINT('Origin',(-0.107795275590551,0.107795275590551,0.078740157480315));
#7121=CARTESIAN_POINT('',(-0.107795275590551,0.207795275590551,0.));
#7122=CARTESIAN_POINT('Origin',(-0.107795275590551,0.107795275590551,0.));
#7123=CARTESIAN_POINT('',(-0.107795275590551,0.175675802959155,0.058864808215734));
#7124=CARTESIAN_POINT('Origin',(0.0538976377952754,0.191735539274853,0.029432404107867));
#7125=CARTESIAN_POINT('',(0.107795275590551,0.16483085576416,0.078740157480315));
#7126=CARTESIAN_POINT('',(0.0269488188976376,0.16483085576416,0.078740157480315));
#7127=CARTESIAN_POINT('',(0.107795275590551,0.207795275590551,0.));
#7128=CARTESIAN_POINT('',(0.0538976377952754,0.207795275590551,0.));
#7129=CARTESIAN_POINT('',(0.107795275590551,0.207795275590551,0.));
#7130=CARTESIAN_POINT('Origin',(0.107795275590551,0.107795275590551,0.029432404107867));
#7131=CARTESIAN_POINT('',(0.16483085576416,0.107795275590551,0.078740157480315));
#7132=CARTESIAN_POINT('Origin',(0.107795275590551,0.107795275590551,0.078740157480315));
#7133=CARTESIAN_POINT('',(0.207795275590551,0.107795275590551,0.));
#7134=CARTESIAN_POINT('Origin',(0.107795275590551,0.107795275590551,0.));
#7135=CARTESIAN_POINT('',(0.175675802959155,0.107795275590551,0.0588648082157339));
#7136=CARTESIAN_POINT('Origin',(0.191735539274853,-0.0538976377952756,0.029432404107867));
#7137=CARTESIAN_POINT('',(0.16483085576416,-0.0269488188976378,0.078740157480315));
#7138=CARTESIAN_POINT('',(0.207795275590551,-0.0538976377952756,0.));
#7139=CARTESIAN_POINT('Origin',(-1.74838271594513E-16,0.,0.));
#7140=CARTESIAN_POINT('',(0.75,0.875,0.));
#7141=CARTESIAN_POINT('',(-0.75,0.875,0.));
#7142=CARTESIAN_POINT('',(0.875,0.75,0.));
#7143=CARTESIAN_POINT('Origin',(0.75,0.75,0.));
#7144=CARTESIAN_POINT('',(0.875,-0.75,0.));
#7145=CARTESIAN_POINT('',(0.875,0.75,0.));
#7146=CARTESIAN_POINT('Origin',(0.75,-0.75,0.));
#7147=CARTESIAN_POINT('Origin',(-0.400000000000001,-0.4,0.0755905511811024));
#7148=CARTESIAN_POINT('',(-0.444700000000001,-0.4,0.0755905511811024));
#7149=CARTESIAN_POINT('Origin',(-0.400000000000001,-0.4,0.0755905511811023));
#7150=CARTESIAN_POINT('Origin',(-0.400000000000001,-0.4,0.0755905511811023));
#7151=CARTESIAN_POINT('Ctrl Pts',(-0.437200868403,-0.375217236028587,0.0755905511811024));
#7152=CARTESIAN_POINT('Ctrl Pts',(-0.439490845374072,-0.377721951803044,
0.0755905511811024));
#7153=CARTESIAN_POINT('Ctrl Pts',(-0.441457555365731,-0.380491785592872,
0.0755905511811023));
#7154=CARTESIAN_POINT('Ctrl Pts',(-0.443103388939837,-0.383455356086047,
0.0755905511811022));
#7155=CARTESIAN_POINT('Ctrl Pts',(-0.44416203108958,-0.38536160024534,0.0755905511811022));
#7156=CARTESIAN_POINT('Ctrl Pts',(-0.445085540038066,-0.387345397195183,
0.0755905511811021));
#7157=CARTESIAN_POINT('Ctrl Pts',(-0.445870733768712,-0.38938145428443,
0.0755905511811021));
#7158=CARTESIAN_POINT('Ctrl Pts',(-0.446711446836592,-0.391561476532534,
0.0755905511811022));
#7159=CARTESIAN_POINT('Ctrl Pts',(-0.447395532300776,-0.393806077719724,
0.0755905511811023));
#7160=CARTESIAN_POINT('Ctrl Pts',(-0.447919670284995,-0.39608867394864,
0.0755905511811023));
#7161=CARTESIAN_POINT('Ctrl Pts',(-0.448949724447819,-0.400574511301458,
0.0755905511811023));
#7162=CARTESIAN_POINT('Ctrl Pts',(-0.44935863550714,-0.405173767195707,
0.0755905511811023));
#7163=CARTESIAN_POINT('Ctrl Pts',(-0.449138797835335,-0.409743340980035,
0.0755905511811023));
#7164=CARTESIAN_POINT('Ctrl Pts',(-0.448998787393685,-0.412653615813485,
0.0755905511811023));
#7165=CARTESIAN_POINT('Ctrl Pts',(-0.448600308089406,-0.415559558170026,
0.0755905511811022));
#7166=CARTESIAN_POINT('Ctrl Pts',(-0.447942872449581,-0.418389941025191,
0.0755905511811023));
#7167=CARTESIAN_POINT('Ctrl Pts',(-0.447770254694153,-0.419133092606676,
0.0755905511811023));
#7168=CARTESIAN_POINT('Ctrl Pts',(-0.447579816681482,-0.419871411974987,
0.0755905511811023));
#7169=CARTESIAN_POINT('Ctrl Pts',(-0.447371509576568,-0.420604292789484,
0.0755905511811023));
#7170=CARTESIAN_POINT('Ctrl Pts',(-0.446357929258061,-0.424170342875444,
0.0755905511811023));
#7171=CARTESIAN_POINT('Ctrl Pts',(-0.444923096473603,-0.42760771967903,
0.0755905511811023));
#7172=CARTESIAN_POINT('Ctrl Pts',(-0.443126246707681,-0.430877912047327,
0.0755905511811023));
#7173=CARTESIAN_POINT('Ctrl Pts',(-0.442108079838542,-0.432730933701257,
0.0755905511811023));
#7174=CARTESIAN_POINT('Ctrl Pts',(-0.440971989609451,-0.434531082130234,
0.0755905511811023));
#7175=CARTESIAN_POINT('Ctrl Pts',(-0.439738152697256,-0.436256408863189,
0.0755905511811023));
#7176=CARTESIAN_POINT('Ctrl Pts',(-0.436850835854566,-0.44029386704422,
0.0755905511811023));
#7177=CARTESIAN_POINT('Ctrl Pts',(-0.433422256190167,-0.443942407929341,
0.0755905511811024));
#7178=CARTESIAN_POINT('Ctrl Pts',(-0.429571435606339,-0.44711277981459,
0.0755905511811023));
#7179=CARTESIAN_POINT('Ctrl Pts',(-0.428959539076061,-0.44761655284531,
0.0755905511811023));
#7180=CARTESIAN_POINT('Ctrl Pts',(-0.428336884040826,-0.448108208168763,
0.0755905511811024));
#7181=CARTESIAN_POINT('Ctrl Pts',(-0.42770384642145,-0.448587325554515,
0.0755905511811024));
#7182=CARTESIAN_POINT('Ctrl Pts',(-0.372233404975492,-0.448631432230039,
0.0755905511811023));
#7183=CARTESIAN_POINT('Ctrl Pts',(-0.368839419346363,-0.446097905686975,
0.0755905511811023));
#7184=CARTESIAN_POINT('Ctrl Pts',(-0.365771620826205,-0.443158854770547,
0.0755905511811023));
#7185=CARTESIAN_POINT('Ctrl Pts',(-0.363071194380221,-0.439893089373586,
0.0755905511811023));
#7186=CARTESIAN_POINT('Ctrl Pts',(-0.361468501439911,-0.437954869891918,
0.0755905511811023));
#7187=CARTESIAN_POINT('Ctrl Pts',(-0.359999434595042,-0.435905394767629,
0.0755905511811024));
#7188=CARTESIAN_POINT('Ctrl Pts',(-0.358677799944935,-0.433767877832146,
0.0755905511811024));
#7189=CARTESIAN_POINT('Ctrl Pts',(-0.357526669204535,-0.431906121671045,
0.0755905511811023));
#7190=CARTESIAN_POINT('Ctrl Pts',(-0.356486206280628,-0.429976076610855,
0.0755905511811024));
#7191=CARTESIAN_POINT('Ctrl Pts',(-0.355564265119828,-0.427988665836819,
0.0755905511811024));
#7192=CARTESIAN_POINT('Ctrl Pts',(-0.354660248559841,-0.426039894778951,
0.0755905511811024));
#7193=CARTESIAN_POINT('Ctrl Pts',(-0.35387403888305,-0.424044013937404,
0.0755905511811023));
#7194=CARTESIAN_POINT('Ctrl Pts',(-0.353212439931017,-0.42201467443427,
0.0755905511811023));
#7195=CARTESIAN_POINT('Ctrl Pts',(-0.351914421922527,-0.41803323037014,
0.0755905511811023));
#7196=CARTESIAN_POINT('Ctrl Pts',(-0.351092108293045,-0.413918532960403,
0.0755905511811023));
#7197=CARTESIAN_POINT('Ctrl Pts',(-0.350811843886982,-0.409753313942143,
0.0755905511811023));
#7198=CARTESIAN_POINT('Ctrl Pts',(-0.350698582577382,-0.408070052883752,
0.0755905511811023));
#7199=CARTESIAN_POINT('Ctrl Pts',(-0.350674711229712,-0.40638103136912,
0.0755905511811023));
#7200=CARTESIAN_POINT('Ctrl Pts',(-0.350744284152543,-0.404700393223258,
0.0755905511811023));
#7201=CARTESIAN_POINT('Ctrl Pts',(-0.350772505796741,-0.40401865714192,
0.0755905511811023));
#7202=CARTESIAN_POINT('Ctrl Pts',(-0.350816080484899,-0.403337888145487,
0.0755905511811023));
#7203=CARTESIAN_POINT('Ctrl Pts',(-0.35087528171564,-0.402658455457584,
0.0755905511811023));
#7204=CARTESIAN_POINT('Ctrl Pts',(-0.351221046214792,-0.398690232160538,
0.0755905511811024));
#7205=CARTESIAN_POINT('Ctrl Pts',(-0.3520978987842,-0.394765944159685,0.0755905511811024));
#7206=CARTESIAN_POINT('Ctrl Pts',(-0.353462127680262,-0.390979555288685,
0.0755905511811024));
#7207=CARTESIAN_POINT('Ctrl Pts',(-0.35414348433568,-0.389088464090791,
0.0755905511811024));
#7208=CARTESIAN_POINT('Ctrl Pts',(-0.354944463488677,-0.387239293902093,
0.0755905511811024));
#7209=CARTESIAN_POINT('Ctrl Pts',(-0.355855247454579,-0.385450256208939,
0.0755905511811024));
#7210=CARTESIAN_POINT('Ctrl Pts',(-0.357734994559759,-0.381757900446573,
0.0755905511811024));
#7211=CARTESIAN_POINT('Ctrl Pts',(-0.360084850052511,-0.378309224650691,
0.0755905511811024));
#7212=CARTESIAN_POINT('Ctrl Pts',(-0.36285968151731,-0.375226286515935,
0.0755905511811023));
#7213=CARTESIAN_POINT('Origin',(-0.400000000000001,-0.4,0.329776340632727));
#7214=CARTESIAN_POINT('Ctrl Pts',(-0.455982970660536,-0.399948585858436,
0.267276340632727));
#7215=CARTESIAN_POINT('Ctrl Pts',(-0.456026822580166,-0.395030017469718,
0.266926941495061));
#7216=CARTESIAN_POINT('Ctrl Pts',(-0.45317937569096,-0.371524127732393,
0.265253670190459));
#7217=CARTESIAN_POINT('Ctrl Pts',(-0.420143337785668,-0.336930201115952,
0.262256526718921));
#7218=CARTESIAN_POINT('Ctrl Pts',(-0.357910912431953,-0.34890187524824,
0.258284910218118));
#7219=CARTESIAN_POINT('Ctrl Pts',(-0.334244522657542,-0.407685555000243,
0.254313293717312));
#7220=CARTESIAN_POINT('Ctrl Pts',(-0.37083239501563,-0.459432208488971,
0.250341677216508));
#7221=CARTESIAN_POINT('Ctrl Pts',(-0.434146991311686,-0.45671667738716,
0.246370060715703));
#7222=CARTESIAN_POINT('Ctrl Pts',(-0.455825149055182,-0.419699497739277,
0.243681615187776));
#7223=CARTESIAN_POINT('Ctrl Pts',(-0.456091501667462,-0.400580941111205,
0.242317041826784));
#7224=CARTESIAN_POINT('Ctrl Pts',(-0.456090021107928,-0.400010648608941,
0.242276340632727));
#7225=CARTESIAN_POINT('Ctrl Pts',(-0.456077348154685,-0.400035510419164,
0.271404761729478));
#7226=CARTESIAN_POINT('Ctrl Pts',(-0.455998221832799,-0.3825041250461,0.270152280546149));
#7227=CARTESIAN_POINT('Ctrl Pts',(-0.437696939231178,-0.346182828122188,
0.267575927195886));
#7228=CARTESIAN_POINT('Ctrl Pts',(-0.37594594695842,-0.338339561110691,
0.263675701678688));
#7229=CARTESIAN_POINT('Ctrl Pts',(-0.33513210561811,-0.386778824076485,
0.259704085177884));
#7230=CARTESIAN_POINT('Ctrl Pts',(-0.353745116640065,-0.447371292472137,
0.255732468677079));
#7231=CARTESIAN_POINT('Ctrl Pts',(-0.414749642831012,-0.464536486119667,
0.251760852176275));
#7232=CARTESIAN_POINT('Ctrl Pts',(-0.451924316450431,-0.43168651440185,
0.248651616527074));
#7233=CARTESIAN_POINT('Ctrl Pts',(-0.455984977586906,-0.406551698653315,
0.246866253044808));
#7234=CARTESIAN_POINT('Ctrl Pts',(-0.455941369790752,-0.400041013658858,
0.246404761729478));
#7235=CARTESIAN_POINT('Ctrl Pts',(-0.362799131597002,-0.375217236028587,
0.275590551181102));
#7236=CARTESIAN_POINT('Ctrl Pts',(-0.354553277386234,-0.387594908580322,
0.274266679014168));
#7237=CARTESIAN_POINT('Ctrl Pts',(-0.351535164214508,-0.4210169829051,0.271618934680297));
#7238=CARTESIAN_POINT('Ctrl Pts',(-0.391475240292206,-0.452186087603755,
0.267647318179493));
#7239=CARTESIAN_POINT('Ctrl Pts',(-0.439208588481947,-0.435408649629006,
0.263675701678688));
#7240=CARTESIAN_POINT('Ctrl Pts',(-0.451022266192653,-0.386248194244824,
0.259704085177884));
#7241=CARTESIAN_POINT('Ctrl Pts',(-0.416078699982489,-0.349656785533627,
0.255732468677079));
#7242=CARTESIAN_POINT('Ctrl Pts',(-0.366403889030505,-0.359212746849934,
0.251760852176274));
#7243=CARTESIAN_POINT('Ctrl Pts',(-0.347513038621288,-0.406134719794837,
0.24778923567547));
#7244=CARTESIAN_POINT('Ctrl Pts',(-0.376718001021404,-0.447439637847447,
0.243817619174665));
#7245=CARTESIAN_POINT('Ctrl Pts',(-0.42725661627915,-0.445272062128679,
0.23984600267386));
#7246=CARTESIAN_POINT('Ctrl Pts',(-0.452819387500156,-0.401621595802978,
0.235874386173056));
#7247=CARTESIAN_POINT('Ctrl Pts',(-0.429982216808495,-0.356484623813591,
0.231902769672251));
#7248=CARTESIAN_POINT('Ctrl Pts',(-0.379671550384462,-0.351222299604956,
0.227931153171446));
#7249=CARTESIAN_POINT('Ctrl Pts',(-0.347988384685817,-0.390656175061071,
0.223959536670642));
#7250=CARTESIAN_POINT('Ctrl Pts',(-0.363964911350617,-0.438652136374989,
0.219987920169837));
#7251=CARTESIAN_POINT('Ctrl Pts',(-0.412961381377102,-0.451230034364971,
0.216016303669033));
#7252=CARTESIAN_POINT('Ctrl Pts',(-0.450080981789171,-0.41686445585305,
0.212044687168227));
#7253=CARTESIAN_POINT('Ctrl Pts',(-0.441309991660657,-0.367045498923185,
0.208073070667423));
#7254=CARTESIAN_POINT('Ctrl Pts',(-0.394685514025044,-0.347423668671039,
0.204101454166618));
#7255=CARTESIAN_POINT('Ctrl Pts',(-0.352930846546481,-0.37597898248021,
0.200129837665814));
#7256=CARTESIAN_POINT('Ctrl Pts',(-0.354306946768613,-0.426545420689798,
0.196158221165009));
#7257=CARTESIAN_POINT('Ctrl Pts',(-0.397552855698601,-0.452787554758469,
0.192186604664204));
#7258=CARTESIAN_POINT('Ctrl Pts',(-0.443041150704135,-0.430658992391036,
0.1882149881634));
#7259=CARTESIAN_POINT('Ctrl Pts',(-0.44908964853072,-0.380436746891985,
0.184243371662595));
#7260=CARTESIAN_POINT('Ctrl Pts',(-0.410155943322263,-0.348140851548987,
0.18027175516179));
#7261=CARTESIAN_POINT('Ctrl Pts',(-0.361916066270823,-0.363364928600843,
0.176300138660986));
#7262=CARTESIAN_POINT('Ctrl Pts',(-0.348573551314858,-0.4121587351309,0.172328522160181));
#7263=CARTESIAN_POINT('Ctrl Pts',(-0.382354514040214,-0.449811156280021,
0.168356905659376));
#7264=CARTESIAN_POINT('Ctrl Pts',(-0.432304523716837,-0.441820236850806,
0.164385289158572));
#7265=CARTESIAN_POINT('Ctrl Pts',(-0.452653004602126,-0.395508277456651,
0.160413672657767));
#7266=CARTESIAN_POINT('Ctrl Pts',(-0.424754080654294,-0.353312207598448,
0.156442056156962));
#7267=CARTESIAN_POINT('Ctrl Pts',(-0.374172307831557,-0.353897453759447,
0.152470439656158));
#7268=CARTESIAN_POINT('Ctrl Pts',(-0.347257163752521,-0.396727738125343,
0.148498823155353));
#7269=CARTESIAN_POINT('Ctrl Pts',(-0.368671739949264,-0.442556487304645,
0.144527206654548));
#7270=CARTESIAN_POINT('Ctrl Pts',(-0.418793267052054,-0.449389548395393,
0.140555590153744));
#7271=CARTESIAN_POINT('Ctrl Pts',(-0.451694004591732,-0.410965602650806,
0.136583973652939));
#7272=CARTESIAN_POINT('Ctrl Pts',(-0.437226093696181,-0.362493566467739,
0.132612357152134));
#7273=CARTESIAN_POINT('Ctrl Pts',(-0.388646886912506,-0.3483897233929,0.128640740651329));
#7274=CARTESIAN_POINT('Ctrl Pts',(-0.350470844641728,-0.381577784340212,
0.124669124150525));
#7275=CARTESIAN_POINT('Ctrl Pts',(-0.357679751493599,-0.431646670574271,
0.12069750764972));
#7276=CARTESIAN_POINT('Ctrl Pts',(-0.403667846014397,-0.452716760382395,
0.116725891148916));
#7277=CARTESIAN_POINT('Ctrl Pts',(-0.446295043988118,-0.425481173276254,
0.112754274648111));
#7278=CARTESIAN_POINT('Ctrl Pts',(-0.446500710797168,-0.374896192237071,
0.108782658147306));
#7279=CARTESIAN_POINT('Ctrl Pts',(-0.404096687366173,-0.347315088564223,
0.104811041646502));
#7280=CARTESIAN_POINT('Ctrl Pts',(-0.357938371799232,-0.368009530346734,
0.100839425145697));
#7281=CARTESIAN_POINT('Ctrl Pts',(-0.350323036927214,-0.418019856869483,
0.0968678086448922));
#7282=CARTESIAN_POINT('Ctrl Pts',(-0.388226624709561,-0.451513943025871,
0.0928961921440875));
#7283=CARTESIAN_POINT('Ctrl Pts',(-0.436921307663366,-0.437812443406389,
0.0889245756432829));
#7284=CARTESIAN_POINT('Ctrl Pts',(-0.451778479542913,-0.389446665683958,
0.0849529591424782));
#7285=CARTESIAN_POINT('Ctrl Pts',(-0.419200286771711,-0.350781762859886,
0.0809813426416736));
#7286=CARTESIAN_POINT('Ctrl Pts',(-0.369007539281758,-0.357156953351909,
0.0770097261408688));
#7287=CARTESIAN_POINT('Ctrl Pts',(-0.347254635072991,-0.402912105228959,
0.0730381096400643));
#7288=CARTESIAN_POINT('Ctrl Pts',(-0.364920472802913,-0.431443881139134,
0.0703903653061945));
#7289=CARTESIAN_POINT('Ctrl Pts',(-0.377836307185794,-0.438818303940764,
0.0690664931392596));
#7290=CARTESIAN_POINT('Ctrl Pts',(-0.359664382805399,-0.373128904687222,
0.27776523719505));
#7291=CARTESIAN_POINT('Ctrl Pts',(-0.350723687784925,-0.386549587677694,
0.276441365028115));
#7292=CARTESIAN_POINT('Ctrl Pts',(-0.347451251877624,-0.422787988921712,
0.273793620694245));
#7293=CARTESIAN_POINT('Ctrl Pts',(-0.390756897378722,-0.456583572987218,
0.269822004193441));
#7294=CARTESIAN_POINT('Ctrl Pts',(-0.442512518756713,-0.438392376256952,
0.265850387692636));
#7295=CARTESIAN_POINT('Ctrl Pts',(-0.455321681613808,-0.385089391821011,
0.261878771191831));
#7296=CARTESIAN_POINT('Ctrl Pts',(-0.417433579250216,-0.345414590727734,
0.257907154691027));
#7297=CARTESIAN_POINT('Ctrl Pts',(-0.363572896830988,-0.355775789649369,
0.253935538190222));
#7298=CARTESIAN_POINT('Ctrl Pts',(-0.343090199966705,-0.406651664863306,
0.249963921689417));
#7299=CARTESIAN_POINT('Ctrl Pts',(-0.374756132352814,-0.451437161394622,
0.245992305188613));
#7300=CARTESIAN_POINT('Ctrl Pts',(-0.429553407956661,-0.449086933881506,
0.242020688687808));
#7301=CARTESIAN_POINT('Ctrl Pts',(-0.457270238199276,-0.401758240341185,
0.238049072187003));
#7302=CARTESIAN_POINT('Ctrl Pts',(-0.432508682505258,-0.352817780033528,
0.234077455686199));
#7303=CARTESIAN_POINT('Ctrl Pts',(-0.377958563951535,-0.347112023583599,
0.230105839185394));
#7304=CARTESIAN_POINT('Ctrl Pts',(-0.343605601292451,-0.389868813228037,
0.22613422268459));
#7305=CARTESIAN_POINT('Ctrl Pts',(-0.360928397541981,-0.441909176949465,
0.222162606183784));
#7306=CARTESIAN_POINT('Ctrl Pts',(-0.414053578316411,-0.455546957469551,
0.21819098968298));
#7307=CARTESIAN_POINT('Ctrl Pts',(-0.454301079434343,-0.418285547211286,
0.214219373182175));
#7308=CARTESIAN_POINT('Ctrl Pts',(-0.444790997669348,-0.364268572285094,
0.210247756681371));
#7309=CARTESIAN_POINT('Ctrl Pts',(-0.39423768634781,-0.342993299215281,
0.206276140180566));
#7310=CARTESIAN_POINT('Ctrl Pts',(-0.348964542042196,-0.373954840064299,
0.202304523679762));
#7311=CARTESIAN_POINT('Ctrl Pts',(-0.350456600001165,-0.428782283134203,
0.198332907178956));
#7312=CARTESIAN_POINT('Ctrl Pts',(-0.397346645925254,-0.457235723056535,
0.194361290678152));
#7313=CARTESIAN_POINT('Ctrl Pts',(-0.446668033649375,-0.433242486902734,
0.190389674177347));
#7314=CARTESIAN_POINT('Ctrl Pts',(-0.453226211009446,-0.378788240105105,
0.186418057676542));
#7315=CARTESIAN_POINT('Ctrl Pts',(-0.411011738695429,-0.343770915848045,
0.182446441175738));
#7316=CARTESIAN_POINT('Ctrl Pts',(-0.358706905561355,-0.36027785696169,
0.178474824674933));
#7317=CARTESIAN_POINT('Ctrl Pts',(-0.344240077264581,-0.413183296704197,
0.174503208174129));
#7318=CARTESIAN_POINT('Ctrl Pts',(-0.380867608810195,-0.454008516950894,
0.170531591673324));
#7319=CARTESIAN_POINT('Ctrl Pts',(-0.435026679704907,-0.445344238912061,
0.166559975172519));
#7320=CARTESIAN_POINT('Ctrl Pts',(-0.457089834967555,-0.395129780329582,
0.162588358671715));
#7321=CARTESIAN_POINT('Ctrl Pts',(-0.426839994982358,-0.349378038663791,
0.15861674217091));
#7322=CARTESIAN_POINT('Ctrl Pts',(-0.371995925120869,-0.350012600869676,
0.154645125670105));
#7323=CARTESIAN_POINT('Ctrl Pts',(-0.342812763680958,-0.39645199942897,
0.150673509169301));
#7324=CARTESIAN_POINT('Ctrl Pts',(-0.366031849281305,-0.446142529859026,
0.146701892668496));
#7325=CARTESIAN_POINT('Ctrl Pts',(-0.420376890599318,-0.453551382078226,
0.142730276167691));
#7326=CARTESIAN_POINT('Ctrl Pts',(-0.456050024367173,-0.411889624350688,
0.138758659666887));
#7327=CARTESIAN_POINT('Ctrl Pts',(-0.440362968109058,-0.359333069085826,
0.134787043166082));
#7328=CARTESIAN_POINT('Ctrl Pts',(-0.38769021146218,-0.344040758995731,
0.130815426665277));
#7329=CARTESIAN_POINT('Ctrl Pts',(-0.34629724691206,-0.38002542761422,0.126843810164473));
#7330=CARTESIAN_POINT('Ctrl Pts',(-0.354113615713417,-0.434313392255772,
0.122872193663668));
#7331=CARTESIAN_POINT('Ctrl Pts',(-0.403976918795625,-0.457158963158838,
0.118900577162863));
#7332=CARTESIAN_POINT('Ctrl Pts',(-0.45019611779174,-0.427628356408406,
0.114928960662058));
#7333=CARTESIAN_POINT('Ctrl Pts',(-0.450419115211844,-0.372780807988591,
0.110957344161254));
#7334=CARTESIAN_POINT('Ctrl Pts',(-0.404441896666977,-0.342875569554348,
0.106985727660449));
#7335=CARTESIAN_POINT('Ctrl Pts',(-0.354394028781569,-0.365313838273042,
0.103014111159645));
#7336=CARTESIAN_POINT('Ctrl Pts',(-0.346136984110492,-0.419538308641483,
0.0990424946588397));
#7337=CARTESIAN_POINT('Ctrl Pts',(-0.387234535665699,-0.4558547898282,0.0950708781580352));
#7338=CARTESIAN_POINT('Ctrl Pts',(-0.440032499136863,-0.44099872685525,
0.0910992616572305));
#7339=CARTESIAN_POINT('Ctrl Pts',(-0.456141617640115,-0.388557383970526,
0.0871276451564259));
#7340=CARTESIAN_POINT('Ctrl Pts',(-0.420818208028388,-0.3466343648011,0.0831560286556211));
#7341=CARTESIAN_POINT('Ctrl Pts',(-0.366395944903561,-0.353546763738758,
0.0791844121548165));
#7342=CARTESIAN_POINT('Ctrl Pts',(-0.34281002192105,-0.403157495155039,
0.0752127956540118));
#7343=CARTESIAN_POINT('Ctrl Pts',(-0.361964479832539,-0.434093514672857,
0.072565051320142));
#7344=CARTESIAN_POINT('Ctrl Pts',(-0.375968673115693,-0.442089346703856,
0.0712411791532072));
#7345=CARTESIAN_POINT('Ctrl Pts',(-0.356529634013797,-0.371040573345858,
0.279939923208998));
#7346=CARTESIAN_POINT('Ctrl Pts',(-0.346894098183616,-0.385504266775066,
0.278616051042063));
#7347=CARTESIAN_POINT('Ctrl Pts',(-0.343367339540741,-0.424558994938324,
0.275968306708193));
#7348=CARTESIAN_POINT('Ctrl Pts',(-0.390038554465239,-0.460981058370681,
0.271996690207389));
#7349=CARTESIAN_POINT('Ctrl Pts',(-0.445816449031477,-0.4413761028849,0.268025073706583));
#7350=CARTESIAN_POINT('Ctrl Pts',(-0.459621097034964,-0.383930589397196,
0.264053457205779));
#7351=CARTESIAN_POINT('Ctrl Pts',(-0.418788458517942,-0.341172395921843,
0.260081840704974));
#7352=CARTESIAN_POINT('Ctrl Pts',(-0.360741904631471,-0.352338832448805,
0.25611022420417));
#7353=CARTESIAN_POINT('Ctrl Pts',(-0.338667361312124,-0.407168609931774,
0.252138607703365));
#7354=CARTESIAN_POINT('Ctrl Pts',(-0.372794263684222,-0.455434684941797,
0.24816699120256));
#7355=CARTESIAN_POINT('Ctrl Pts',(-0.431850199634174,-0.452901805634333,
0.244195374701755));
#7356=CARTESIAN_POINT('Ctrl Pts',(-0.461721088898394,-0.401894884879393,
0.240223758200951));
#7357=CARTESIAN_POINT('Ctrl Pts',(-0.435035148202021,-0.349150936253465,
0.236252141700146));
#7358=CARTESIAN_POINT('Ctrl Pts',(-0.376245577518607,-0.343001747562241,
0.232280525199342));
#7359=CARTESIAN_POINT('Ctrl Pts',(-0.339222817899086,-0.389081451395003,
0.228308908698537));
#7360=CARTESIAN_POINT('Ctrl Pts',(-0.357891883733346,-0.445166217523942,
0.224337292197732));
#7361=CARTESIAN_POINT('Ctrl Pts',(-0.415145775255719,-0.459863880574132,
0.220365675696927));
#7362=CARTESIAN_POINT('Ctrl Pts',(-0.458521177079516,-0.419706638569522,
0.216394059196123));
#7363=CARTESIAN_POINT('Ctrl Pts',(-0.448272003678039,-0.361491645647002,
0.212422442695318));
#7364=CARTESIAN_POINT('Ctrl Pts',(-0.393789858670577,-0.338562929759522,
0.208450826194514));
#7365=CARTESIAN_POINT('Ctrl Pts',(-0.344998237537909,-0.371930697648388,
0.204479209693709));
#7366=CARTESIAN_POINT('Ctrl Pts',(-0.346606253233718,-0.431019145578609,
0.200507593192904));
#7367=CARTESIAN_POINT('Ctrl Pts',(-0.397140436151907,-0.461683891354602,
0.196535976692099));
#7368=CARTESIAN_POINT('Ctrl Pts',(-0.450294916594616,-0.435825981414433,
0.192564360191295));
#7369=CARTESIAN_POINT('Ctrl Pts',(-0.457362773488172,-0.377139733318225,
0.18859274369049));
#7370=CARTESIAN_POINT('Ctrl Pts',(-0.411867534068595,-0.339400980147102,
0.184621127189686));
#7371=CARTESIAN_POINT('Ctrl Pts',(-0.355497744851887,-0.357190785322536,
0.180649510688881));
#7372=CARTESIAN_POINT('Ctrl Pts',(-0.339906603214304,-0.414207858277494,
0.176677894188076));
#7373=CARTESIAN_POINT('Ctrl Pts',(-0.379380703580176,-0.458205877621769,
0.172706277687272));
#7374=CARTESIAN_POINT('Ctrl Pts',(-0.437748835692977,-0.448868240973314,
0.168734661186467));
#7375=CARTESIAN_POINT('Ctrl Pts',(-0.461526665332984,-0.394751283202514,
0.164763044685662));
#7376=CARTESIAN_POINT('Ctrl Pts',(-0.428925909310424,-0.345443869729134,
0.160791428184857));
#7377=CARTESIAN_POINT('Ctrl Pts',(-0.36981954241018,-0.346127747979905,
0.156819811684053));
#7378=CARTESIAN_POINT('Ctrl Pts',(-0.338368363609396,-0.396176260732597,
0.152848195183248));
#7379=CARTESIAN_POINT('Ctrl Pts',(-0.363391958613346,-0.449728572413407,
0.148876578682444));
#7380=CARTESIAN_POINT('Ctrl Pts',(-0.421960514146583,-0.45771321576106,
0.144904962181639));
#7381=CARTESIAN_POINT('Ctrl Pts',(-0.460406044142613,-0.412813646050569,
0.140933345680834));
#7382=CARTESIAN_POINT('Ctrl Pts',(-0.443499842521935,-0.356172571703913,
0.136961729180029));
#7383=CARTESIAN_POINT('Ctrl Pts',(-0.386733536011854,-0.339691794598563,
0.132990112679225));
#7384=CARTESIAN_POINT('Ctrl Pts',(-0.342123649182392,-0.378473070888227,
0.12901849617842));
#7385=CARTESIAN_POINT('Ctrl Pts',(-0.350547479933236,-0.436980113937272,
0.125046879677615));
#7386=CARTESIAN_POINT('Ctrl Pts',(-0.404285991576854,-0.461601165935282,
0.121075263176811));
#7387=CARTESIAN_POINT('Ctrl Pts',(-0.454097191595362,-0.429775539540558,
0.117103646676006));
#7388=CARTESIAN_POINT('Ctrl Pts',(-0.45433751962652,-0.370665423740113,
0.113132030175202));
#7389=CARTESIAN_POINT('Ctrl Pts',(-0.404787105967779,-0.338436050544472,
0.109160413674397));
#7390=CARTESIAN_POINT('Ctrl Pts',(-0.350849685763906,-0.362618146199352,
0.105188797173592));
#7391=CARTESIAN_POINT('Ctrl Pts',(-0.341950931293769,-0.421056760413483,
0.101217180672787));
#7392=CARTESIAN_POINT('Ctrl Pts',(-0.386242446621837,-0.460195636630529,
0.0972455641719826));
#7393=CARTESIAN_POINT('Ctrl Pts',(-0.44314369061036,-0.44418501030411,0.0932739476711781));
#7394=CARTESIAN_POINT('Ctrl Pts',(-0.460504755737319,-0.387668102257094,
0.0893023311703734));
#7395=CARTESIAN_POINT('Ctrl Pts',(-0.422436129285064,-0.342486966742313,
0.0853307146695688));
#7396=CARTESIAN_POINT('Ctrl Pts',(-0.363784350525365,-0.349936574125608,
0.0813590981687641));
#7397=CARTESIAN_POINT('Ctrl Pts',(-0.338365408769109,-0.403402885081118,
0.0773874816679594));
#7398=CARTESIAN_POINT('Ctrl Pts',(-0.359008486862166,-0.43674314820658,
0.0747397373340896));
#7399=CARTESIAN_POINT('Ctrl Pts',(-0.374101039045592,-0.445360389466948,
0.0734158651671547));
#7400=CARTESIAN_POINT('Ctrl Pts',(-0.353394885222195,-0.368952242004493,
0.282114609222945));
#7401=CARTESIAN_POINT('Ctrl Pts',(-0.343064508582306,-0.384458945872439,
0.28079073705601));
#7402=CARTESIAN_POINT('Ctrl Pts',(-0.339283427203858,-0.426330000954935,
0.27814299272214));
#7403=CARTESIAN_POINT('Ctrl Pts',(-0.389320211551756,-0.465378543754144,
0.274171376221336));
#7404=CARTESIAN_POINT('Ctrl Pts',(-0.449120379306243,-0.444359829512848,
0.270199759720531));
#7405=CARTESIAN_POINT('Ctrl Pts',(-0.46392051245612,-0.382771786973382,
0.266228143219727));
#7406=CARTESIAN_POINT('Ctrl Pts',(-0.420143337785668,-0.336930201115952,
0.262256526718921));
#7407=CARTESIAN_POINT('Ctrl Pts',(-0.357910912431953,-0.34890187524824,
0.258284910218118));
#7408=CARTESIAN_POINT('Ctrl Pts',(-0.334244522657542,-0.407685555000243,
0.254313293717312));
#7409=CARTESIAN_POINT('Ctrl Pts',(-0.37083239501563,-0.459432208488971,
0.250341677216508));
#7410=CARTESIAN_POINT('Ctrl Pts',(-0.434146991311686,-0.45671667738716,
0.246370060715703));
#7411=CARTESIAN_POINT('Ctrl Pts',(-0.466171939597511,-0.402031529417601,
0.242398444214899));
#7412=CARTESIAN_POINT('Ctrl Pts',(-0.437561613898785,-0.345484092473403,
0.238426827714094));
#7413=CARTESIAN_POINT('Ctrl Pts',(-0.374532591085679,-0.338891471540884,
0.234455211213289));
#7414=CARTESIAN_POINT('Ctrl Pts',(-0.334840034505721,-0.388294089561969,
0.230483594712485));
#7415=CARTESIAN_POINT('Ctrl Pts',(-0.35485536992471,-0.448423258098419,
0.22651197821168));
#7416=CARTESIAN_POINT('Ctrl Pts',(-0.416237972195028,-0.464180803678712,
0.222540361710875));
#7417=CARTESIAN_POINT('Ctrl Pts',(-0.462741274724688,-0.421127729927758,
0.21856874521007));
#7418=CARTESIAN_POINT('Ctrl Pts',(-0.45175300968673,-0.358714719008911,
0.214597128709266));
#7419=CARTESIAN_POINT('Ctrl Pts',(-0.393342030993343,-0.334132560303763,
0.210625512208461));
#7420=CARTESIAN_POINT('Ctrl Pts',(-0.341031933033624,-0.369906555232477,
0.206653895707656));
#7421=CARTESIAN_POINT('Ctrl Pts',(-0.342755906466271,-0.433256008023014,
0.202682279206852));
#7422=CARTESIAN_POINT('Ctrl Pts',(-0.39693422637856,-0.466132059652668,
0.198710662706047));
#7423=CARTESIAN_POINT('Ctrl Pts',(-0.453921799539856,-0.438409475926131,
0.194739046205242));
#7424=CARTESIAN_POINT('Ctrl Pts',(-0.461499335966898,-0.375491226531344,
0.190767429704438));
#7425=CARTESIAN_POINT('Ctrl Pts',(-0.412723329441761,-0.33503104444616,
0.186795813203633));
#7426=CARTESIAN_POINT('Ctrl Pts',(-0.352288584142419,-0.354103713683383,
0.182824196702828));
#7427=CARTESIAN_POINT('Ctrl Pts',(-0.335573129164027,-0.415232419850792,
0.178852580202024));
#7428=CARTESIAN_POINT('Ctrl Pts',(-0.377893798350157,-0.462403238292643,
0.174880963701219));
#7429=CARTESIAN_POINT('Ctrl Pts',(-0.440470991681048,-0.452392243034568,
0.170909347200414));
#7430=CARTESIAN_POINT('Ctrl Pts',(-0.465963495698413,-0.394372786075446,
0.16693773069961));
#7431=CARTESIAN_POINT('Ctrl Pts',(-0.431011823638488,-0.341509700794477,
0.162966114198805));
#7432=CARTESIAN_POINT('Ctrl Pts',(-0.36764315969949,-0.342242895090134,
0.158994497698));
#7433=CARTESIAN_POINT('Ctrl Pts',(-0.333923963537833,-0.395900522036224,
0.155022881197196));
#7434=CARTESIAN_POINT('Ctrl Pts',(-0.360752067945386,-0.453314614967788,
0.151051264696391));
#7435=CARTESIAN_POINT('Ctrl Pts',(-0.423544137693848,-0.461875049443893,
0.147079648195586));
#7436=CARTESIAN_POINT('Ctrl Pts',(-0.464762063918053,-0.413737667750451,
0.143108031694782));
#7437=CARTESIAN_POINT('Ctrl Pts',(-0.446636716934813,-0.353012074322,0.139136415193977));
#7438=CARTESIAN_POINT('Ctrl Pts',(-0.385776860561528,-0.335342830201395,
0.135164798693172));
#7439=CARTESIAN_POINT('Ctrl Pts',(-0.337950051452724,-0.376920714162235,
0.131193182192368));
#7440=CARTESIAN_POINT('Ctrl Pts',(-0.346981344153054,-0.439646835618773,
0.127221565691563));
#7441=CARTESIAN_POINT('Ctrl Pts',(-0.404595064358081,-0.466043368711725,
0.123249949190758));
#7442=CARTESIAN_POINT('Ctrl Pts',(-0.457998265398985,-0.431922722672712,
0.119278332689954));
#7443=CARTESIAN_POINT('Ctrl Pts',(-0.458255924041195,-0.368550039491632,
0.115306716189149));
#7444=CARTESIAN_POINT('Ctrl Pts',(-0.405132315268583,-0.333996531534598,
0.111335099688344));
#7445=CARTESIAN_POINT('Ctrl Pts',(-0.347305342746242,-0.359922454125661,
0.10736348318754));
#7446=CARTESIAN_POINT('Ctrl Pts',(-0.337764878477047,-0.422575212185483,
0.103391866686735));
#7447=CARTESIAN_POINT('Ctrl Pts',(-0.385250357577974,-0.464536483432857,
0.0994202501859303));
#7448=CARTESIAN_POINT('Ctrl Pts',(-0.446254882083858,-0.447371293752971,
0.0954486336851258));
#7449=CARTESIAN_POINT('Ctrl Pts',(-0.464867893834521,-0.386778820543661,
0.0914770171843209));
#7450=CARTESIAN_POINT('Ctrl Pts',(-0.424054050541741,-0.338339568683527,
0.0875054006835164));
#7451=CARTESIAN_POINT('Ctrl Pts',(-0.361172756147168,-0.346326384512458,
0.0835337841827116));
#7452=CARTESIAN_POINT('Ctrl Pts',(-0.333920795617169,-0.403648275007197,
0.079562167681907));
#7453=CARTESIAN_POINT('Ctrl Pts',(-0.356052493891792,-0.439392781740302,
0.0769144233480372));
#7454=CARTESIAN_POINT('Ctrl Pts',(-0.372233404975492,-0.448631432230039,
0.0755905511811023));
#7455=CARTESIAN_POINT('Ctrl Pts',(-0.362799131597002,-0.375217236028587,
0.275590551181102));
#7456=CARTESIAN_POINT('Ctrl Pts',(-0.3599703605966,-0.378311270351434,0.275590551181102));
#7457=CARTESIAN_POINT('Ctrl Pts',(-0.357639815419092,-0.381802302046151,
0.275590551181102));
#7458=CARTESIAN_POINT('Ctrl Pts',(-0.355800273483698,-0.385554629122134,
0.275590551181102));
#7459=CARTESIAN_POINT('Ctrl Pts',(-0.354956467116289,-0.387275838852879,
0.275590551181102));
#7460=CARTESIAN_POINT('Ctrl Pts',(-0.354215668901618,-0.389054614262441,
0.275590551181102));
#7461=CARTESIAN_POINT('Ctrl Pts',(-0.353581446220662,-0.390874402397008,
0.275590551181102));
#7462=CARTESIAN_POINT('Ctrl Pts',(-0.352334008187687,-0.394453701906757,
0.275590551181102));
#7463=CARTESIAN_POINT('Ctrl Pts',(-0.351506213043342,-0.398163449007722,
0.275590551181102));
#7464=CARTESIAN_POINT('Ctrl Pts',(-0.351098308361503,-0.401918600905639,
0.275590551181102));
#7465=CARTESIAN_POINT('Ctrl Pts',(-0.350854074475401,-0.404167006922451,
0.275590551181102));
#7466=CARTESIAN_POINT('Ctrl Pts',(-0.350760704507656,-0.406432121861011,
0.275590551181102));
#7467=CARTESIAN_POINT('Ctrl Pts',(-0.350821934657241,-0.408697904173522,
0.275590551181102));
#7468=CARTESIAN_POINT('Ctrl Pts',(-0.350870638547835,-0.410500160326829,
0.275590551181102));
#7469=CARTESIAN_POINT('Ctrl Pts',(-0.351017005338203,-0.412293424588461,
0.275590551181102));
#7470=CARTESIAN_POINT('Ctrl Pts',(-0.351261015455277,-0.414068993761838,
0.275590551181102));
#7471=CARTESIAN_POINT('Ctrl Pts',(-0.351564832639748,-0.416279756305449,
0.275590551181102));
#7472=CARTESIAN_POINT('Ctrl Pts',(-0.35201993930334,-0.418463263862486,
0.275590551181102));
#7473=CARTESIAN_POINT('Ctrl Pts',(-0.35262848338576,-0.420604286781843,
0.275590551181102));
#7474=CARTESIAN_POINT('Ctrl Pts',(-0.353249292208068,-0.422788460378298,
0.275590551181102));
#7475=CARTESIAN_POINT('Ctrl Pts',(-0.354029744473652,-0.424928493937753,
0.275590551181102));
#7476=CARTESIAN_POINT('Ctrl Pts',(-0.354957150910661,-0.427015387367852,
0.275590551181102));
#7477=CARTESIAN_POINT('Ctrl Pts',(-0.355897355060964,-0.429131078812207,
0.275590551181102));
#7478=CARTESIAN_POINT('Ctrl Pts',(-0.356985979814152,-0.431185315464835,
0.275590551181102));
#7479=CARTESIAN_POINT('Ctrl Pts',(-0.358204294222583,-0.433161803228673,
0.275590551181102));
#7480=CARTESIAN_POINT('Ctrl Pts',(-0.359486302659462,-0.435241622666984,
0.275590551181102));
#7481=CARTESIAN_POINT('Ctrl Pts',(-0.360913286331581,-0.437238256403104,
0.275590551181102));
#7482=CARTESIAN_POINT('Ctrl Pts',(-0.362469732366552,-0.43913969433943,
0.275590551181102));
#7483=CARTESIAN_POINT('Ctrl Pts',(-0.365353872507206,-0.442663114589088,
0.275590551181102));
#7484=CARTESIAN_POINT('Ctrl Pts',(-0.368659679208348,-0.44583504252819,
0.275590551181102));
#7485=CARTESIAN_POINT('Ctrl Pts',(-0.372296152395925,-0.448587323688411,
0.275590551181102));
#7486=CARTESIAN_POINT('Ctrl Pts',(-0.444771856134364,-0.400008499871779,
0.235752282590884));
#7487=CARTESIAN_POINT('Ctrl Pts',(-0.444773037938135,-0.400463715494122,
0.235792983784942));
#7488=CARTESIAN_POINT('Ctrl Pts',(-0.444766696515211,-0.400918897263264,
0.235833684978999));
#7489=CARTESIAN_POINT('Ctrl Pts',(-0.444752730514712,-0.40137384485903,
0.235874386173056));
#7490=CARTESIAN_POINT('Ctrl Pts',(-0.444298463759821,-0.416171751244878,
0.237198258339991));
#7491=CARTESIAN_POINT('Ctrl Pts',(-0.435777540019486,-0.430721906686779,
0.238522130506925));
#7492=CARTESIAN_POINT('Ctrl Pts',(-0.42309397560636,-0.438358247027523,
0.23984600267386));
#7493=CARTESIAN_POINT('Ctrl Pts',(-0.410410411193235,-0.445994587368268,
0.241169874840795));
#7494=CARTESIAN_POINT('Ctrl Pts',(-0.39356420610732,-0.446717112607857,
0.24249374700773));
#7495=CARTESIAN_POINT('Ctrl Pts',(-0.380273609831009,-0.440194222218884,
0.243817619174665));
#7496=CARTESIAN_POINT('Ctrl Pts',(-0.366983013554699,-0.43367133182991,
0.2451414913416));
#7497=CARTESIAN_POINT('Ctrl Pts',(-0.357248026087994,-0.419903025812374,
0.246465363508535));
#7498=CARTESIAN_POINT('Ctrl Pts',(-0.355529007422844,-0.405198543979455,
0.24778923567547));
#7499=CARTESIAN_POINT('Ctrl Pts',(-0.353809988757694,-0.390494062146536,
0.249113107842404));
#7500=CARTESIAN_POINT('Ctrl Pts',(-0.3601069388941,-0.374853404498235,0.250436980009339));
#7501=CARTESIAN_POINT('Ctrl Pts',(-0.371534549120967,-0.3654404154547,0.251760852176274));
#7502=CARTESIAN_POINT('Ctrl Pts',(-0.382962159347833,-0.356027426411165,
0.253084724343209));
#7503=CARTESIAN_POINT('Ctrl Pts',(-0.399520429665161,-0.352842105972396,
0.254408596510144));
#7504=CARTESIAN_POINT('Ctrl Pts',(-0.413623492525519,-0.357348013871544,
0.255732468677079));
#7505=CARTESIAN_POINT('Ctrl Pts',(-0.427726555385877,-0.361853921770692,
0.257056340844014));
#7506=CARTESIAN_POINT('Ctrl Pts',(-0.439374410789265,-0.374051058007758,
0.258380213010949));
#7507=CARTESIAN_POINT('Ctrl Pts',(-0.443229392205841,-0.388343035356988,
0.259704085177884));
#7508=CARTESIAN_POINT('Ctrl Pts',(-0.444246807041136,-0.392115004196651,
0.260053484315551));
#7509=CARTESIAN_POINT('Ctrl Pts',(-0.444721410166669,-0.396032888944578,
0.260402883453218));
#7510=CARTESIAN_POINT('Ctrl Pts',(-0.444686406937963,-0.399958960497715,
0.260752282590884));
#7511=CARTESIAN_POINT('Ctrl Pts',(-0.427766595024509,-0.44863143223004,
0.275590551181102));
#7512=CARTESIAN_POINT('Ctrl Pts',(-0.443947506108209,-0.439392781740303,
0.274266679014168));
#7513=CARTESIAN_POINT('Ctrl Pts',(-0.466079196129113,-0.403648256488088,
0.271618934680298));
#7514=CARTESIAN_POINT('Ctrl Pts',(-0.438827249275458,-0.346326393806832,
0.267647318179493));
#7515=CARTESIAN_POINT('Ctrl Pts',(-0.37594594695842,-0.338339561110691,
0.263675701678688));
#7516=CARTESIAN_POINT('Ctrl Pts',(-0.33513210561811,-0.386778824076485,
0.259704085177884));
#7517=CARTESIAN_POINT('Ctrl Pts',(-0.353745116640065,-0.447371292472137,
0.255732468677079));
#7518=CARTESIAN_POINT('Ctrl Pts',(-0.414749642831012,-0.464536486119667,
0.251760852176275));
#7519=CARTESIAN_POINT('Ctrl Pts',(-0.462235122806413,-0.422575211888492,
0.24778923567547));
#7520=CARTESIAN_POINT('Ctrl Pts',(-0.452694658354533,-0.359922453724963,
0.243817619174665));
#7521=CARTESIAN_POINT('Ctrl Pts',(-0.394867684633807,-0.333996529902064,
0.23984600267386));
#7522=CARTESIAN_POINT('Ctrl Pts',(-0.341744074728043,-0.36855003897145,
0.235874386173056));
#7523=CARTESIAN_POINT('Ctrl Pts',(-0.34200173339164,-0.431922723264554,
0.231902769672251));
#7524=CARTESIAN_POINT('Ctrl Pts',(-0.395404935541001,-0.466043370139522,
0.227931153171446));
#7525=CARTESIAN_POINT('Ctrl Pts',(-0.4530186569616,-0.439646836426498,0.223959536670642));
#7526=CARTESIAN_POINT('Ctrl Pts',(-0.462049949846642,-0.376920713691241,
0.219987920169837));
#7527=CARTESIAN_POINT('Ctrl Pts',(-0.414223139737776,-0.335342828838511,
0.216016303669033));
#7528=CARTESIAN_POINT('Ctrl Pts',(-0.353363282086639,-0.353012073340553,
0.212044687168228));
#7529=CARTESIAN_POINT('Ctrl Pts',(-0.335237934724297,-0.413737668036428,
0.208073070667423));
#7530=CARTESIAN_POINT('Ctrl Pts',(-0.376455861812249,-0.461875050742492,
0.204101454166618));
#7531=CARTESIAN_POINT('Ctrl Pts',(-0.439247932877725,-0.453314616085141,
0.200129837665814));
#7532=CARTESIAN_POINT('Ctrl Pts',(-0.466076037847664,-0.395900521950591,
0.196158221165009));
#7533=CARTESIAN_POINT('Ctrl Pts',(-0.432356840979042,-0.34224289387884,
0.192186604664204));
#7534=CARTESIAN_POINT('Ctrl Pts',(-0.368988175711202,-0.341509699568078,
0.1882149881634));
#7535=CARTESIAN_POINT('Ctrl Pts',(-0.334036502918398,-0.394372785957398,
0.184243371662595));
#7536=CARTESIAN_POINT('Ctrl Pts',(-0.359529007470305,-0.452392244133213,
0.18027175516179));
#7537=CARTESIAN_POINT('Ctrl Pts',(-0.422106202113394,-0.462403239601177,
0.176300138660986));
#7538=CARTESIAN_POINT('Ctrl Pts',(-0.464426872186952,-0.415232420170203,
0.172328522160181));
#7539=CARTESIAN_POINT('Ctrl Pts',(-0.447711416858049,-0.354103712720987,
0.168356905659376));
#7540=CARTESIAN_POINT('Ctrl Pts',(-0.387276670291449,-0.335031043083789,
0.164385289158572));
#7541=CARTESIAN_POINT('Ctrl Pts',(-0.338500662743501,-0.375491226017465,
0.160413672657767));
#7542=CARTESIAN_POINT('Ctrl Pts',(-0.346078199329474,-0.438409476731452,
0.156442056156962));
#7543=CARTESIAN_POINT('Ctrl Pts',(-0.40306577368568,-0.466132061039576,
0.152470439656158));
#7544=CARTESIAN_POINT('Ctrl Pts',(-0.457244094734181,-0.433256008720042,
0.148498823155353));
#7545=CARTESIAN_POINT('Ctrl Pts',(-0.458968068202719,-0.369906554602041,
0.144527206654548));
#7546=CARTESIAN_POINT('Ctrl Pts',(-0.406657969146595,-0.334132558921475,
0.140555590153744));
#7547=CARTESIAN_POINT('Ctrl Pts',(-0.348246989227437,-0.358714718145221,
0.136583973652939));
#7548=CARTESIAN_POINT('Ctrl Pts',(-0.337258723960853,-0.421127730367068,
0.132612357152134));
#7549=CARTESIAN_POINT('Ctrl Pts',(-0.38376202746225,-0.46418080503133,0.12864074065133));
#7550=CARTESIAN_POINT('Ctrl Pts',(-0.445144631026156,-0.448423259101435,
0.124669124150525));
#7551=CARTESIAN_POINT('Ctrl Pts',(-0.465159966852635,-0.388294089338936,
0.12069750764972));
#7552=CARTESIAN_POINT('Ctrl Pts',(-0.425467409463494,-0.338891470219068,
0.116725891148916));
#7553=CARTESIAN_POINT('Ctrl Pts',(-0.362438385284932,-0.345484091402633,
0.112754274648111));
#7554=CARTESIAN_POINT('Ctrl Pts',(-0.333828059069087,-0.402031529331538,
0.108782658147306));
#7555=CARTESIAN_POINT('Ctrl Pts',(-0.365853007869947,-0.456716678803129,
0.104811041646502));
#7556=CARTESIAN_POINT('Ctrl Pts',(-0.429167605789152,-0.459432209340199,
0.100839425145697));
#7557=CARTESIAN_POINT('Ctrl Pts',(-0.465755478357026,-0.407685555840556,
0.0968678086448923));
#7558=CARTESIAN_POINT('Ctrl Pts',(-0.442089089136954,-0.348901873029063,
0.0928961921440876));
#7559=CARTESIAN_POINT('Ctrl Pts',(-0.379856660499775,-0.33693020168971,
0.0889245756432829));
#7560=CARTESIAN_POINT('Ctrl Pts',(-0.336079488636558,-0.382771783569483,
0.0849529591424783));
#7561=CARTESIAN_POINT('Ctrl Pts',(-0.350879615067284,-0.444359835164382,
0.0809813426416737));
#7562=CARTESIAN_POINT('Ctrl Pts',(-0.41067979745899,-0.465378537872245,
0.0770097261408688));
#7563=CARTESIAN_POINT('Ctrl Pts',(-0.46071655712298,-0.426330013817023,
0.0730381096400643));
#7564=CARTESIAN_POINT('Ctrl Pts',(-0.456935491417695,-0.38445894587244,
0.0703903653061945));
#7565=CARTESIAN_POINT('Ctrl Pts',(-0.446605114777807,-0.368952242004494,
0.0690664931392596));
#7566=CARTESIAN_POINT('Ctrl Pts',(-0.425898960954408,-0.445360389466948,
0.27776523719505));
#7567=CARTESIAN_POINT('Ctrl Pts',(-0.440991513137835,-0.43674314820658,
0.276441365028115));
#7568=CARTESIAN_POINT('Ctrl Pts',(-0.461634583532333,-0.40340286780764,
0.273793620694245));
#7569=CARTESIAN_POINT('Ctrl Pts',(-0.436215654532525,-0.349936582794824,
0.269822004193441));
#7570=CARTESIAN_POINT('Ctrl Pts',(-0.377563868383241,-0.342486959678842,
0.265850387692636));
#7571=CARTESIAN_POINT('Ctrl Pts',(-0.33949524375213,-0.387668105552293,
0.261878771191832));
#7572=CARTESIAN_POINT('Ctrl Pts',(-0.356856308199395,-0.444185009109428,
0.257907154691026));
#7573=CARTESIAN_POINT('Ctrl Pts',(-0.41375755375964,-0.460195639136618,
0.253935538190222));
#7574=CARTESIAN_POINT('Ctrl Pts',(-0.458049069903363,-0.421056760136468,
0.249963921689417));
#7575=CARTESIAN_POINT('Ctrl Pts',(-0.449150315262829,-0.362618145825605,
0.245992305188613));
#7576=CARTESIAN_POINT('Ctrl Pts',(-0.395212893941176,-0.338436049021747,
0.242020688687808));
#7577=CARTESIAN_POINT('Ctrl Pts',(-0.345662479225502,-0.370665423254917,
0.238049072187003));
#7578=CARTESIAN_POINT('Ctrl Pts',(-0.345902807276608,-0.429775540092593,
0.234077455686199));
#7579=CARTESIAN_POINT('Ctrl Pts',(-0.395714008329017,-0.461601167267041,
0.230105839185394));
#7580=CARTESIAN_POINT('Ctrl Pts',(-0.449452521106444,-0.436980114690669,
0.226134222684589));
#7581=CARTESIAN_POINT('Ctrl Pts',(-0.457876352029576,-0.378473070448913,
0.222162606183785));
#7582=CARTESIAN_POINT('Ctrl Pts',(-0.413266464267319,-0.33969179332735,
0.21819098968298));
#7583=CARTESIAN_POINT('Ctrl Pts',(-0.356500156565335,-0.35617257078848,
0.214219373182175));
#7584=CARTESIAN_POINT('Ctrl Pts',(-0.339593954591055,-0.412813646317311,
0.21024775668137));
#7585=CARTESIAN_POINT('Ctrl Pts',(-0.378039485392735,-0.457713216972312,
0.206276140180566));
#7586=CARTESIAN_POINT('Ctrl Pts',(-0.436608042154401,-0.449728573455605,
0.202304523679761));
#7587=CARTESIAN_POINT('Ctrl Pts',(-0.461631637682911,-0.396176260652724,
0.198332907178957));
#7588=CARTESIAN_POINT('Ctrl Pts',(-0.430180458222714,-0.346127746850084,
0.194361290678152));
#7589=CARTESIAN_POINT('Ctrl Pts',(-0.371074090083008,-0.345443868585225,
0.190389674177347));
#7590=CARTESIAN_POINT('Ctrl Pts',(-0.338473333376863,-0.394751283092406,
0.186418057676543));
#7591=CARTESIAN_POINT('Ctrl Pts',(-0.362251163515457,-0.448868241998063,
0.182446441175738));
#7592=CARTESIAN_POINT('Ctrl Pts',(-0.420619296852196,-0.458205878842289,
0.178474824674933));
#7593=CARTESIAN_POINT('Ctrl Pts',(-0.460093398045806,-0.414207858575421,
0.174503208174129));
#7594=CARTESIAN_POINT('Ctrl Pts',(-0.444502256081287,-0.357190784424874,
0.170531591673324));
#7595=CARTESIAN_POINT('Ctrl Pts',(-0.388132465682561,-0.339400978876367,
0.166559975172519));
#7596=CARTESIAN_POINT('Ctrl Pts',(-0.342637225308967,-0.37713973283891,
0.162588358671714));
#7597=CARTESIAN_POINT('Ctrl Pts',(-0.349705082350766,-0.435825982165586,
0.15861674217091));
#7598=CARTESIAN_POINT('Ctrl Pts',(-0.402859563908013,-0.461683892648224,
0.154645125670105));
#7599=CARTESIAN_POINT('Ctrl Pts',(-0.453393747885989,-0.431019146228753,
0.1506735091693));
#7600=CARTESIAN_POINT('Ctrl Pts',(-0.455001763615274,-0.371930697060356,
0.146701892668496));
#7601=CARTESIAN_POINT('Ctrl Pts',(-0.406210141459949,-0.33856292847021,
0.142730276167691));
#7602=CARTESIAN_POINT('Ctrl Pts',(-0.351727995309162,-0.361491644841406,
0.138758659666887));
#7603=CARTESIAN_POINT('Ctrl Pts',(-0.341478821694439,-0.419706638979283,
0.134787043166082));
#7604=CARTESIAN_POINT('Ctrl Pts',(-0.384854224424611,-0.45986388183577,
0.130815426665277));
#7605=CARTESIAN_POINT('Ctrl Pts',(-0.442108117153564,-0.445166218459494,
0.126843810164472));
#7606=CARTESIAN_POINT('Ctrl Pts',(-0.460777183367904,-0.389081451186972,
0.122872193663668));
#7607=CARTESIAN_POINT('Ctrl Pts',(-0.423754422993628,-0.343001746329333,
0.118900577162863));
#7608=CARTESIAN_POINT('Ctrl Pts',(-0.3649648510366,-0.349150935254718,0.114928960662059));
#7609=CARTESIAN_POINT('Ctrl Pts',(-0.338278909857892,-0.401894884799119,
0.110957344161254));
#7610=CARTESIAN_POINT('Ctrl Pts',(-0.368149799602504,-0.452901806955061,
0.106985727660449));
#7611=CARTESIAN_POINT('Ctrl Pts',(-0.427205737066429,-0.455434685735769,
0.103014111159644));
#7612=CARTESIAN_POINT('Ctrl Pts',(-0.461332639634202,-0.407168610715567,
0.0990424946588399));
#7613=CARTESIAN_POINT('Ctrl Pts',(-0.439258096831909,-0.352338830378894,
0.0950708781580352));
#7614=CARTESIAN_POINT('Ctrl Pts',(-0.381211539882826,-0.34117239645701,
0.0910992616572305));
#7615=CARTESIAN_POINT('Ctrl Pts',(-0.340378903984218,-0.38393058622225,
0.0871276451564259));
#7616=CARTESIAN_POINT('Ctrl Pts',(-0.354183545720497,-0.441376108156301,
0.0831560286556212));
#7617=CARTESIAN_POINT('Ctrl Pts',(-0.409961453939427,-0.460981052884411,
0.0791844121548166));
#7618=CARTESIAN_POINT('Ctrl Pts',(-0.456632645840303,-0.424559006935282,
0.0752127956540118));
#7619=CARTESIAN_POINT('Ctrl Pts',(-0.453105901816386,-0.385504266775067,
0.0725650513201421));
#7620=CARTESIAN_POINT('Ctrl Pts',(-0.443470365986205,-0.371040573345858,
0.0712411791532072));
#7621=CARTESIAN_POINT('Ctrl Pts',(-0.424031326884307,-0.442089346703856,
0.279939923208998));
#7622=CARTESIAN_POINT('Ctrl Pts',(-0.438035520167462,-0.434093514672857,
0.278616051042063));
#7623=CARTESIAN_POINT('Ctrl Pts',(-0.457189970935554,-0.403157479127191,
0.275968306708193));
#7624=CARTESIAN_POINT('Ctrl Pts',(-0.433604059789592,-0.353546771782818,
0.271996690207388));
#7625=CARTESIAN_POINT('Ctrl Pts',(-0.379181789808062,-0.346634358246992,
0.268025073706584));
#7626=CARTESIAN_POINT('Ctrl Pts',(-0.34385838188615,-0.3885573870281,0.264053457205779));
#7627=CARTESIAN_POINT('Ctrl Pts',(-0.359967499758723,-0.440998725746719,
0.260081840704974));
#7628=CARTESIAN_POINT('Ctrl Pts',(-0.412765464688269,-0.455854792153569,
0.256110224204169));
#7629=CARTESIAN_POINT('Ctrl Pts',(-0.453863017000312,-0.419538308384445,
0.252138607703365));
#7630=CARTESIAN_POINT('Ctrl Pts',(-0.445605972171126,-0.365313837926248,
0.24816699120256));
#7631=CARTESIAN_POINT('Ctrl Pts',(-0.395558103248545,-0.342875568141429,
0.244195374701755));
#7632=CARTESIAN_POINT('Ctrl Pts',(-0.349580883722961,-0.372780807538385,
0.240223758200951));
#7633=CARTESIAN_POINT('Ctrl Pts',(-0.349803881161574,-0.427628356920632,
0.236252141700146));
#7634=CARTESIAN_POINT('Ctrl Pts',(-0.396023081117034,-0.457158964394562,
0.232280525199342));
#7635=CARTESIAN_POINT('Ctrl Pts',(-0.445886385251289,-0.434313392954839,
0.228308908698537));
#7636=CARTESIAN_POINT('Ctrl Pts',(-0.453702754212511,-0.380025427206585,
0.224337292197732));
#7637=CARTESIAN_POINT('Ctrl Pts',(-0.412309788796861,-0.344040757816188,
0.220365675696927));
#7638=CARTESIAN_POINT('Ctrl Pts',(-0.359637031044032,-0.359333068236407,
0.216394059196123));
#7639=CARTESIAN_POINT('Ctrl Pts',(-0.343949974457814,-0.411889624598194,
0.212422442695318));
#7640=CARTESIAN_POINT('Ctrl Pts',(-0.379623108973221,-0.453551383202133,
0.208450826194514));
#7641=CARTESIAN_POINT('Ctrl Pts',(-0.433968151431078,-0.446142530826069,
0.204479209693709));
#7642=CARTESIAN_POINT('Ctrl Pts',(-0.457187237518157,-0.396451999354856,
0.200507593192904));
#7643=CARTESIAN_POINT('Ctrl Pts',(-0.428004075466385,-0.350012599821329,
0.196535976692099));
#7644=CARTESIAN_POINT('Ctrl Pts',(-0.373160004454814,-0.349378037602372,
0.192564360191295));
#7645=CARTESIAN_POINT('Ctrl Pts',(-0.342910163835328,-0.395129780227415,
0.18859274369049));
#7646=CARTESIAN_POINT('Ctrl Pts',(-0.364973319560609,-0.445344239862912,
0.184621127189686));
#7647=CARTESIAN_POINT('Ctrl Pts',(-0.419132391590997,-0.454008518083399,
0.180649510688881));
#7648=CARTESIAN_POINT('Ctrl Pts',(-0.45575992390466,-0.413183296980641,
0.176677894188076));
#7649=CARTESIAN_POINT('Ctrl Pts',(-0.441293095304526,-0.360277856128759,
0.172706277687272));
#7650=CARTESIAN_POINT('Ctrl Pts',(-0.388988261073671,-0.343770914668946,
0.168734661186467));
#7651=CARTESIAN_POINT('Ctrl Pts',(-0.346773787874434,-0.378788239660354,
0.164763044685662));
#7652=CARTESIAN_POINT('Ctrl Pts',(-0.353331965372057,-0.433242487599721,
0.160791428184858));
#7653=CARTESIAN_POINT('Ctrl Pts',(-0.402653354130345,-0.457235724256871,
0.156819811684053));
#7654=CARTESIAN_POINT('Ctrl Pts',(-0.449543401037797,-0.428782283737465,
0.152848195183248));
#7655=CARTESIAN_POINT('Ctrl Pts',(-0.451035459027829,-0.373954839518671,
0.148876578682444));
#7656=CARTESIAN_POINT('Ctrl Pts',(-0.405762313773303,-0.342993298018944,
0.144904962181639));
#7657=CARTESIAN_POINT('Ctrl Pts',(-0.355209001390889,-0.36426857153759,
0.140933345680834));
#7658=CARTESIAN_POINT('Ctrl Pts',(-0.345698919428024,-0.418285547591498,
0.136961729180029));
#7659=CARTESIAN_POINT('Ctrl Pts',(-0.385946421386972,-0.455546958640211,
0.132990112679225));
#7660=CARTESIAN_POINT('Ctrl Pts',(-0.43907160328097,-0.441909177817552,
0.12901849617842));
#7661=CARTESIAN_POINT('Ctrl Pts',(-0.456394399883174,-0.389868813035008,
0.125046879677615));
#7662=CARTESIAN_POINT('Ctrl Pts',(-0.422041436523761,-0.347112022439599,
0.121075263176811));
#7663=CARTESIAN_POINT('Ctrl Pts',(-0.367491316788269,-0.352817779106802,
0.117103646676006));
#7664=CARTESIAN_POINT('Ctrl Pts',(-0.342729760646697,-0.4017582402667,0.113132030175201));
#7665=CARTESIAN_POINT('Ctrl Pts',(-0.370446591335061,-0.449086935106993,
0.109160413674397));
#7666=CARTESIAN_POINT('Ctrl Pts',(-0.425243868343706,-0.451437162131339,
0.105188797173592));
#7667=CARTESIAN_POINT('Ctrl Pts',(-0.456909800911379,-0.406651665590577,
0.101217180672787));
#7668=CARTESIAN_POINT('Ctrl Pts',(-0.436427104526864,-0.355775787728725,
0.0972455641719828));
#7669=CARTESIAN_POINT('Ctrl Pts',(-0.382566419265877,-0.345414591224309,
0.0932739476711781));
#7670=CARTESIAN_POINT('Ctrl Pts',(-0.344678319331878,-0.385089388875017,
0.0893023311703735));
#7671=CARTESIAN_POINT('Ctrl Pts',(-0.35748747637371,-0.438392381148221,
0.0853307146695687));
#7672=CARTESIAN_POINT('Ctrl Pts',(-0.409243110419863,-0.456583567896574,
0.0813590981687641));
#7673=CARTESIAN_POINT('Ctrl Pts',(-0.452548734557626,-0.422788000053542,
0.0773874816679594));
#7674=CARTESIAN_POINT('Ctrl Pts',(-0.449276312215077,-0.386549587677695,
0.0747397373340897));
#7675=CARTESIAN_POINT('Ctrl Pts',(-0.440335617194602,-0.373128904687223,
0.0734158651671548));
#7676=CARTESIAN_POINT('Ctrl Pts',(-0.422163692814207,-0.438818303940764,
0.282114609222945));
#7677=CARTESIAN_POINT('Ctrl Pts',(-0.435079527197088,-0.431443881139135,
0.28079073705601));
#7678=CARTESIAN_POINT('Ctrl Pts',(-0.452745358338774,-0.402912090446742,
0.27814299272214));
#7679=CARTESIAN_POINT('Ctrl Pts',(-0.43099246504666,-0.35715696077081,0.274171376221336));
#7680=CARTESIAN_POINT('Ctrl Pts',(-0.380799711232882,-0.350781756815141,
0.270199759720531));
#7681=CARTESIAN_POINT('Ctrl Pts',(-0.34822152002017,-0.389446668503909,
0.266228143219727));
#7682=CARTESIAN_POINT('Ctrl Pts',(-0.363078691318053,-0.437812442384009,
0.262256526718921));
#7683=CARTESIAN_POINT('Ctrl Pts',(-0.411773375616897,-0.45151394517052,
0.258284910218118));
#7684=CARTESIAN_POINT('Ctrl Pts',(-0.449676964097262,-0.418019856632421,
0.254313293717312));
#7685=CARTESIAN_POINT('Ctrl Pts',(-0.442061629079422,-0.36800953002689,
0.250341677216508));
#7686=CARTESIAN_POINT('Ctrl Pts',(-0.395903312555914,-0.347315087261112,
0.246370060715703));
#7687=CARTESIAN_POINT('Ctrl Pts',(-0.35349928822042,-0.374896191821853,
0.242398444214898));
#7688=CARTESIAN_POINT('Ctrl Pts',(-0.353704955046541,-0.425481173748671,
0.238426827714094));
#7689=CARTESIAN_POINT('Ctrl Pts',(-0.396332153905049,-0.452716761522083,
0.234455211213289));
#7690=CARTESIAN_POINT('Ctrl Pts',(-0.442320249396134,-0.431646671219008,
0.230483594712485));
#7691=CARTESIAN_POINT('Ctrl Pts',(-0.449529156395445,-0.381577783964258,
0.22651197821168));
#7692=CARTESIAN_POINT('Ctrl Pts',(-0.411353113326403,-0.348389722305026,
0.222540361710875));
#7693=CARTESIAN_POINT('Ctrl Pts',(-0.362773905522728,-0.362493565684334,
0.21856874521007));
#7694=CARTESIAN_POINT('Ctrl Pts',(-0.348305994324572,-0.410965602879077,
0.214597128709266));
#7695=CARTESIAN_POINT('Ctrl Pts',(-0.381206732553706,-0.449389549431953,
0.210625512208461));
#7696=CARTESIAN_POINT('Ctrl Pts',(-0.431328260707755,-0.442556488196532,
0.206653895707656));
#7697=CARTESIAN_POINT('Ctrl Pts',(-0.452742837353404,-0.39672773805699,
0.202682279206852));
#7698=CARTESIAN_POINT('Ctrl Pts',(-0.425827692710057,-0.353897452792573,
0.198710662706047));
#7699=CARTESIAN_POINT('Ctrl Pts',(-0.37524591882662,-0.35331220661952,0.194739046205242));
#7700=CARTESIAN_POINT('Ctrl Pts',(-0.347346994293793,-0.395508277362422,
0.190767429704438));
#7701=CARTESIAN_POINT('Ctrl Pts',(-0.367695475605761,-0.441820237727762,
0.186795813203633));
#7702=CARTESIAN_POINT('Ctrl Pts',(-0.417645486329799,-0.44981115732451,
0.182824196702829));
#7703=CARTESIAN_POINT('Ctrl Pts',(-0.451426449763513,-0.412158735385859,
0.178852580202024));
#7704=CARTESIAN_POINT('Ctrl Pts',(-0.438083934527765,-0.363364927832645,
0.174880963701219));
#7705=CARTESIAN_POINT('Ctrl Pts',(-0.389844056464782,-0.348140850461524,
0.170909347200414));
#7706=CARTESIAN_POINT('Ctrl Pts',(-0.350910350439901,-0.380436746481798,
0.16693773069961));
#7707=CARTESIAN_POINT('Ctrl Pts',(-0.356958848393348,-0.430658993033856,
0.162966114198805));
#7708=CARTESIAN_POINT('Ctrl Pts',(-0.402447144352677,-0.452787555865519,
0.158994497698));
#7709=CARTESIAN_POINT('Ctrl Pts',(-0.445693054189606,-0.426545421246177,
0.155022881197196));
#7710=CARTESIAN_POINT('Ctrl Pts',(-0.447069154440384,-0.375978981976986,
0.151051264696391));
#7711=CARTESIAN_POINT('Ctrl Pts',(-0.405314486086658,-0.347423667567678,
0.147079648195586));
#7712=CARTESIAN_POINT('Ctrl Pts',(-0.358690007472614,-0.367045498233775,
0.143108031694782));
#7713=CARTESIAN_POINT('Ctrl Pts',(-0.34991901716161,-0.416864456203713,
0.139136415193977));
#7714=CARTESIAN_POINT('Ctrl Pts',(-0.387038618349331,-0.451230035444652,
0.135164798693173));
#7715=CARTESIAN_POINT('Ctrl Pts',(-0.436035089408379,-0.43865213717561,
0.131193182192368));
#7716=CARTESIAN_POINT('Ctrl Pts',(-0.452011616398442,-0.390656174883044,
0.127221565691563));
#7717=CARTESIAN_POINT('Ctrl Pts',(-0.420328450053897,-0.351222298549863,
0.123249949190758));
#7718=CARTESIAN_POINT('Ctrl Pts',(-0.370017782539936,-0.356484622958888,
0.119278332689954));
#7719=CARTESIAN_POINT('Ctrl Pts',(-0.347180611435504,-0.401621595734281,
0.115306716189149));
#7720=CARTESIAN_POINT('Ctrl Pts',(-0.372743383067618,-0.445272063258926,
0.111335099688344));
#7721=CARTESIAN_POINT('Ctrl Pts',(-0.423281999620984,-0.447439638526909,
0.10736348318754));
#7722=CARTESIAN_POINT('Ctrl Pts',(-0.452486962188555,-0.406134720465587,
0.103391866686735));
#7723=CARTESIAN_POINT('Ctrl Pts',(-0.433596112221819,-0.359212745078556,
0.0994202501859303));
#7724=CARTESIAN_POINT('Ctrl Pts',(-0.383921298648928,-0.349656785991608,
0.0954486336851258));
#7725=CARTESIAN_POINT('Ctrl Pts',(-0.348977734679538,-0.386248191527784,
0.091477017184321));
#7726=CARTESIAN_POINT('Ctrl Pts',(-0.360791407026922,-0.43540865414014,
0.0875054006835164));
#7727=CARTESIAN_POINT('Ctrl Pts',(-0.408524766900301,-0.452186082908739,
0.0835337841827117));
#7728=CARTESIAN_POINT('Ctrl Pts',(-0.44846482327495,-0.421016993171802,
0.079562167681907));
#7729=CARTESIAN_POINT('Ctrl Pts',(-0.445446722613767,-0.387594908580322,
0.0769144233480373));
#7730=CARTESIAN_POINT('Ctrl Pts',(-0.437200868403,-0.375217236028587,0.0755905511811024));
#7731=CARTESIAN_POINT('Ctrl Pts',(-0.444653200529404,-0.40003273768841,
0.252928819771321));
#7732=CARTESIAN_POINT('Ctrl Pts',(-0.444588154737218,-0.390321339716473,
0.252066438919716));
#7733=CARTESIAN_POINT('Ctrl Pts',(-0.441475896162485,-0.380571785454527,
0.251204058068112));
#7734=CARTESIAN_POINT('Ctrl Pts',(-0.435637798828477,-0.372895510666849,
0.250341677216508));
#7735=CARTESIAN_POINT('Ctrl Pts',(-0.426675523571586,-0.361111382438298,
0.249017805049573));
#7736=CARTESIAN_POINT('Ctrl Pts',(-0.41128941806375,-0.354213234849705,
0.247693932882638));
#7737=CARTESIAN_POINT('Ctrl Pts',(-0.396529027920583,-0.355361011815532,
0.246370060715703));
#7738=CARTESIAN_POINT('Ctrl Pts',(-0.381768637777416,-0.356508788781359,
0.245046188548768));
#7739=CARTESIAN_POINT('Ctrl Pts',(-0.367633962998918,-0.365702490301606,
0.243722316381833));
#7740=CARTESIAN_POINT('Ctrl Pts',(-0.360600903414023,-0.378730171382866,
0.242398444214899));
#7741=CARTESIAN_POINT('Ctrl Pts',(-0.353567843829127,-0.391757852464126,
0.241074572047964));
#7742=CARTESIAN_POINT('Ctrl Pts',(-0.353636399437835,-0.408619513106398,
0.239750699881029));
#7743=CARTESIAN_POINT('Ctrl Pts',(-0.360775210385273,-0.421589608056437,
0.238426827714094));
#7744=CARTESIAN_POINT('Ctrl Pts',(-0.367914021332711,-0.434559703006475,
0.237102955547159));
#7745=CARTESIAN_POINT('Ctrl Pts',(-0.38212308761888,-0.443638232264279,
0.235779083380224));
#7746=CARTESIAN_POINT('Ctrl Pts',(-0.396892303343812,-0.444665815176002,
0.234455211213289));
#7747=CARTESIAN_POINT('Ctrl Pts',(-0.411661519068744,-0.445693398087724,
0.233131339046354));
#7748=CARTESIAN_POINT('Ctrl Pts',(-0.426990884232439,-0.438670034653366,
0.231807466879419));
#7749=CARTESIAN_POINT('Ctrl Pts',(-0.435857051314171,-0.426813538393729,
0.230483594712485));
#7750=CARTESIAN_POINT('Ctrl Pts',(-0.441560286125487,-0.419186749773027,
0.22963200306543));
#7751=CARTESIAN_POINT('Ctrl Pts',(-0.444589171523103,-0.409560101984511,
0.228780411418375));
#7752=CARTESIAN_POINT('Ctrl Pts',(-0.44465066699261,-0.399968877112811,
0.22792881977132));
#7753=CARTESIAN_POINT('Ctrl Pts',(-0.427766595024509,-0.44863143223004,
0.275590551181102));
#7754=CARTESIAN_POINT('Ctrl Pts',(-0.431316533060449,-0.445981491062611,
0.275590551181102));
#7755=CARTESIAN_POINT('Ctrl Pts',(-0.434500843026305,-0.44289505643999,
0.275590551181102));
#7756=CARTESIAN_POINT('Ctrl Pts',(-0.437279026896217,-0.439465154445302,
0.275590551181102));
#7757=CARTESIAN_POINT('Ctrl Pts',(-0.43882426093899,-0.43755743286396,0.275590551181102));
#7758=CARTESIAN_POINT('Ctrl Pts',(-0.440243370142352,-0.435543080082997,
0.275590551181102));
#7759=CARTESIAN_POINT('Ctrl Pts',(-0.441525249372907,-0.43343687856437,
0.275590551181102));
#7760=CARTESIAN_POINT('Ctrl Pts',(-0.442592772554777,-0.431682876398463,
0.275590551181102));
#7761=CARTESIAN_POINT('Ctrl Pts',(-0.44356077779097,-0.429871880095224,
0.275590551181102));
#7762=CARTESIAN_POINT('Ctrl Pts',(-0.444422078544097,-0.428018073458163,
0.275590551181102));
#7763=CARTESIAN_POINT('Ctrl Pts',(-0.445885936671207,-0.424867362278709,
0.275590551181102));
#7764=CARTESIAN_POINT('Ctrl Pts',(-0.447045140853839,-0.421588392272467,
0.275590551181102));
#7765=CARTESIAN_POINT('Ctrl Pts',(-0.447867414752248,-0.41822619851852,
0.275590551181102));
#7766=CARTESIAN_POINT('Ctrl Pts',(-0.448500454377086,-0.415637764327981,
0.275590551181102));
#7767=CARTESIAN_POINT('Ctrl Pts',(-0.448933126862786,-0.412994773612157,
0.275590551181102));
#7768=CARTESIAN_POINT('Ctrl Pts',(-0.449144297154676,-0.41034948511435,
0.275590551181102));
#7769=CARTESIAN_POINT('Ctrl Pts',(-0.44934892527671,-0.407786149084935,
0.275590551181102));
#7770=CARTESIAN_POINT('Ctrl Pts',(-0.449347548764949,-0.405215838037841,
0.275590551181102));
#7771=CARTESIAN_POINT('Ctrl Pts',(-0.449124714853877,-0.402658447340564,
0.275590551181102));
#7772=CARTESIAN_POINT('Ctrl Pts',(-0.448916765572464,-0.400271882588204,
0.275590551181102));
#7773=CARTESIAN_POINT('Ctrl Pts',(-0.448515773218655,-0.397896485013856,
0.275590551181102));
#7774=CARTESIAN_POINT('Ctrl Pts',(-0.447930197479545,-0.395552918370376,
0.275590551181102));
#7775=CARTESIAN_POINT('Ctrl Pts',(-0.447411416706444,-0.393476675736135,
0.275590551181102));
#7776=CARTESIAN_POINT('Ctrl Pts',(-0.446750070892862,-0.391434991008766,
0.275590551181102));
#7777=CARTESIAN_POINT('Ctrl Pts',(-0.445954529561749,-0.389443543800285,
0.275590551181102));
#7778=CARTESIAN_POINT('Ctrl Pts',(-0.444663752739871,-0.386212393138253,
0.275590551181102));
#7779=CARTESIAN_POINT('Ctrl Pts',(-0.443015309835713,-0.383106613122055,
0.275590551181102));
#7780=CARTESIAN_POINT('Ctrl Pts',(-0.441055857743033,-0.380224675205485,
0.275590551181102));
#7781=CARTESIAN_POINT('Ctrl Pts',(-0.439864344584605,-0.378472212380701,
0.275590551181102));
#7782=CARTESIAN_POINT('Ctrl Pts',(-0.438557150022762,-0.376800435792167,
0.275590551181102));
#7783=CARTESIAN_POINT('Ctrl Pts',(-0.43714031830571,-0.375226284761353,
0.275590551181102));
#7784=CARTESIAN_POINT('Origin',(-0.400000000000001,-0.4,0.0621331076484532));
#7785=CARTESIAN_POINT('',(-0.400000000000001,-0.4,0.0487320815105704));
#7786=CARTESIAN_POINT('',(-0.422303052843722,-0.4,0.0621331076484532));
#7787=CARTESIAN_POINT('Origin',(-0.400000000000001,-0.4,0.175590551181102));
#7788=CARTESIAN_POINT('Origin',(0.399999999999999,-0.4,0.0755905511811024));
#7789=CARTESIAN_POINT('',(0.355299999999999,-0.4,0.0755905511811023));
#7790=CARTESIAN_POINT('Origin',(0.399999999999999,-0.4,0.0755905511811023));
#7791=CARTESIAN_POINT('Origin',(0.399999999999999,-0.4,0.0755905511811023));
#7792=CARTESIAN_POINT('Ctrl Pts',(0.362799131597,-0.375217236028587,0.0755905511811024));
#7793=CARTESIAN_POINT('Ctrl Pts',(0.360509154838024,-0.377721951571058,
0.0755905511811024));
#7794=CARTESIAN_POINT('Ctrl Pts',(0.358542442992725,-0.380491783433866,
0.0755905511811023));
#7795=CARTESIAN_POINT('Ctrl Pts',(0.356896606379563,-0.383455351032107,
0.0755905511811022));
#7796=CARTESIAN_POINT('Ctrl Pts',(0.355837962057376,-0.385361593721208,
0.0755905511811022));
#7797=CARTESIAN_POINT('Ctrl Pts',(0.354914450499184,-0.387345388835656,
0.0755905511811022));
#7798=CARTESIAN_POINT('Ctrl Pts',(0.354129253954868,-0.389381443897981,
0.0755905511811022));
#7799=CARTESIAN_POINT('Ctrl Pts',(0.353288537875898,-0.391561463971883,
0.0755905511811022));
#7800=CARTESIAN_POINT('Ctrl Pts',(0.35260444915859,-0.393806062763316,0.0755905511811023));
#7801=CARTESIAN_POINT('Ctrl Pts',(0.352080307948143,-0.396088656577422,
0.0755905511811023));
#7802=CARTESIAN_POINT('Ctrl Pts',(0.351050246968956,-0.400574491257807,
0.0755905511811023));
#7803=CARTESIAN_POINT('Ctrl Pts',(0.350641329816899,-0.405173744556717,
0.0755905511811023));
#7804=CARTESIAN_POINT('Ctrl Pts',(0.350861163991305,-0.409743317067473,
0.0755905511811023));
#7805=CARTESIAN_POINT('Ctrl Pts',(0.351001171975318,-0.41265358630456,0.0755905511811023));
#7806=CARTESIAN_POINT('Ctrl Pts',(0.351399649028354,-0.415559523613494,
0.0755905511811023));
#7807=CARTESIAN_POINT('Ctrl Pts',(0.352057083095122,-0.418389902547332,
0.0755905511811023));
#7808=CARTESIAN_POINT('Ctrl Pts',(0.352229700691459,-0.419133054192463,
0.0755905511811023));
#7809=CARTESIAN_POINT('Ctrl Pts',(0.352420138643854,-0.419871373687277,
0.0755905511811023));
#7810=CARTESIAN_POINT('Ctrl Pts',(0.352628445795219,-0.420604254696724,
0.0755905511811023));
#7811=CARTESIAN_POINT('Ctrl Pts',(0.353642025888026,-0.424170304141999,
0.0755905511811023));
#7812=CARTESIAN_POINT('Ctrl Pts',(0.355076860586691,-0.427607682032141,
0.0755905511811023));
#7813=CARTESIAN_POINT('Ctrl Pts',(0.356873713607376,-0.430877876588098,
0.0755905511811023));
#7814=CARTESIAN_POINT('Ctrl Pts',(0.357891882208358,-0.432730899277015,
0.0755905511811023));
#7815=CARTESIAN_POINT('Ctrl Pts',(0.359027974580366,-0.434531049112896,
0.0755905511811023));
#7816=CARTESIAN_POINT('Ctrl Pts',(0.360261813891429,-0.436256377504684,
0.0755905511811023));
#7817=CARTESIAN_POINT('Ctrl Pts',(0.363149135703751,-0.440293838667055,
0.0755905511811024));
#7818=CARTESIAN_POINT('Ctrl Pts',(0.366577721501149,-0.443942384078,0.0755905511811024));
#7819=CARTESIAN_POINT('Ctrl Pts',(0.37042854778451,-0.447112760796937,0.0755905511811024));
#7820=CARTESIAN_POINT('Ctrl Pts',(0.37104044730057,-0.447616536308293,0.0755905511811024));
#7821=CARTESIAN_POINT('Ctrl Pts',(0.371663105383913,-0.448108194038084,
0.0755905511811024));
#7822=CARTESIAN_POINT('Ctrl Pts',(0.372296146103566,-0.448587313746852,
0.0755905511811024));
#7823=CARTESIAN_POINT('Ctrl Pts',(0.427766595024508,-0.448631432230039,
0.0755905511811023));
#7824=CARTESIAN_POINT('Ctrl Pts',(0.431160581024841,-0.44609790540988,0.0755905511811023));
#7825=CARTESIAN_POINT('Ctrl Pts',(0.434228379421402,-0.443158853176754,
0.0755905511811023));
#7826=CARTESIAN_POINT('Ctrl Pts',(0.436928805434851,-0.439893085887817,
0.0755905511811023));
#7827=CARTESIAN_POINT('Ctrl Pts',(0.438531498066218,-0.43795486534644,0.0755905511811023));
#7828=CARTESIAN_POINT('Ctrl Pts',(0.440000564497816,-0.435905388974685,
0.0755905511811024));
#7829=CARTESIAN_POINT('Ctrl Pts',(0.441322198677904,-0.433767870699824,
0.0755905511811024));
#7830=CARTESIAN_POINT('Ctrl Pts',(0.442473328218847,-0.43190611464995,0.0755905511811024));
#7831=CARTESIAN_POINT('Ctrl Pts',(0.443513790050433,-0.429976069725349,
0.0755905511811024));
#7832=CARTESIAN_POINT('Ctrl Pts',(0.444435730269784,-0.427988659155379,
0.0755905511811024));
#7833=CARTESIAN_POINT('Ctrl Pts',(0.445339746564563,-0.426039886879303,
0.0755905511811024));
#7834=CARTESIAN_POINT('Ctrl Pts',(0.446125955960786,-0.424044004799806,
0.0755905511811024));
#7835=CARTESIAN_POINT('Ctrl Pts',(0.446787554635944,-0.422014664123197,
0.0755905511811024));
#7836=CARTESIAN_POINT('Ctrl Pts',(0.448085571750451,-0.418033218832704,
0.0755905511811024));
#7837=CARTESIAN_POINT('Ctrl Pts',(0.44890788476372,-0.413918520489217,0.0755905511811024));
#7838=CARTESIAN_POINT('Ctrl Pts',(0.449188149095353,-0.409753301286833,
0.0755905511811024));
#7839=CARTESIAN_POINT('Ctrl Pts',(0.449301410339292,-0.408070040682838,
0.0755905511811024));
#7840=CARTESIAN_POINT('Ctrl Pts',(0.449325281767438,-0.40638101973317,0.0755905511811023));
#7841=CARTESIAN_POINT('Ctrl Pts',(0.449255709090253,-0.404700382302621,
0.0755905511811023));
#7842=CARTESIAN_POINT('Ctrl Pts',(0.449227487456589,-0.404018644358835,
0.0755905511811023));
#7843=CARTESIAN_POINT('Ctrl Pts',(0.449183912709286,-0.403337873530386,
0.0755905511811024));
#7844=CARTESIAN_POINT('Ctrl Pts',(0.449124711348588,-0.402658439046128,
0.0755905511811024));
#7845=CARTESIAN_POINT('Ctrl Pts',(0.448778946816032,-0.398690213585078,
0.0755905511811024));
#7846=CARTESIAN_POINT('Ctrl Pts',(0.447902094038571,-0.394765924440288,
0.0755905511811024));
#7847=CARTESIAN_POINT('Ctrl Pts',(0.446537864627891,-0.390979535191045,
0.0755905511811024));
#7848=CARTESIAN_POINT('Ctrl Pts',(0.445856508685283,-0.38908844649599,0.0755905511811024));
#7849=CARTESIAN_POINT('Ctrl Pts',(0.445055530528163,-0.387239278929096,
0.0755905511811024));
#7850=CARTESIAN_POINT('Ctrl Pts',(0.444144747768691,-0.385450243815804,
0.0755905511811024));
#7851=CARTESIAN_POINT('Ctrl Pts',(0.442265001916704,-0.381757890948676,
0.0755905511811023));
#7852=CARTESIAN_POINT('Ctrl Pts',(0.439915147987457,-0.378309218294088,
0.0755905511811023));
#7853=CARTESIAN_POINT('Ctrl Pts',(0.437140318124366,-0.3752262829668,0.0755905511811023));
#7854=CARTESIAN_POINT('Origin',(0.399999999999999,-0.4,0.329776340632727));
#7855=CARTESIAN_POINT('Ctrl Pts',(0.344017026814839,-0.39994858543253,0.267276340632727));
#7856=CARTESIAN_POINT('Ctrl Pts',(0.343973175498831,-0.395030016188801,
0.26692694149506));
#7857=CARTESIAN_POINT('Ctrl Pts',(0.34682062512429,-0.371524122824246,0.265253670190459));
#7858=CARTESIAN_POINT('Ctrl Pts',(0.379856658748636,-0.336930202274396,
0.262256526718922));
#7859=CARTESIAN_POINT('Ctrl Pts',(0.442089090739812,-0.348901870761842,
0.258284910218117));
#7860=CARTESIAN_POINT('Ctrl Pts',(0.465755479394568,-0.407685556698767,
0.254313293717313));
#7861=CARTESIAN_POINT('Ctrl Pts',(0.429167606611503,-0.459432210210754,
0.250341677216508));
#7862=CARTESIAN_POINT('Ctrl Pts',(0.365853007033586,-0.456716680250222,
0.246370060715703));
#7863=CARTESIAN_POINT('Ctrl Pts',(0.344174848584926,-0.419699498546596,
0.243681615187776));
#7864=CARTESIAN_POINT('Ctrl Pts',(0.343908495984378,-0.400580941060206,
0.242317041826784));
#7865=CARTESIAN_POINT('Ctrl Pts',(0.343909976544589,-0.400010648532507,
0.242276340632727));
#7866=CARTESIAN_POINT('Ctrl Pts',(0.34392262749779,-0.400035568592835,0.271404761729477));
#7867=CARTESIAN_POINT('Ctrl Pts',(0.344001757790991,-0.38250417746911,0.270152280546149));
#7868=CARTESIAN_POINT('Ctrl Pts',(0.36230309427862,-0.346182771033694,0.267575927195887));
#7869=CARTESIAN_POINT('Ctrl Pts',(0.424054037171049,-0.338339609176709,
0.263675701678688));
#7870=CARTESIAN_POINT('Ctrl Pts',(0.464867890930223,-0.38677880163618,0.259704085177884));
#7871=CARTESIAN_POINT('Ctrl Pts',(0.446254875267106,-0.447371300624093,
0.255732468677079));
#7872=CARTESIAN_POINT('Ctrl Pts',(0.385250359763913,-0.464536469073493,
0.251760852176274));
#7873=CARTESIAN_POINT('Ctrl Pts',(0.348075690477727,-0.431686512184793,
0.248651616527074));
#7874=CARTESIAN_POINT('Ctrl Pts',(0.344015029801533,-0.40655169940186,0.246866253044808));
#7875=CARTESIAN_POINT('Ctrl Pts',(0.344058637582945,-0.400041014983155,
0.246404761729477));
#7876=CARTESIAN_POINT('Ctrl Pts',(0.437200868402998,-0.375217236028587,
0.275590551181102));
#7877=CARTESIAN_POINT('Ctrl Pts',(0.445446722613766,-0.387594908580322,
0.274266679014168));
#7878=CARTESIAN_POINT('Ctrl Pts',(0.448464810492056,-0.421017003662235,
0.271618934680298));
#7879=CARTESIAN_POINT('Ctrl Pts',(0.408524774247041,-0.452186078113873,
0.267647318179493));
#7880=CARTESIAN_POINT('Ctrl Pts',(0.360791402439486,-0.435408658748245,
0.263675701678688));
#7881=CARTESIAN_POINT('Ctrl Pts',(0.34897773556911,-0.386248188752631,0.259704085177884));
#7882=CARTESIAN_POINT('Ctrl Pts',(0.383921297251143,-0.349656786458312,
0.255732468677079));
#7883=CARTESIAN_POINT('Ctrl Pts',(0.433596113501243,-0.359212743268827,
0.251760852176274));
#7884=CARTESIAN_POINT('Ctrl Pts',(0.452486963016736,-0.406134721150624,
0.24778923567547));
#7885=CARTESIAN_POINT('Ctrl Pts',(0.423282000277396,-0.447439639221798,
0.243817619174665));
#7886=CARTESIAN_POINT('Ctrl Pts',(0.372743382400023,-0.445272064414017,
0.239846002673861));
#7887=CARTESIAN_POINT('Ctrl Pts',(0.347180610347491,-0.401621595664192,
0.235874386173056));
#7888=CARTESIAN_POINT('Ctrl Pts',(0.370017781873956,-0.356484622085156,
0.231902769672251));
#7889=CARTESIAN_POINT('Ctrl Pts',(0.420328450501949,-0.35122229747142,0.227931153171446));
#7890=CARTESIAN_POINT('Ctrl Pts',(0.452011617506754,-0.390656174701043,
0.223959536670642));
#7891=CARTESIAN_POINT('Ctrl Pts',(0.436035090184194,-0.438652137993998,
0.219987920169837));
#7892=CARTESIAN_POINT('Ctrl Pts',(0.387038618069703,-0.451230036548263,
0.216016303669032));
#7893=CARTESIAN_POINT('Ctrl Pts',(0.34991901608912,-0.416864456562157,0.212044687168228));
#7894=CARTESIAN_POINT('Ctrl Pts',(0.358690006586667,-0.367045497529076,
0.208073070667423));
#7895=CARTESIAN_POINT('Ctrl Pts',(0.405314486200832,-0.347423666439852,
0.204101454166618));
#7896=CARTESIAN_POINT('Ctrl Pts',(0.447069155449131,-0.375978981462602,
0.200129837665814));
#7897=CARTESIAN_POINT('Ctrl Pts',(0.445693055169068,-0.426545421814892,
0.196158221165009));
#7898=CARTESIAN_POINT('Ctrl Pts',(0.40244714440509,-0.452787556997115,0.192186604664204));
#7899=CARTESIAN_POINT('Ctrl Pts',(0.356958847470817,-0.430658993690929,
0.1882149881634));
#7900=CARTESIAN_POINT('Ctrl Pts',(0.350910349387695,-0.380436746062517,
0.184243371662595));
#7901=CARTESIAN_POINT('Ctrl Pts',(0.389844056247102,-0.348140849349948,
0.18027175516179));
#7902=CARTESIAN_POINT('Ctrl Pts',(0.438083935344056,-0.363364927047412,
0.176300138660986));
#7903=CARTESIAN_POINT('Ctrl Pts',(0.451426450865795,-0.41215873564647,0.172328522160181));
#7904=CARTESIAN_POINT('Ctrl Pts',(0.417645486708015,-0.449811158392162,
0.168356905659376));
#7905=CARTESIAN_POINT('Ctrl Pts',(0.367695474913336,-0.441820238624163,
0.164385289158572));
#7906=CARTESIAN_POINT('Ctrl Pts',(0.347346993165229,-0.395508277266106,
0.160413672657767));
#7907=CARTESIAN_POINT('Ctrl Pts',(0.37524591829602,-0.353312205618883,0.156442056156962));
#7908=CARTESIAN_POINT('Ctrl Pts',(0.425827693263679,-0.353897451804262,
0.152470439656158));
#7909=CARTESIAN_POINT('Ctrl Pts',(0.452742838483847,-0.396727737987119,
0.148498823155353));
#7910=CARTESIAN_POINT('Ctrl Pts',(0.431328261379342,-0.442556489108197,
0.144527206654548));
#7911=CARTESIAN_POINT('Ctrl Pts',(0.381206732150722,-0.449389550491497,
0.140555590153744));
#7912=CARTESIAN_POINT('Ctrl Pts',(0.348305993216845,-0.410965603112413,
0.136583973652939));
#7913=CARTESIAN_POINT('Ctrl Pts',(0.362773904724314,-0.362493564883555,
0.132612357152134));
#7914=CARTESIAN_POINT('Ctrl Pts',(0.411353113570607,-0.348389721193038,
0.128640740651329));
#7915=CARTESIAN_POINT('Ctrl Pts',(0.449529157455614,-0.381577783579951,
0.124669124150525));
#7916=CARTESIAN_POINT('Ctrl Pts',(0.442320250305592,-0.431646671878071,
0.12069750764972));
#7917=CARTESIAN_POINT('Ctrl Pts',(0.396332153822708,-0.452716762686992,
0.116725891148916));
#7918=CARTESIAN_POINT('Ctrl Pts',(0.353704954059794,-0.42548117423165,0.112754274648111));
#7919=CARTESIAN_POINT('Ctrl Pts',(0.353499287216218,-0.374896191397282,
0.108782658147306));
#7920=CARTESIAN_POINT('Ctrl Pts',(0.395903312476283,-0.347315085929355,
0.104811041646501));
#7921=CARTESIAN_POINT('Ctrl Pts',(0.442061629977523,-0.368009529699534,
0.100839425145697));
#7922=CARTESIAN_POINT('Ctrl Pts',(0.449676965144533,-0.418019856390796,
0.0968678086448922));
#7923=CARTESIAN_POINT('Ctrl Pts',(0.411773375950412,-0.451513947361595,
0.0928961921440875));
#7924=CARTESIAN_POINT('Ctrl Pts',(0.363078690277268,-0.437812441340756,
0.0889245756432829));
#7925=CARTESIAN_POINT('Ctrl Pts',(0.348221519572767,-0.389446671383605,
0.0849529591424782));
#7926=CARTESIAN_POINT('Ctrl Pts',(0.380799709194791,-0.350781750640566,
0.0809813426416736));
#7927=CARTESIAN_POINT('Ctrl Pts',(0.430992469468265,-0.357156968348062,
0.0770097261408688));
#7928=CARTESIAN_POINT('Ctrl Pts',(0.452745351607216,-0.402912075342515,
0.0730381096400642));
#7929=CARTESIAN_POINT('Ctrl Pts',(0.435079527197087,-0.431443881139134,
0.0703903653061945));
#7930=CARTESIAN_POINT('Ctrl Pts',(0.422163692814205,-0.438818303940764,
0.0690664931392596));
#7931=CARTESIAN_POINT('Ctrl Pts',(0.4403356171946,-0.373128904687223,0.27776523719505));
#7932=CARTESIAN_POINT('Ctrl Pts',(0.449276312215075,-0.386549587677694,
0.276441365028115));
#7933=CARTESIAN_POINT('Ctrl Pts',(0.452548720697576,-0.422788011427956,
0.273793620694245));
#7934=CARTESIAN_POINT('Ctrl Pts',(0.40924311838568,-0.456583562697667,0.269822004193441));
#7935=CARTESIAN_POINT('Ctrl Pts',(0.357487471399711,-0.43839238614463,0.265850387692636));
#7936=CARTESIAN_POINT('Ctrl Pts',(0.34467832029641,-0.385089385866014,0.261878771191831));
#7937=CARTESIAN_POINT('Ctrl Pts',(0.382566417750308,-0.34541459173034,0.257907154691027));
#7938=CARTESIAN_POINT('Ctrl Pts',(0.436427105914099,-0.355775785766499,
0.253935538190222));
#7939=CARTESIAN_POINT('Ctrl Pts',(0.456909801809347,-0.406651666333338,
0.249963921689417));
#7940=CARTESIAN_POINT('Ctrl Pts',(0.425243869055432,-0.451437162884784,
0.245992305188613));
#7941=CARTESIAN_POINT('Ctrl Pts',(0.370446590611211,-0.449086936359417,
0.242020688687808));
#7942=CARTESIAN_POINT('Ctrl Pts',(0.342729759467003,-0.401758240190706,
0.238049072187003));
#7943=CARTESIAN_POINT('Ctrl Pts',(0.367491316066168,-0.352817778159445,
0.234077455686199));
#7944=CARTESIAN_POINT('Ctrl Pts',(0.422041437009571,-0.34711202127028,0.230105839185394));
#7945=CARTESIAN_POINT('Ctrl Pts',(0.456394401084876,-0.38986881283767,0.226134222684589));
#7946=CARTESIAN_POINT('Ctrl Pts',(0.439071604122162,-0.441909178704902,
0.222162606183785));
#7947=CARTESIAN_POINT('Ctrl Pts',(0.385946421083779,-0.45554695983682,0.21819098968298));
#7948=CARTESIAN_POINT('Ctrl Pts',(0.345698918265162,-0.418285547980146,
0.214219373182175));
#7949=CARTESIAN_POINT('Ctrl Pts',(0.355209000430285,-0.36426857077351,0.210247756681371));
#7950=CARTESIAN_POINT('Ctrl Pts',(0.405762313897099,-0.342993296796081,
0.206276140180566));
#7951=CARTESIAN_POINT('Ctrl Pts',(0.451035460121578,-0.373954838960942,
0.202304523679761));
#7952=CARTESIAN_POINT('Ctrl Pts',(0.449543402099796,-0.428782284354104,
0.198332907178957));
#7953=CARTESIAN_POINT('Ctrl Pts',(0.402653354187174,-0.457235725483823,
0.194361290678152));
#7954=CARTESIAN_POINT('Ctrl Pts',(0.353331964371789,-0.433242488312163,
0.190389674177348));
#7955=CARTESIAN_POINT('Ctrl Pts',(0.346773786733563,-0.378788239205742,
0.186418057676542));
#7956=CARTESIAN_POINT('Ctrl Pts',(0.388988260837649,-0.343770913463702,
0.182446441175738));
#7957=CARTESIAN_POINT('Ctrl Pts',(0.441293096189602,-0.360277855277358,
0.178474824674933));
#7958=CARTESIAN_POINT('Ctrl Pts',(0.455759925099826,-0.413183297263212,
0.174503208174129));
#7959=CARTESIAN_POINT('Ctrl Pts',(0.419132392001084,-0.454008519241017,
0.170531591673324));
#7960=CARTESIAN_POINT('Ctrl Pts',(0.364973318809837,-0.445344240834849,
0.16655997517252));
#7961=CARTESIAN_POINT('Ctrl Pts',(0.342910162611665,-0.395129780122982,
0.162588358671714));
#7962=CARTESIAN_POINT('Ctrl Pts',(0.373160003879503,-0.349378036517417,
0.15861674217091));
#7963=CARTESIAN_POINT('Ctrl Pts',(0.428004076066659,-0.350012598749736,
0.154645125670105));
#7964=CARTESIAN_POINT('Ctrl Pts',(0.457187238743858,-0.396451999279098,
0.150673509169301));
#7965=CARTESIAN_POINT('Ctrl Pts',(0.433968152159257,-0.446142531814555,
0.146701892668496));
#7966=CARTESIAN_POINT('Ctrl Pts',(0.37962310853628,-0.453551384350959,0.142730276167691));
#7967=CARTESIAN_POINT('Ctrl Pts',(0.343949973256743,-0.411889624851192,
0.138758659666886));
#7968=CARTESIAN_POINT('Ctrl Pts',(0.359637030178339,-0.359333067368149,
0.134787043166082));
#7969=CARTESIAN_POINT('Ctrl Pts',(0.412309789061643,-0.344040756610498,
0.130815426665277));
#7970=CARTESIAN_POINT('Ctrl Pts',(0.453702755362015,-0.380025426789894,
0.126843810164473));
#7971=CARTESIAN_POINT('Ctrl Pts',(0.445886386237384,-0.434313393669437,
0.122872193663668));
#7972=CARTESIAN_POINT('Ctrl Pts',(0.396023081027753,-0.457158965657633,
0.118900577162863));
#7973=CARTESIAN_POINT('Ctrl Pts',(0.349803880091678,-0.42762835744431,0.114928960662059));
#7974=CARTESIAN_POINT('Ctrl Pts',(0.349580882634139,-0.372780807078037,
0.110957344161254));
#7975=CARTESIAN_POINT('Ctrl Pts',(0.395558103162203,-0.342875566697452,
0.106985727660449));
#7976=CARTESIAN_POINT('Ctrl Pts',(0.445605973144906,-0.365313837571307,
0.103014111159644));
#7977=CARTESIAN_POINT('Ctrl Pts',(0.453863018135833,-0.41953830812246,0.0990424946588399));
#7978=CARTESIAN_POINT('Ctrl Pts',(0.412765465049888,-0.455854794529276,
0.0950708781580351));
#7979=CARTESIAN_POINT('Ctrl Pts',(0.359967498630236,-0.440998724615555,
0.0910992616572305));
#7980=CARTESIAN_POINT('Ctrl Pts',(0.343858381401046,-0.388557390150457,
0.0871276451564258));
#7981=CARTESIAN_POINT('Ctrl Pts',(0.379181787598229,-0.346634351552112,
0.0831560286556211));
#7982=CARTESIAN_POINT('Ctrl Pts',(0.433604064583786,-0.35354677999857,0.0791844121548165));
#7983=CARTESIAN_POINT('Ctrl Pts',(0.457189963636757,-0.403157462750198,
0.0752127956540117));
#7984=CARTESIAN_POINT('Ctrl Pts',(0.43803552016746,-0.434093514672857,0.072565051320142));
#7985=CARTESIAN_POINT('Ctrl Pts',(0.424031326884306,-0.442089346703855,
0.0712411791532072));
#7986=CARTESIAN_POINT('Ctrl Pts',(0.443470365986203,-0.371040573345858,
0.279939923208998));
#7987=CARTESIAN_POINT('Ctrl Pts',(0.453105901816384,-0.385504266775067,
0.278616051042063));
#7988=CARTESIAN_POINT('Ctrl Pts',(0.456632630903097,-0.424559019193678,
0.275968306708193));
#7989=CARTESIAN_POINT('Ctrl Pts',(0.409961462524319,-0.460981047281461,
0.271996690207388));
#7990=CARTESIAN_POINT('Ctrl Pts',(0.354183540359936,-0.441376113541014,
0.268025073706584));
#7991=CARTESIAN_POINT('Ctrl Pts',(0.34037890502371,-0.383930582979398,0.264053457205779));
#7992=CARTESIAN_POINT('Ctrl Pts',(0.381211538249472,-0.341172397002368,
0.260081840704974));
#7993=CARTESIAN_POINT('Ctrl Pts',(0.439258098326956,-0.352338828264171,
0.25611022420417));
#7994=CARTESIAN_POINT('Ctrl Pts',(0.461332640601957,-0.407168611516053,
0.252138607703365));
#7995=CARTESIAN_POINT('Ctrl Pts',(0.427205737833468,-0.45543468654777,0.24816699120256));
#7996=CARTESIAN_POINT('Ctrl Pts',(0.368149798822398,-0.452901808304819,
0.244195374701756));
#7997=CARTESIAN_POINT('Ctrl Pts',(0.338278908586516,-0.401894884717219,
0.240223758200951));
#7998=CARTESIAN_POINT('Ctrl Pts',(0.364964850258381,-0.349150934233734,
0.236252141700146));
#7999=CARTESIAN_POINT('Ctrl Pts',(0.423754423517191,-0.343001745069139,
0.232280525199342));
#8000=CARTESIAN_POINT('Ctrl Pts',(0.460777184663,-0.389081450974298,0.228308908698537));
#8001=CARTESIAN_POINT('Ctrl Pts',(0.442108118060129,-0.445166219415806,
0.224337292197732));
#8002=CARTESIAN_POINT('Ctrl Pts',(0.384854224097856,-0.459863883125376,
0.220365675696928));
#8003=CARTESIAN_POINT('Ctrl Pts',(0.341478820441202,-0.419706639398136,
0.216394059196123));
#8004=CARTESIAN_POINT('Ctrl Pts',(0.351727994273905,-0.361491644017943,
0.212422442695318));
#8005=CARTESIAN_POINT('Ctrl Pts',(0.406210141593366,-0.33856292715231,0.208450826194513));
#8006=CARTESIAN_POINT('Ctrl Pts',(0.455001764794024,-0.371930696459282,
0.204479209693709));
#8007=CARTESIAN_POINT('Ctrl Pts',(0.453393749030524,-0.431019146893315,
0.200507593192904));
#8008=CARTESIAN_POINT('Ctrl Pts',(0.402859563969258,-0.46168389397053,0.1965359766921));
#8009=CARTESIAN_POINT('Ctrl Pts',(0.34970508127276,-0.435825982933397,0.192564360191295));
#8010=CARTESIAN_POINT('Ctrl Pts',(0.342637224079432,-0.377139732348966,
0.18859274369049));
#8011=CARTESIAN_POINT('Ctrl Pts',(0.388132465428195,-0.339400977577457,
0.184621127189686));
#8012=CARTESIAN_POINT('Ctrl Pts',(0.444502257035151,-0.357190783507304,
0.180649510688881));
#8013=CARTESIAN_POINT('Ctrl Pts',(0.460093399333855,-0.414207858879954,
0.176677894188076));
#8014=CARTESIAN_POINT('Ctrl Pts',(0.420619297294154,-0.458205880089872,
0.172706277687271));
#8015=CARTESIAN_POINT('Ctrl Pts',(0.362251162706337,-0.448868243045535,
0.168734661186467));
#8016=CARTESIAN_POINT('Ctrl Pts',(0.338473332058101,-0.394751282979858,
0.164763044685662));
#8017=CARTESIAN_POINT('Ctrl Pts',(0.371074089462985,-0.345443867415951,
0.160791428184858));
#8018=CARTESIAN_POINT('Ctrl Pts',(0.430180458869639,-0.346127745695211,
0.156819811684053));
#8019=CARTESIAN_POINT('Ctrl Pts',(0.461631639003869,-0.396176260571078,
0.152848195183248));
#8020=CARTESIAN_POINT('Ctrl Pts',(0.436608042939172,-0.449728574520913,
0.148876578682443));
#8021=CARTESIAN_POINT('Ctrl Pts',(0.378039484921836,-0.457713218210422,
0.144904962181639));
#8022=CARTESIAN_POINT('Ctrl Pts',(0.339593953296642,-0.412813646589971,
0.140933345680834));
#8023=CARTESIAN_POINT('Ctrl Pts',(0.356500155632363,-0.356172569852744,
0.13696172918003));
#8024=CARTESIAN_POINT('Ctrl Pts',(0.413266464552679,-0.339691792027957,
0.132990112679225));
#8025=CARTESIAN_POINT('Ctrl Pts',(0.457876353268417,-0.378473069999838,
0.12901849617842));
#8026=CARTESIAN_POINT('Ctrl Pts',(0.449452522169175,-0.436980115460803,
0.125046879677615));
#8027=CARTESIAN_POINT('Ctrl Pts',(0.395714008232799,-0.461601168628274,
0.121075263176811));
#8028=CARTESIAN_POINT('Ctrl Pts',(0.345902806123562,-0.429775540656969,
0.117103646676006));
#8029=CARTESIAN_POINT('Ctrl Pts',(0.345662478052061,-0.370665422758792,
0.113132030175202));
#8030=CARTESIAN_POINT('Ctrl Pts',(0.395212893848124,-0.338436047465548,
0.109160413674397));
#8031=CARTESIAN_POINT('Ctrl Pts',(0.44915031631229,-0.36261814544308,0.105188797173592));
#8032=CARTESIAN_POINT('Ctrl Pts',(0.458049071127131,-0.421056759854123,
0.101217180672787));
#8033=CARTESIAN_POINT('Ctrl Pts',(0.413757554149364,-0.460195641696957,
0.0972455641719828));
#8034=CARTESIAN_POINT('Ctrl Pts',(0.356856306983205,-0.444185007890354,
0.093273947671178));
#8035=CARTESIAN_POINT('Ctrl Pts',(0.339495243229325,-0.387668108917307,
0.0893023311703735));
#8036=CARTESIAN_POINT('Ctrl Pts',(0.377563866001669,-0.342486952463659,
0.0853307146695687));
#8037=CARTESIAN_POINT('Ctrl Pts',(0.436215659699306,-0.349936591649078,
0.0813590981687641));
#8038=CARTESIAN_POINT('Ctrl Pts',(0.4616345756663,-0.403402850157883,0.0773874816679593));
#8039=CARTESIAN_POINT('Ctrl Pts',(0.440991513137834,-0.43674314820658,0.0747397373340896));
#8040=CARTESIAN_POINT('Ctrl Pts',(0.425898960954407,-0.445360389466947,
0.0734158651671547));
#8041=CARTESIAN_POINT('Ctrl Pts',(0.446605114777805,-0.368952242004494,
0.282114609222945));
#8042=CARTESIAN_POINT('Ctrl Pts',(0.456935491417693,-0.384458945872439,
0.28079073705601));
#8043=CARTESIAN_POINT('Ctrl Pts',(0.460716541108617,-0.4263300269594,0.27814299272214));
#8044=CARTESIAN_POINT('Ctrl Pts',(0.410679806662959,-0.465378531865254,
0.274171376221336));
#8045=CARTESIAN_POINT('Ctrl Pts',(0.350879609320162,-0.4443598409374,0.270199759720531));
#8046=CARTESIAN_POINT('Ctrl Pts',(0.33607948975101,-0.382771780092781,0.266228143219727));
#8047=CARTESIAN_POINT('Ctrl Pts',(0.379856658748636,-0.336930202274396,
0.262256526718922));
#8048=CARTESIAN_POINT('Ctrl Pts',(0.442089090739812,-0.348901870761842,
0.258284910218117));
#8049=CARTESIAN_POINT('Ctrl Pts',(0.465755479394568,-0.407685556698767,
0.254313293717313));
#8050=CARTESIAN_POINT('Ctrl Pts',(0.429167606611503,-0.459432210210754,
0.250341677216508));
#8051=CARTESIAN_POINT('Ctrl Pts',(0.365853007033586,-0.456716680250222,
0.246370060715703));
#8052=CARTESIAN_POINT('Ctrl Pts',(0.333828057706029,-0.402031529243731,
0.242398444214898));
#8053=CARTESIAN_POINT('Ctrl Pts',(0.362438384450594,-0.345484090308024,
0.238426827714094));
#8054=CARTESIAN_POINT('Ctrl Pts',(0.425467410024813,-0.338891468867998,
0.234455211213289));
#8055=CARTESIAN_POINT('Ctrl Pts',(0.465159968241123,-0.388294089110925,
0.230483594712485));
#8056=CARTESIAN_POINT('Ctrl Pts',(0.445144631998096,-0.44842326012671,0.22651197821168));
#8057=CARTESIAN_POINT('Ctrl Pts',(0.383762027111932,-0.464180806413931,
0.222540361710875));
#8058=CARTESIAN_POINT('Ctrl Pts',(0.337258722617243,-0.421127730816126,
0.218568745210071));
#8059=CARTESIAN_POINT('Ctrl Pts',(0.348246988117524,-0.358714717262376,
0.214597128709266));
#8060=CARTESIAN_POINT('Ctrl Pts',(0.406657969289633,-0.33413255750854,0.210625512208461));
#8061=CARTESIAN_POINT('Ctrl Pts',(0.458968069466473,-0.369906553957622,
0.206653895707656));
#8062=CARTESIAN_POINT('Ctrl Pts',(0.457244095961249,-0.433256009432528,
0.202682279206852));
#8063=CARTESIAN_POINT('Ctrl Pts',(0.403065773751343,-0.466132062457236,
0.198710662706047));
#8064=CARTESIAN_POINT('Ctrl Pts',(0.346078198173731,-0.438409477554632,
0.194739046205242));
#8065=CARTESIAN_POINT('Ctrl Pts',(0.3385006614253,-0.375491225492191,0.190767429704438));
#8066=CARTESIAN_POINT('Ctrl Pts',(0.387276670018742,-0.33503104169121,0.186795813203633));
#8067=CARTESIAN_POINT('Ctrl Pts',(0.447711417880697,-0.35410371173725,0.182824196702828));
#8068=CARTESIAN_POINT('Ctrl Pts',(0.464426873567886,-0.415232420496696,
0.178852580202024));
#8069=CARTESIAN_POINT('Ctrl Pts',(0.422106202587223,-0.462403240938726,
0.174880963701219));
#8070=CARTESIAN_POINT('Ctrl Pts',(0.359529006602837,-0.452392245256222,
0.170909347200415));
#8071=CARTESIAN_POINT('Ctrl Pts',(0.334036501504537,-0.394372785836733,
0.166937730699609));
#8072=CARTESIAN_POINT('Ctrl Pts',(0.368988175046468,-0.341509698314485,
0.162966114198805));
#8073=CARTESIAN_POINT('Ctrl Pts',(0.432356841672618,-0.342242892640686,
0.158994497698));
#8074=CARTESIAN_POINT('Ctrl Pts',(0.46607603926388,-0.395900521863057,0.155022881197196));
#8075=CARTESIAN_POINT('Ctrl Pts',(0.439247933719086,-0.453314617227271,
0.151051264696391));
#8076=CARTESIAN_POINT('Ctrl Pts',(0.376455861307393,-0.461875052069885,
0.147079648195586));
#8077=CARTESIAN_POINT('Ctrl Pts',(0.33523793333654,-0.41373766832875,0.143108031694782));
#8078=CARTESIAN_POINT('Ctrl Pts',(0.353363281086389,-0.353012072337339,
0.139136415193977));
#8079=CARTESIAN_POINT('Ctrl Pts',(0.414223140043714,-0.335342827445417,
0.135164798693172));
#8080=CARTESIAN_POINT('Ctrl Pts',(0.462049951174818,-0.376920713209782,
0.131193182192368));
#8081=CARTESIAN_POINT('Ctrl Pts',(0.453018658100966,-0.43964683725217,0.127221565691563));
#8082=CARTESIAN_POINT('Ctrl Pts',(0.395404935437845,-0.466043371598916,
0.123249949190758));
#8083=CARTESIAN_POINT('Ctrl Pts',(0.342001732155447,-0.431922723869629,
0.119278332689954));
#8084=CARTESIAN_POINT('Ctrl Pts',(0.341744073469982,-0.368550038439547,
0.115306716189149));
#8085=CARTESIAN_POINT('Ctrl Pts',(0.394867684534046,-0.333996528233644,
0.111335099688344));
#8086=CARTESIAN_POINT('Ctrl Pts',(0.452694659479671,-0.359922453314853,
0.10736348318754));
#8087=CARTESIAN_POINT('Ctrl Pts',(0.462235124118431,-0.422575211585786,
0.103391866686735));
#8088=CARTESIAN_POINT('Ctrl Pts',(0.414749643248839,-0.464536488864638,
0.0994202501859305));
#8089=CARTESIAN_POINT('Ctrl Pts',(0.353745115336174,-0.447371291165153,
0.0954486336851256));
#8090=CARTESIAN_POINT('Ctrl Pts',(0.335132105057605,-0.386778827684158,
0.091477017184321));
#8091=CARTESIAN_POINT('Ctrl Pts',(0.375945944405107,-0.338339553375206,
0.0875054006835164));
#8092=CARTESIAN_POINT('Ctrl Pts',(0.438827254814828,-0.346326403299585,
0.0835337841827116));
#8093=CARTESIAN_POINT('Ctrl Pts',(0.466079187695841,-0.403648237565567,
0.079562167681907));
#8094=CARTESIAN_POINT('Ctrl Pts',(0.443947506108207,-0.439392781740302,
0.0769144233480372));
#8095=CARTESIAN_POINT('Ctrl Pts',(0.427766595024508,-0.448631432230039,
0.0755905511811023));
#8096=CARTESIAN_POINT('Ctrl Pts',(0.437200868402998,-0.375217236028587,
0.275590551181102));
#8097=CARTESIAN_POINT('Ctrl Pts',(0.440029637861388,-0.378311268664824,
0.275590551181102));
#8098=CARTESIAN_POINT('Ctrl Pts',(0.4423601810651,-0.38180229904222,0.275590551181102));
#8099=CARTESIAN_POINT('Ctrl Pts',(0.444199721117865,-0.385554624955785,
0.275590551181102));
#8100=CARTESIAN_POINT('Ctrl Pts',(0.445043527472194,-0.387275835888169,
0.275590551181102));
#8101=CARTESIAN_POINT('Ctrl Pts',(0.445784325479638,-0.389054612634278,
0.275590551181102));
#8102=CARTESIAN_POINT('Ctrl Pts',(0.446418547818514,-0.390874402220986,
0.275590551181102));
#8103=CARTESIAN_POINT('Ctrl Pts',(0.447665983072951,-0.394453698544947,
0.275590551181102));
#8104=CARTESIAN_POINT('Ctrl Pts',(0.448493776291195,-0.398163442326891,
0.275590551181102));
#8105=CARTESIAN_POINT('Ctrl Pts',(0.448901680260711,-0.401918590793256,
0.275590551181102));
#8106=CARTESIAN_POINT('Ctrl Pts',(0.449145907424769,-0.404166936798919,
0.275590551181102));
#8107=CARTESIAN_POINT('Ctrl Pts',(0.449239278870307,-0.406431990826411,
0.275590551181102));
#8108=CARTESIAN_POINT('Ctrl Pts',(0.449178058823287,-0.408697712558335,
0.275590551181102));
#8109=CARTESIAN_POINT('Ctrl Pts',(0.449129360101466,-0.410500026632167,
0.275590551181102));
#8110=CARTESIAN_POINT('Ctrl Pts',(0.448982992291945,-0.412293349910091,
0.275590551181102));
#8111=CARTESIAN_POINT('Ctrl Pts',(0.448738975077342,-0.414068976216338,
0.275590551181102));
#8112=CARTESIAN_POINT('Ctrl Pts',(0.448435157416558,-0.416279749057379,
0.275590551181102));
#8113=CARTESIAN_POINT('Ctrl Pts',(0.447980049151801,-0.418463266595893,
0.275590551181102));
#8114=CARTESIAN_POINT('Ctrl Pts',(0.447371502385236,-0.420604298928513,
0.275590551181102));
#8115=CARTESIAN_POINT('Ctrl Pts',(0.446750693393684,-0.422788473089519,
0.275590551181102));
#8116=CARTESIAN_POINT('Ctrl Pts',(0.445970241151305,-0.424928506988951,
0.275590551181102));
#8117=CARTESIAN_POINT('Ctrl Pts',(0.445042834879559,-0.427015400574169,
0.275590551181102));
#8118=CARTESIAN_POINT('Ctrl Pts',(0.444102631172903,-0.429131091554483,
0.275590551181102));
#8119=CARTESIAN_POINT('Ctrl Pts',(0.443014007100866,-0.431185327578968,
0.275590551181102));
#8120=CARTESIAN_POINT('Ctrl Pts',(0.441795693537907,-0.433161814614815,
0.275590551181102));
#8121=CARTESIAN_POINT('Ctrl Pts',(0.440513685948321,-0.435241633355829,
0.275590551181102));
#8122=CARTESIAN_POINT('Ctrl Pts',(0.439086703297218,-0.437238266275372,
0.275590551181102));
#8123=CARTESIAN_POINT('Ctrl Pts',(0.437530258389479,-0.439139703326859,
0.275590551181102));
#8124=CARTESIAN_POINT('Ctrl Pts',(0.434646120336283,-0.442663121938517,
0.275590551181102));
#8125=CARTESIAN_POINT('Ctrl Pts',(0.431340316061702,-0.445835048028739,
0.275590551181102));
#8126=CARTESIAN_POINT('Ctrl Pts',(0.427703845211509,-0.448587327462946,
0.275590551181102));
#8127=CARTESIAN_POINT('Ctrl Pts',(0.355228141991841,-0.400008499810768,
0.235752282590884));
#8128=CARTESIAN_POINT('Ctrl Pts',(0.35522696018753,-0.400463715453414,0.235792983784942));
#8129=CARTESIAN_POINT('Ctrl Pts',(0.355233301610174,-0.40091889724299,0.235833684978999));
#8130=CARTESIAN_POINT('Ctrl Pts',(0.355247267610657,-0.401373844859323,
0.235874386173056));
#8131=CARTESIAN_POINT('Ctrl Pts',(0.355701534365001,-0.416171751914134,
0.237198258339991));
#8132=CARTESIAN_POINT('Ctrl Pts',(0.364222458382512,-0.430721908164075,
0.238522130506926));
#8133=CARTESIAN_POINT('Ctrl Pts',(0.37690602337083,-0.43835824875701,0.239846002673861));
#8134=CARTESIAN_POINT('Ctrl Pts',(0.389589588359147,-0.445994589349944,
0.241169874840795));
#8135=CARTESIAN_POINT('Ctrl Pts',(0.406435794318272,-0.446717114285871,
0.24249374700773));
#8136=CARTESIAN_POINT('Ctrl Pts',(0.419726391087724,-0.440194223741972,
0.243817619174665));
#8137=CARTESIAN_POINT('Ctrl Pts',(0.433016987857176,-0.433671333198074,
0.2451414913416));
#8138=CARTESIAN_POINT('Ctrl Pts',(0.442751975436956,-0.419903027174349,
0.246465363508535));
#8139=CARTESIAN_POINT('Ctrl Pts',(0.444470994307597,-0.40519854451552,0.24778923567547));
#8140=CARTESIAN_POINT('Ctrl Pts',(0.446190013178238,-0.390494061856692,
0.249113107842405));
#8141=CARTESIAN_POINT('Ctrl Pts',(0.439893063339741,-0.37485340256276,0.25043698000934));
#8142=CARTESIAN_POINT('Ctrl Pts',(0.428465452378809,-0.365440413447374,
0.251760852176274));
#8143=CARTESIAN_POINT('Ctrl Pts',(0.417037841417877,-0.356027424331989,
0.253084724343209));
#8144=CARTESIAN_POINT('Ctrl Pts',(0.40047956933451,-0.352842105395151,0.254408596510144));
#8145=CARTESIAN_POINT('Ctrl Pts',(0.386376506345821,-0.357348012975784,
0.255732468677079));
#8146=CARTESIAN_POINT('Ctrl Pts',(0.372273443357132,-0.361853920556418,
0.257056340844014));
#8147=CARTESIAN_POINT('Ctrl Pts',(0.360625589463121,-0.374051054654524,
0.258380213010949));
#8148=CARTESIAN_POINT('Ctrl Pts',(0.356770606994511,-0.388343033369513,
0.259704085177884));
#8149=CARTESIAN_POINT('Ctrl Pts',(0.355753191881562,-0.39211500256963,0.260053484315551));
#8150=CARTESIAN_POINT('Ctrl Pts',(0.35527858829996,-0.396032887922132,0.260402883453218));
#8151=CARTESIAN_POINT('Ctrl Pts',(0.355313591046845,-0.399958960157751,
0.260752282590885));
#8152=CARTESIAN_POINT('Ctrl Pts',(0.372233404975491,-0.448631432230039,
0.275590551181102));
#8153=CARTESIAN_POINT('Ctrl Pts',(0.356052493891791,-0.439392781740302,
0.274266679014168));
#8154=CARTESIAN_POINT('Ctrl Pts',(0.333920751520544,-0.403648373939097,
0.271618934680298));
#8155=CARTESIAN_POINT('Ctrl Pts',(0.361172785138214,-0.346326334793556,
0.267647318179493));
#8156=CARTESIAN_POINT('Ctrl Pts',(0.424054037171049,-0.338339609176709,
0.263675701678688));
#8157=CARTESIAN_POINT('Ctrl Pts',(0.464867890930223,-0.38677880163618,0.259704085177884));
#8158=CARTESIAN_POINT('Ctrl Pts',(0.446254875267106,-0.447371300624093,
0.255732468677079));
#8159=CARTESIAN_POINT('Ctrl Pts',(0.385250359763913,-0.464536469073493,
0.251760852176274));
#8160=CARTESIAN_POINT('Ctrl Pts',(0.337764885323615,-0.422575213784454,
0.24778923567547));
#8161=CARTESIAN_POINT('Ctrl Pts',(0.347305348620377,-0.359922456255034,
0.243817619174665));
#8162=CARTESIAN_POINT('Ctrl Pts',(0.405132314747498,-0.333996540250551,
0.239846002673861));
#8163=CARTESIAN_POINT('Ctrl Pts',(0.458255917474219,-0.368550042264153,
0.235874386173056));
#8164=CARTESIAN_POINT('Ctrl Pts',(0.457998258946054,-0.431922719516562,
0.231902769672251));
#8165=CARTESIAN_POINT('Ctrl Pts',(0.404595063819584,-0.466043361092332,
0.227931153171446));
#8166=CARTESIAN_POINT('Ctrl Pts',(0.346981350100583,-0.439646831309547,
0.223959536670642));
#8167=CARTESIAN_POINT('Ctrl Pts',(0.33795005838579,-0.376920716675006,0.219987920169837));
#8168=CARTESIAN_POINT('Ctrl Pts',(0.385776862158547,-0.335342837473598,
0.216016303669032));
#8169=CARTESIAN_POINT('Ctrl Pts',(0.4466367117135,-0.35301207955864,0.212044687168228));
#8170=CARTESIAN_POINT('Ctrl Pts',(0.464762056673973,-0.413737666224608,
0.208073070667423));
#8171=CARTESIAN_POINT('Ctrl Pts',(0.423544135058496,-0.461875042514857,
0.204101454166619));
#8172=CARTESIAN_POINT('Ctrl Pts',(0.360752072337301,-0.453314609005893,
0.200129837665814));
#8173=CARTESIAN_POINT('Ctrl Pts',(0.333923970930488,-0.395900522493136,
0.196158221165009));
#8174=CARTESIAN_POINT('Ctrl Pts',(0.367643163319964,-0.342242901553307,
0.192186604664204));
#8175=CARTESIAN_POINT('Ctrl Pts',(0.431011820168586,-0.34150970733823,0.1882149881634));
#8176=CARTESIAN_POINT('Ctrl Pts',(0.465963488318061,-0.39437278670532,0.184243371662595));
#8177=CARTESIAN_POINT('Ctrl Pts',(0.44047098715287,-0.452392237172462,0.18027175516179));
#8178=CARTESIAN_POINT('Ctrl Pts',(0.377893800823549,-0.462403231310635,
0.176300138660986));
#8179=CARTESIAN_POINT('Ctrl Pts',(0.335573136372506,-0.415232418146493,
0.172328522160181));
#8180=CARTESIAN_POINT('Ctrl Pts',(0.352288589480654,-0.354103718818491,
0.168356905659376));
#8181=CARTESIAN_POINT('Ctrl Pts',(0.412723328018228,-0.335031051715423,
0.164385289158572));
#8182=CARTESIAN_POINT('Ctrl Pts',(0.461499329085899,-0.375491229273276,
0.160413672657767));
#8183=CARTESIAN_POINT('Ctrl Pts',(0.45392179350688,-0.438409471629138,0.156442056156962));
#8184=CARTESIAN_POINT('Ctrl Pts',(0.396934226721323,-0.466132052252468,
0.152470439656158));
#8185=CARTESIAN_POINT('Ctrl Pts',(0.34275591287158,-0.433256004303855,0.148498823155353));
#8186=CARTESIAN_POINT('Ctrl Pts',(0.341031939630417,-0.369906558596316,
0.144527206654548));
#8187=CARTESIAN_POINT('Ctrl Pts',(0.393342031740025,-0.334132567679336,
0.140555590153744));
#8188=CARTESIAN_POINT('Ctrl Pts',(0.451753003892959,-0.358714723617286,
0.136583973652939));
#8189=CARTESIAN_POINT('Ctrl Pts',(0.462741267711102,-0.42112772758381,0.132612357152134));
#8190=CARTESIAN_POINT('Ctrl Pts',(0.416237970366272,-0.464180796461297,
0.128640740651329));
#8191=CARTESIAN_POINT('Ctrl Pts',(0.354855374998423,-0.448423252746891,
0.124669124150525));
#8192=CARTESIAN_POINT('Ctrl Pts',(0.334840041753312,-0.388294090751477,
0.12069750764972));
#8193=CARTESIAN_POINT('Ctrl Pts',(0.374532594016363,-0.338891478594694,
0.116725891148916));
#8194=CARTESIAN_POINT('Ctrl Pts',(0.437561609542491,-0.345484098185171,
0.112754274648111));
#8195=CARTESIAN_POINT('Ctrl Pts',(0.466171932484237,-0.402031529879496,
0.108782658147306));
#8196=CARTESIAN_POINT('Ctrl Pts',(0.434146986942541,-0.456716669827401,
0.104811041646502));
#8197=CARTESIAN_POINT('Ctrl Pts',(0.370832399314227,-0.459432203954463,
0.100839425145697));
#8198=CARTESIAN_POINT('Ctrl Pts',(0.334244528063139,-0.407685550504497,
0.0968678086448923));
#8199=CARTESIAN_POINT('Ctrl Pts',(0.357910920816945,-0.348901887108323,
0.0928961921440876));
#8200=CARTESIAN_POINT('Ctrl Pts',(0.420143328613602,-0.33693019802506,0.088924575643283));
#8201=CARTESIAN_POINT('Ctrl Pts',(0.463920518326591,-0.382771805179571,
0.0849529591424782));
#8202=CARTESIAN_POINT('Ctrl Pts',(0.449120349217326,-0.444359799294803,
0.0809813426416736));
#8203=CARTESIAN_POINT('Ctrl Pts',(0.389320259738674,-0.46537857522589,0.0770097261408689));
#8204=CARTESIAN_POINT('Ctrl Pts',(0.33928334347186,-0.426329932245507,0.0730381096400643));
#8205=CARTESIAN_POINT('Ctrl Pts',(0.343064508582305,-0.384458945872439,
0.0703903653061945));
#8206=CARTESIAN_POINT('Ctrl Pts',(0.353394885222193,-0.368952242004494,
0.0690664931392596));
#8207=CARTESIAN_POINT('Ctrl Pts',(0.374101039045592,-0.445360389466947,
0.27776523719505));
#8208=CARTESIAN_POINT('Ctrl Pts',(0.359008486862165,-0.43674314820658,0.276441365028115));
#8209=CARTESIAN_POINT('Ctrl Pts',(0.338365367638508,-0.40340297735867,0.273793620694245));
#8210=CARTESIAN_POINT('Ctrl Pts',(0.363784377566417,-0.349936527750894,
0.269822004193441));
#8211=CARTESIAN_POINT('Ctrl Pts',(0.422436116813712,-0.342487004511846,
0.265850387692636));
#8212=CARTESIAN_POINT('Ctrl Pts',(0.460504753028368,-0.387668084621366,
0.261878771191832));
#8213=CARTESIAN_POINT('Ctrl Pts',(0.443143684252116,-0.444185016713066,
0.257907154691026));
#8214=CARTESIAN_POINT('Ctrl Pts',(0.386242448660745,-0.460195623237003,
0.253935538190222));
#8215=CARTESIAN_POINT('Ctrl Pts',(0.341950937679825,-0.421056761904904,
0.249963921689417));
#8216=CARTESIAN_POINT('Ctrl Pts',(0.350849691242935,-0.362618148185499,
0.245992305188613));
#8217=CARTESIAN_POINT('Ctrl Pts',(0.404787105481744,-0.338436058674175,
0.242020688687808));
#8218=CARTESIAN_POINT('Ctrl Pts',(0.454337513501251,-0.370665426326147,
0.238049072187003));
#8219=CARTESIAN_POINT('Ctrl Pts',(0.454097185576468,-0.429775536596698,
0.234077455686199));
#8220=CARTESIAN_POINT('Ctrl Pts',(0.404285991074577,-0.461601158828383,
0.230105839185394));
#8221=CARTESIAN_POINT('Ctrl Pts',(0.350547485480722,-0.436980109917894,
0.226134222684589));
#8222=CARTESIAN_POINT('Ctrl Pts',(0.342123655649127,-0.378473073231984,
0.222162606183785));
#8223=CARTESIAN_POINT('Ctrl Pts',(0.386733537501454,-0.339691801381624,
0.21819098968298));
#8224=CARTESIAN_POINT('Ctrl Pts',(0.443499837651818,-0.356172576588326,
0.214219373182176));
#8225=CARTESIAN_POINT('Ctrl Pts',(0.460406037385783,-0.412813644627357,
0.21024775668137));
#8226=CARTESIAN_POINT('Ctrl Pts',(0.42196051168849,-0.457713209298084,0.206276140180566));
#8227=CARTESIAN_POINT('Ctrl Pts',(0.363391962709852,-0.44972856685252,0.202304523679761));
#8228=CARTESIAN_POINT('Ctrl Pts',(0.338368370504806,-0.396176261158777,
0.198332907178957));
#8229=CARTESIAN_POINT('Ctrl Pts',(0.369819545787134,-0.346127754008352,
0.194361290678152));
#8230=CARTESIAN_POINT('Ctrl Pts',(0.428925906073913,-0.345443875832743,
0.190389674177347));
#8231=CARTESIAN_POINT('Ctrl Pts',(0.461526658449049,-0.394751283790021,
0.186418057676542));
#8232=CARTESIAN_POINT('Ctrl Pts',(0.437748831469373,-0.448868235505505,
0.182446441175738));
#8233=CARTESIAN_POINT('Ctrl Pts',(0.379380705887203,-0.458205871109384,
0.178474824674933));
#8234=CARTESIAN_POINT('Ctrl Pts',(0.339906609937927,-0.414207856687831,
0.174503208174129));
#8235=CARTESIAN_POINT('Ctrl Pts',(0.355497749831063,-0.357190790112247,
0.170531591673324));
#8236=CARTESIAN_POINT('Ctrl Pts',(0.411867532740811,-0.339400986927422,
0.166559975172519));
#8237=CARTESIAN_POINT('Ctrl Pts',(0.457362767070002,-0.377139735875728,
0.162588358671715));
#8238=CARTESIAN_POINT('Ctrl Pts',(0.45029491096743,-0.435825977406463,0.15861674217091));
#8239=CARTESIAN_POINT('Ctrl Pts',(0.397140436471615,-0.461683884452154,
0.154645125670105));
#8240=CARTESIAN_POINT('Ctrl Pts',(0.346606259208193,-0.431019142109607,
0.150673509169301));
#8241=CARTESIAN_POINT('Ctrl Pts',(0.344998243690991,-0.37193070078597,0.146701892668496));
#8242=CARTESIAN_POINT('Ctrl Pts',(0.393789859367035,-0.338562936638999,
0.142730276167691));
#8243=CARTESIAN_POINT('Ctrl Pts',(0.448271998273969,-0.36149164994541,0.138758659666886));
#8244=CARTESIAN_POINT('Ctrl Pts',(0.458521170537675,-0.419706636383231,
0.134787043166082));
#8245=CARTESIAN_POINT('Ctrl Pts',(0.41514577354997,-0.459863873842175,0.130815426665277));
#8246=CARTESIAN_POINT('Ctrl Pts',(0.357891888465791,-0.445166212532367,
0.126843810164473));
#8247=CARTESIAN_POINT('Ctrl Pts',(0.339222824659191,-0.389081452504503,
0.122872193663668));
#8248=CARTESIAN_POINT('Ctrl Pts',(0.376245580252166,-0.343001754141599,
0.118900577162863));
#8249=CARTESIAN_POINT('Ctrl Pts',(0.435035144138741,-0.349150941581049,
0.114928960662058));
#8250=CARTESIAN_POINT('Ctrl Pts',(0.46172108226357,-0.401894885310221,0.110957344161254));
#8251=CARTESIAN_POINT('Ctrl Pts',(0.431850195558906,-0.452901798583057,
0.106985727660449));
#8252=CARTESIAN_POINT('Ctrl Pts',(0.372794267693686,-0.455434680712288,
0.103014111159645));
#8253=CARTESIAN_POINT('Ctrl Pts',(0.33866736635413,-0.407168605738421,0.0990424946588399));
#8254=CARTESIAN_POINT('Ctrl Pts',(0.360741912452472,-0.352338843511156,
0.0950708781580351));
#8255=CARTESIAN_POINT('Ctrl Pts',(0.418788449962806,-0.341172393038851,
0.0910992616572306));
#8256=CARTESIAN_POINT('Ctrl Pts',(0.459621102510576,-0.383930606378801,
0.0871276451564259));
#8257=CARTESIAN_POINT('Ctrl Pts',(0.445816420966398,-0.441376074699379,
0.0831560286556211));
#8258=CARTESIAN_POINT('Ctrl Pts',(0.390038599411014,-0.460981087725577,
0.0791844121548166));
#8259=CARTESIAN_POINT('Ctrl Pts',(0.343367261440717,-0.424558930850423,
0.0752127956540118));
#8260=CARTESIAN_POINT('Ctrl Pts',(0.346894098183614,-0.385504266775067,
0.0725650513201421));
#8261=CARTESIAN_POINT('Ctrl Pts',(0.356529634013796,-0.371040573345858,
0.0712411791532072));
#8262=CARTESIAN_POINT('Ctrl Pts',(0.375968673115692,-0.442089346703856,
0.279939923208998));
#8263=CARTESIAN_POINT('Ctrl Pts',(0.361964479832538,-0.434093514672857,
0.278616051042063));
#8264=CARTESIAN_POINT('Ctrl Pts',(0.342809983756471,-0.403157580778243,
0.275968306708193));
#8265=CARTESIAN_POINT('Ctrl Pts',(0.366395969994621,-0.353546720708232,
0.271996690207388));
#8266=CARTESIAN_POINT('Ctrl Pts',(0.420818196456373,-0.346634399846985,
0.268025073706583));
#8267=CARTESIAN_POINT('Ctrl Pts',(0.456141615126514,-0.388557367606551,
0.264053457205779));
#8268=CARTESIAN_POINT('Ctrl Pts',(0.440032493237126,-0.440998732802041,
0.260081840704974));
#8269=CARTESIAN_POINT('Ctrl Pts',(0.387234537557577,-0.455854777400512,
0.25611022420417));
#8270=CARTESIAN_POINT('Ctrl Pts',(0.346136990036034,-0.419538310025354,
0.252138607703365));
#8271=CARTESIAN_POINT('Ctrl Pts',(0.354394033865493,-0.365313840115964,
0.24816699120256));
#8272=CARTESIAN_POINT('Ctrl Pts',(0.404441896215989,-0.342875577097799,
0.244195374701756));
#8273=CARTESIAN_POINT('Ctrl Pts',(0.450419109528283,-0.372780810388142,
0.240223758200951));
#8274=CARTESIAN_POINT('Ctrl Pts',(0.450196112206882,-0.427628353676834,
0.236252141700146));
#8275=CARTESIAN_POINT('Ctrl Pts',(0.40397691832957,-0.457158956564435,0.232280525199342));
#8276=CARTESIAN_POINT('Ctrl Pts',(0.354113620860861,-0.434313388526239,
0.228308908698537));
#8277=CARTESIAN_POINT('Ctrl Pts',(0.346297252912464,-0.380025429788963,
0.224337292197732));
#8278=CARTESIAN_POINT('Ctrl Pts',(0.387690212844361,-0.34404076528965,0.220365675696927));
#8279=CARTESIAN_POINT('Ctrl Pts',(0.440362963590136,-0.359333073618013,
0.216394059196123));
#8280=CARTESIAN_POINT('Ctrl Pts',(0.456050018097593,-0.411889623030107,
0.212422442695318));
#8281=CARTESIAN_POINT('Ctrl Pts',(0.420376888318484,-0.453551376081311,
0.208450826194514));
#8282=CARTESIAN_POINT('Ctrl Pts',(0.366031853082402,-0.446142524699148,
0.204479209693709));
#8283=CARTESIAN_POINT('Ctrl Pts',(0.342812770079125,-0.396451999824416,
0.200507593192904));
#8284=CARTESIAN_POINT('Ctrl Pts',(0.371995928254302,-0.350012606463398,
0.1965359766921));
#8285=CARTESIAN_POINT('Ctrl Pts',(0.426839991979241,-0.349378044327254,
0.192564360191295));
#8286=CARTESIAN_POINT('Ctrl Pts',(0.457089828580036,-0.395129780874724,
0.18859274369049));
#8287=CARTESIAN_POINT('Ctrl Pts',(0.435026675785878,-0.445344233838547,
0.184621127189685));
#8288=CARTESIAN_POINT('Ctrl Pts',(0.380867610950856,-0.454008510908134,
0.180649510688881));
#8289=CARTESIAN_POINT('Ctrl Pts',(0.344240083503348,-0.413183295229167,
0.176677894188076));
#8290=CARTESIAN_POINT('Ctrl Pts',(0.358706910181471,-0.360277861406004,
0.172706277687272));
#8291=CARTESIAN_POINT('Ctrl Pts',(0.411011737463395,-0.34377092213942,0.168734661186467));
#8292=CARTESIAN_POINT('Ctrl Pts',(0.453226205054105,-0.378788242478181,
0.164763044685662));
#8293=CARTESIAN_POINT('Ctrl Pts',(0.446668028427979,-0.433242483183789,
0.160791428184857));
#8294=CARTESIAN_POINT('Ctrl Pts',(0.397346646221907,-0.457235716651839,
0.156819811684053));
#8295=CARTESIAN_POINT('Ctrl Pts',(0.350456605544808,-0.42878227991536,0.152848195183248));
#8296=CARTESIAN_POINT('Ctrl Pts',(0.348964547751563,-0.373954842975622,
0.148876578682444));
#8297=CARTESIAN_POINT('Ctrl Pts',(0.394237686994045,-0.342993305598663,
0.144904962181639));
#8298=CARTESIAN_POINT('Ctrl Pts',(0.444790992654978,-0.364268576273533,
0.140933345680834));
#8299=CARTESIAN_POINT('Ctrl Pts',(0.454301073364251,-0.418285545182654,
0.136961729180029));
#8300=CARTESIAN_POINT('Ctrl Pts',(0.414053576733666,-0.455546951223051,
0.132990112679225));
#8301=CARTESIAN_POINT('Ctrl Pts',(0.360928401933159,-0.441909172317844,
0.12901849617842));
#8302=CARTESIAN_POINT('Ctrl Pts',(0.343605607565069,-0.389868814257528,
0.125046879677615));
#8303=CARTESIAN_POINT('Ctrl Pts',(0.377958566487971,-0.347112029688503,
0.121075263176811));
#8304=CARTESIAN_POINT('Ctrl Pts',(0.432508678734989,-0.352817784976928,
0.117103646676006));
#8305=CARTESIAN_POINT('Ctrl Pts',(0.457270232042905,-0.401758240740945,
0.113132030175202));
#8306=CARTESIAN_POINT('Ctrl Pts',(0.42955340417527,-0.449086927338714,0.109160413674397));
#8307=CARTESIAN_POINT('Ctrl Pts',(0.374756136073147,-0.451437157470113,
0.105188797173592));
#8308=CARTESIAN_POINT('Ctrl Pts',(0.343090204645121,-0.406651660972344,
0.101217180672788));
#8309=CARTESIAN_POINT('Ctrl Pts',(0.363572904087999,-0.355775799913989,
0.0972455641719827));
#8310=CARTESIAN_POINT('Ctrl Pts',(0.41743357131201,-0.345414588052641,0.0932739476711782));
#8311=CARTESIAN_POINT('Ctrl Pts',(0.455321686694561,-0.385089407578033,
0.0893023311703735));
#8312=CARTESIAN_POINT('Ctrl Pts',(0.442512492715471,-0.438392350103955,
0.0853307146695688));
#8313=CARTESIAN_POINT('Ctrl Pts',(0.390756939083353,-0.456583600225264,
0.0813590981687641));
#8314=CARTESIAN_POINT('Ctrl Pts',(0.347451179409574,-0.422787929455338,
0.0773874816679595));
#8315=CARTESIAN_POINT('Ctrl Pts',(0.350723687784924,-0.386549587677695,
0.0747397373340897));
#8316=CARTESIAN_POINT('Ctrl Pts',(0.359664382805398,-0.373128904687223,
0.0734158651671548));
#8317=CARTESIAN_POINT('Ctrl Pts',(0.377836307185793,-0.438818303940764,
0.282114609222945));
#8318=CARTESIAN_POINT('Ctrl Pts',(0.364920472802912,-0.431443881139134,
0.28079073705601));
#8319=CARTESIAN_POINT('Ctrl Pts',(0.347254599874434,-0.402912184197815,
0.278142992722141));
#8320=CARTESIAN_POINT('Ctrl Pts',(0.369007562422824,-0.357156913665571,
0.274171376221336));
#8321=CARTESIAN_POINT('Ctrl Pts',(0.419200276099034,-0.350781795182122,
0.270199759720531));
#8322=CARTESIAN_POINT('Ctrl Pts',(0.45177847722466,-0.389446650591737,0.266228143219727));
#8323=CARTESIAN_POINT('Ctrl Pts',(0.436921302222136,-0.437812448891015,
0.262256526718922));
#8324=CARTESIAN_POINT('Ctrl Pts',(0.388226626454409,-0.451513931564022,
0.258284910218117));
#8325=CARTESIAN_POINT('Ctrl Pts',(0.350323042392243,-0.418019858145804,
0.254313293717313));
#8326=CARTESIAN_POINT('Ctrl Pts',(0.357938376488051,-0.368009532046429,
0.250341677216508));
#8327=CARTESIAN_POINT('Ctrl Pts',(0.404096686950235,-0.347315095521423,
0.246370060715703));
#8328=CARTESIAN_POINT('Ctrl Pts',(0.446500705555314,-0.374896194450136,
0.242398444214899));
#8329=CARTESIAN_POINT('Ctrl Pts',(0.446295038837297,-0.425481170756971,
0.238426827714094));
#8330=CARTESIAN_POINT('Ctrl Pts',(0.403667845584561,-0.452716754300486,
0.23445521121329));
#8331=CARTESIAN_POINT('Ctrl Pts',(0.357679756241001,-0.431646667134585,
0.230483594712484));
#8332=CARTESIAN_POINT('Ctrl Pts',(0.3504708501758,-0.381577786345942,0.22651197821168));
#8333=CARTESIAN_POINT('Ctrl Pts',(0.388646888187269,-0.348389729197676,
0.222540361710875));
#8334=CARTESIAN_POINT('Ctrl Pts',(0.437226089528454,-0.3624935706477,0.218568745210071));
#8335=CARTESIAN_POINT('Ctrl Pts',(0.451693998809403,-0.410965601432856,
0.214597128709266));
#8336=CARTESIAN_POINT('Ctrl Pts',(0.418793264948478,-0.449389542864538,
0.210625512208461));
#8337=CARTESIAN_POINT('Ctrl Pts',(0.368671743454953,-0.442556482545774,
0.206653895707656));
#8338=CARTESIAN_POINT('Ctrl Pts',(0.347257169653443,-0.396727738490057,
0.202682279206852));
#8339=CARTESIAN_POINT('Ctrl Pts',(0.374172310721472,-0.353897458918442,
0.198710662706047));
#8340=CARTESIAN_POINT('Ctrl Pts',(0.424754077884567,-0.353312212821766,
0.194739046205243));
#8341=CARTESIAN_POINT('Ctrl Pts',(0.452652998711024,-0.395508277959425,
0.190767429704438));
#8342=CARTESIAN_POINT('Ctrl Pts',(0.43230452010238,-0.44182023217159,0.186795813203633));
#8343=CARTESIAN_POINT('Ctrl Pts',(0.382354516014511,-0.449811150706882,
0.182824196702828));
#8344=CARTESIAN_POINT('Ctrl Pts',(0.348573557068769,-0.412158733770505,
0.178852580202024));
#8345=CARTESIAN_POINT('Ctrl Pts',(0.361916070531879,-0.36336493269976,0.174880963701219));
#8346=CARTESIAN_POINT('Ctrl Pts',(0.410155942185978,-0.348140857351418,
0.170909347200415));
#8347=CARTESIAN_POINT('Ctrl Pts',(0.449089643038209,-0.380436749080633,
0.16693773069961));
#8348=CARTESIAN_POINT('Ctrl Pts',(0.443041145888528,-0.430658988961116,
0.162966114198805));
#8349=CARTESIAN_POINT('Ctrl Pts',(0.397552855972199,-0.452787548851523,
0.158994497698));
#8350=CARTESIAN_POINT('Ctrl Pts',(0.354306951881421,-0.426545417721113,
0.155022881197196));
#8351=CARTESIAN_POINT('Ctrl Pts',(0.352930851812136,-0.375978985165274,
0.151051264696391));
#8352=CARTESIAN_POINT('Ctrl Pts',(0.394685514621055,-0.347423674558327,
0.147079648195586));
#8353=CARTESIAN_POINT('Ctrl Pts',(0.441309987035987,-0.367045502601656,
0.143108031694782));
#8354=CARTESIAN_POINT('Ctrl Pts',(0.450080976190825,-0.416864453982077,
0.139136415193977));
#8355=CARTESIAN_POINT('Ctrl Pts',(0.412961379917364,-0.451230028603928,
0.135164798693172));
#8356=CARTESIAN_POINT('Ctrl Pts',(0.363964915400527,-0.438652132103322,
0.131193182192368));
#8357=CARTESIAN_POINT('Ctrl Pts',(0.347988390470947,-0.390656176010554,
0.127221565691563));
#8358=CARTESIAN_POINT('Ctrl Pts',(0.379671552723775,-0.351222305235407,
0.123249949190759));
#8359=CARTESIAN_POINT('Ctrl Pts',(0.429982213331238,-0.356484628372806,
0.119278332689954));
#8360=CARTESIAN_POINT('Ctrl Pts',(0.452819381822239,-0.401621596171669,
0.115306716189149));
#8361=CARTESIAN_POINT('Ctrl Pts',(0.427256612791635,-0.445272056094371,
0.111335099688344));
#8362=CARTESIAN_POINT('Ctrl Pts',(0.376718004452606,-0.447439634227937,
0.10736348318754));
#8363=CARTESIAN_POINT('Ctrl Pts',(0.347513042936113,-0.406134716206268,
0.103391866686735));
#8364=CARTESIAN_POINT('Ctrl Pts',(0.366403895723525,-0.359212756316822,
0.0994202501859304));
#8365=CARTESIAN_POINT('Ctrl Pts',(0.416078692661214,-0.349656783066432,
0.0954486336851257));
#8366=CARTESIAN_POINT('Ctrl Pts',(0.451022270878546,-0.386248208777264,
0.091477017184321));
#8367=CARTESIAN_POINT('Ctrl Pts',(0.439208564464544,-0.435408625508531,
0.0875054006835164));
#8368=CARTESIAN_POINT('Ctrl Pts',(0.391475278755692,-0.452186112724951,
0.0835337841827117));
#8369=CARTESIAN_POINT('Ctrl Pts',(0.351535097378431,-0.421016928060254,
0.079562167681907));
#8370=CARTESIAN_POINT('Ctrl Pts',(0.354553277386233,-0.387594908580322,
0.0769144233480373));
#8371=CARTESIAN_POINT('Ctrl Pts',(0.362799131597,-0.375217236028587,0.0755905511811024));
#8372=CARTESIAN_POINT('Ctrl Pts',(0.355346805356386,-0.400032738745483,
0.25292881977132));
#8373=CARTESIAN_POINT('Ctrl Pts',(0.355411851126582,-0.390321341632344,
0.252066438919716));
#8374=CARTESIAN_POINT('Ctrl Pts',(0.358524109306608,-0.380571787697335,
0.251204058068112));
#8375=CARTESIAN_POINT('Ctrl Pts',(0.364362205882447,-0.372895513642157,
0.250341677216508));
#8376=CARTESIAN_POINT('Ctrl Pts',(0.373324479975445,-0.361111386538094,
0.249017805049573));
#8377=CARTESIAN_POINT('Ctrl Pts',(0.38871058346284,-0.354213241029758,0.247693932882638));
#8378=CARTESIAN_POINT('Ctrl Pts',(0.403470971640718,-0.355361018097043,
0.246370060715703));
#8379=CARTESIAN_POINT('Ctrl Pts',(0.418231359818595,-0.356508795164327,
0.245046188548768));
#8380=CARTESIAN_POINT('Ctrl Pts',(0.432366032686954,-0.365702494807231,
0.243722316381833));
#8381=CARTESIAN_POINT('Ctrl Pts',(0.439399091334798,-0.378730174013156,
0.242398444214898));
#8382=CARTESIAN_POINT('Ctrl Pts',(0.446432149982641,-0.391757853219081,
0.241074572047964));
#8383=CARTESIAN_POINT('Ctrl Pts',(0.446363594409969,-0.408619511988026,
0.239750699881029));
#8384=CARTESIAN_POINT('Ctrl Pts',(0.439224784414844,-0.421589605296417,
0.238426827714094));
#8385=CARTESIAN_POINT('Ctrl Pts',(0.432085974419718,-0.434559698604809,
0.237102955547159));
#8386=CARTESIAN_POINT('Ctrl Pts',(0.417876910002139,-0.443638226452648,
0.235779083380224));
#8387=CARTESIAN_POINT('Ctrl Pts',(0.40310769623609,-0.44466580918225,0.234455211213289));
#8388=CARTESIAN_POINT('Ctrl Pts',(0.388338482470041,-0.445693391911852,
0.233131339046354));
#8389=CARTESIAN_POINT('Ctrl Pts',(0.373009119355521,-0.438670029523219,
0.231807466879419));
#8390=CARTESIAN_POINT('Ctrl Pts',(0.364142953454061,-0.426813534864128,
0.230483594712484));
#8391=CARTESIAN_POINT('Ctrl Pts',(0.358439719401965,-0.419186747272992,
0.22963200306543));
#8392=CARTESIAN_POINT('Ctrl Pts',(0.355410834404034,-0.409560100743615,
0.228780411418375));
#8393=CARTESIAN_POINT('Ctrl Pts',(0.355349338940151,-0.39996887712622,0.22792881977132));
#8394=CARTESIAN_POINT('Ctrl Pts',(0.372233404975491,-0.448631432230039,
0.275590551181102));
#8395=CARTESIAN_POINT('Ctrl Pts',(0.368683466939551,-0.445981491062611,
0.275590551181102));
#8396=CARTESIAN_POINT('Ctrl Pts',(0.365499155520993,-0.442895059699076,
0.275590551181102));
#8397=CARTESIAN_POINT('Ctrl Pts',(0.362720969475202,-0.439465162626175,
0.275590551181102));
#8398=CARTESIAN_POINT('Ctrl Pts',(0.361175878867679,-0.43755762235898,0.275590551181102));
#8399=CARTESIAN_POINT('Ctrl Pts',(0.359756889314083,-0.435543471372567,
0.275590551181102));
#8400=CARTESIAN_POINT('Ctrl Pts',(0.358475102802993,-0.433437487699465,
0.275590551181102));
#8401=CARTESIAN_POINT('Ctrl Pts',(0.357407454242806,-0.431683334088928,
0.275590551181102));
#8402=CARTESIAN_POINT('Ctrl Pts',(0.356439340002703,-0.429872170877656,
0.275590551181102));
#8403=CARTESIAN_POINT('Ctrl Pts',(0.355577951655192,-0.428018190458737,
0.275590551181102));
#8404=CARTESIAN_POINT('Ctrl Pts',(0.354114096156451,-0.424867510003591,
0.275590551181102));
#8405=CARTESIAN_POINT('Ctrl Pts',(0.35295488995957,-0.421588572143902,0.275590551181102));
#8406=CARTESIAN_POINT('Ctrl Pts',(0.352132608876544,-0.418226410106535,
0.275590551181102));
#8407=CARTESIAN_POINT('Ctrl Pts',(0.351499544068892,-0.415637919981418,
0.275590551181102));
#8408=CARTESIAN_POINT('Ctrl Pts',(0.351066855705078,-0.412994869565979,
0.275590551181102));
#8409=CARTESIAN_POINT('Ctrl Pts',(0.350855680511489,-0.410349520130652,
0.275590551181102));
#8410=CARTESIAN_POINT('Ctrl Pts',(0.350651052869964,-0.407786190571146,
0.275590551181102));
#8411=CARTESIAN_POINT('Ctrl Pts',(0.35065242954344,-0.405215885170989,0.275590551181102));
#8412=CARTESIAN_POINT('Ctrl Pts',(0.350875263390724,-0.402658498810155,
0.275590551181102));
#8413=CARTESIAN_POINT('Ctrl Pts',(0.351083215007161,-0.400271910623155,
0.275590551181102));
#8414=CARTESIAN_POINT('Ctrl Pts',(0.351484213940397,-0.397896488722099,
0.275590551181102));
#8415=CARTESIAN_POINT('Ctrl Pts',(0.352069800135574,-0.395552897758346,
0.275590551181102));
#8416=CARTESIAN_POINT('Ctrl Pts',(0.352588578369154,-0.393476680814671,
0.275590551181102));
#8417=CARTESIAN_POINT('Ctrl Pts',(0.353249918008538,-0.391435020819069,
0.275590551181102));
#8418=CARTESIAN_POINT('Ctrl Pts',(0.354045449914953,-0.389443596375968,
0.275590551181102));
#8419=CARTESIAN_POINT('Ctrl Pts',(0.35533622995288,-0.386212436321334,0.275590551181102));
#8420=CARTESIAN_POINT('Ctrl Pts',(0.356984677527373,-0.383106646010153,
0.275590551181102));
#8421=CARTESIAN_POINT('Ctrl Pts',(0.358944135119732,-0.380224698224215,
0.275590551181102));
#8422=CARTESIAN_POINT('Ctrl Pts',(0.360135650277243,-0.378472231376507,
0.275590551181102));
#8423=CARTESIAN_POINT('Ctrl Pts',(0.361442846882907,-0.376800450738324,
0.275590551181102));
#8424=CARTESIAN_POINT('Ctrl Pts',(0.362859680580177,-0.375226295860497,
0.275590551181102));
#8425=CARTESIAN_POINT('Origin',(0.399999999999999,-0.4,0.0621331076484532));
#8426=CARTESIAN_POINT('',(0.399999999999999,-0.4,0.0487320815105704));
#8427=CARTESIAN_POINT('',(0.377696947156278,-0.4,0.0621331076484532));
#8428=CARTESIAN_POINT('Origin',(0.399999999999999,-0.4,0.175590551181102));
#8429=CARTESIAN_POINT('Origin',(0.399999999999999,0.4,0.0755905511811023));
#8430=CARTESIAN_POINT('',(0.348949999999999,0.4,0.0755905511811024));
#8431=CARTESIAN_POINT('Origin',(0.399999999999999,0.4,0.0755905511811023));
#8432=CARTESIAN_POINT('Origin',(0.399999999999999,0.4,0.0755905511811023));
#8433=CARTESIAN_POINT('Ctrl Pts',(0.358140498365287,0.429221304264073,0.0755905511811023));
#8434=CARTESIAN_POINT('Ctrl Pts',(0.355952493993874,0.42684240401695,0.0755905511811023));
#8435=CARTESIAN_POINT('Ctrl Pts',(0.354020499867701,0.424252133226493,0.0755905511811023));
#8436=CARTESIAN_POINT('Ctrl Pts',(0.352342891284242,0.421498578658308,0.0755905511811023));
#8437=CARTESIAN_POINT('Ctrl Pts',(0.350824784201644,0.419006822992833,0.0755905511811022));
#8438=CARTESIAN_POINT('Ctrl Pts',(0.349514847659555,0.416378333527024,0.0755905511811022));
#8439=CARTESIAN_POINT('Ctrl Pts',(0.348423853533614,0.413665961697495,0.0755905511811022));
#8440=CARTESIAN_POINT('Ctrl Pts',(0.347355386387409,0.41100959525222,0.0755905511811022));
#8441=CARTESIAN_POINT('Ctrl Pts',(0.346494162257147,0.408269001981745,0.0755905511811022));
#8442=CARTESIAN_POINT('Ctrl Pts',(0.345842941411544,0.405472076216976,0.0755905511811022));
#8443=CARTESIAN_POINT('Ctrl Pts',(0.34536234095172,0.403407947254094,0.0755905511811022));
#8444=CARTESIAN_POINT('Ctrl Pts',(0.34499839669323,0.401322281053764,0.0755905511811023));
#8445=CARTESIAN_POINT('Ctrl Pts',(0.344750950056434,0.399226922413069,0.0755905511811023));
#8446=CARTESIAN_POINT('Ctrl Pts',(0.344212789153472,0.394669818252312,0.0755905511811023));
#8447=CARTESIAN_POINT('Ctrl Pts',(0.344223316525918,0.39006700209642,0.0755905511811023));
#8448=CARTESIAN_POINT('Ctrl Pts',(0.344802504851638,0.38552421015891,0.0755905511811023));
#8449=CARTESIAN_POINT('Ctrl Pts',(0.345055281657026,0.383541586576025,0.0755905511811023));
#8450=CARTESIAN_POINT('Ctrl Pts',(0.345417062768731,0.381571970441848,0.0755905511811023));
#8451=CARTESIAN_POINT('Ctrl Pts',(0.3458867855957,0.379635852324201,0.0755905511811023));
#8452=CARTESIAN_POINT('Ctrl Pts',(0.346019771872908,0.379087705361952,0.0755905511811023));
#8453=CARTESIAN_POINT('Ctrl Pts',(0.346161443341865,0.378541980903586,0.0755905511811023));
#8454=CARTESIAN_POINT('Ctrl Pts',(0.346311819745216,0.377998870665169,0.0755905511811023));
#8455=CARTESIAN_POINT('Ctrl Pts',(0.347375106096073,0.374158629173492,0.0755905511811023));
#8456=CARTESIAN_POINT('Ctrl Pts',(0.34887187936279,0.370449014553451,0.0755905511811023));
#8457=CARTESIAN_POINT('Ctrl Pts',(0.350742966749254,0.366908717481415,0.0755905511811023));
#8458=CARTESIAN_POINT('Ctrl Pts',(0.352114922236786,0.364312831244025,0.0755905511811023));
#8459=CARTESIAN_POINT('Ctrl Pts',(0.353692689920129,0.361803660276027,0.0755905511811023));
#8460=CARTESIAN_POINT('Ctrl Pts',(0.355437472037443,0.359423884468799,0.0755905511811023));
#8461=CARTESIAN_POINT('Ctrl Pts',(0.358648468124712,0.355044282723827,0.0755905511811023));
#8462=CARTESIAN_POINT('Ctrl Pts',(0.3624278850164,0.351085281995591,0.0755905511811024));
#8463=CARTESIAN_POINT('Ctrl Pts',(0.366654307269127,0.34764287558313,0.0755905511811024));
#8464=CARTESIAN_POINT('Ctrl Pts',(0.36744722437441,0.346997047323539,0.0755905511811024));
#8465=CARTESIAN_POINT('Ctrl Pts',(0.368256006577324,0.346369468745717,0.0755905511811023));
#8466=CARTESIAN_POINT('Ctrl Pts',(0.369080018808911,0.345760887853865,0.0755905511811023));
#8467=CARTESIAN_POINT('Ctrl Pts',(0.430989503375568,0.345723847957546,0.0755905511811024));
#8468=CARTESIAN_POINT('Ctrl Pts',(0.434513679418992,0.348285907411371,0.0755905511811024));
#8469=CARTESIAN_POINT('Ctrl Pts',(0.437732666294499,0.351235446634281,0.0755905511811023));
#8470=CARTESIAN_POINT('Ctrl Pts',(0.440612366732455,0.3545031952074,0.0755905511811024));
#8471=CARTESIAN_POINT('Ctrl Pts',(0.44235976455569,0.3564860600458,0.0755905511811024));
#8472=CARTESIAN_POINT('Ctrl Pts',(0.443981603723181,0.358586959348944,0.0755905511811023));
#8473=CARTESIAN_POINT('Ctrl Pts',(0.44545995808861,0.360778364004433,0.0755905511811023));
#8474=CARTESIAN_POINT('Ctrl Pts',(0.447172144204722,0.363316383787546,0.0755905511811023));
#8475=CARTESIAN_POINT('Ctrl Pts',(0.448695574462665,0.365979551875031,0.0755905511811023));
#8476=CARTESIAN_POINT('Ctrl Pts',(0.450014229625577,0.368744225987823,0.0755905511811023));
#8477=CARTESIAN_POINT('Ctrl Pts',(0.450907260781434,0.370616542714708,0.0755905511811023));
#8478=CARTESIAN_POINT('Ctrl Pts',(0.451704523451125,0.372532411683136,0.0755905511811023));
#8479=CARTESIAN_POINT('Ctrl Pts',(0.452398682530855,0.374476556294198,0.0755905511811023));
#8480=CARTESIAN_POINT('Ctrl Pts',(0.453876354277319,0.378615099816414,0.0755905511811023));
#8481=CARTESIAN_POINT('Ctrl Pts',(0.454893737399875,0.382892277802982,0.0755905511811023));
#8482=CARTESIAN_POINT('Ctrl Pts',(0.45539565387749,0.38723468542628,0.0755905511811023));
#8483=CARTESIAN_POINT('Ctrl Pts',(0.455709905561089,0.389953482212913,0.0755905511811024));
#8484=CARTESIAN_POINT('Ctrl Pts',(0.455820544630269,0.392702296114158,0.0755905511811024));
#8485=CARTESIAN_POINT('Ctrl Pts',(0.45571148710877,0.395432650187436,0.0755905511811023));
#8486=CARTESIAN_POINT('Ctrl Pts',(0.455690421560694,0.395960045310714,0.0755905511811023));
#8487=CARTESIAN_POINT('Ctrl Pts',(0.455661194176017,0.396486949638551,0.0755905511811023));
#8488=CARTESIAN_POINT('Ctrl Pts',(0.455623708208695,0.39701323085448,0.0755905511811023));
#8489=CARTESIAN_POINT('Ctrl Pts',(0.455347637558745,0.400889102486373,0.0755905511811023));
#8490=CARTESIAN_POINT('Ctrl Pts',(0.454625019166775,0.404731995194812,0.0755905511811023));
#8491=CARTESIAN_POINT('Ctrl Pts',(0.453490139623248,0.408476746609591,0.0755905511811024));
#8492=CARTESIAN_POINT('Ctrl Pts',(0.45274130244374,0.41094767764663,0.0755905511811024));
#8493=CARTESIAN_POINT('Ctrl Pts',(0.451810283804457,0.413379015228747,0.0755905511811024));
#8494=CARTESIAN_POINT('Ctrl Pts',(0.450716917408427,0.41572534903114,0.0755905511811024));
#8495=CARTESIAN_POINT('Ctrl Pts',(0.44870337319553,0.420046358773608,0.0755905511811023));
#8496=CARTESIAN_POINT('Ctrl Pts',(0.446137434831803,0.424099468818387,0.0755905511811023));
#8497=CARTESIAN_POINT('Ctrl Pts',(0.443074635678888,0.427749584981838,0.0755905511811023));
#8498=CARTESIAN_POINT('Ctrl Pts',(0.442657388106662,0.428246843218995,0.0755905511811023));
#8499=CARTESIAN_POINT('Ctrl Pts',(0.442230882521519,0.428736551784827,0.0755905511811023));
#8500=CARTESIAN_POINT('Ctrl Pts',(0.441795229811869,0.429218296449108,0.0755905511811023));
#8501=CARTESIAN_POINT('Origin',(0.399999999999999,0.4,0.329776340632727));
#8502=CARTESIAN_POINT('Ctrl Pts',(0.337506429016884,0.400057708593836,0.267276340632727));
#8503=CARTESIAN_POINT('Ctrl Pts',(0.337459968966394,0.405125957757339,0.266953588430561));
#8504=CARTESIAN_POINT('Ctrl Pts',(0.340342941797543,0.430940773231845,0.265306408916971));
#8505=CARTESIAN_POINT('Ctrl Pts',(0.376134859259104,0.469944444804405,0.262334802091956));
#8506=CARTESIAN_POINT('Ctrl Pts',(0.445874251447404,0.457931192754615,0.258361520157682));
#8507=CARTESIAN_POINT('Ctrl Pts',(0.473546757887865,0.392805094804436,0.25438823822341));
#8508=CARTESIAN_POINT('Ctrl Pts',(0.433773942771388,0.334270847373244,0.250414956289136));
#8509=CARTESIAN_POINT('Ctrl Pts',(0.363029690833244,0.33601543125676,0.246441674354862));
#8510=CARTESIAN_POINT('Ctrl Pts',(0.337875111481518,0.377268114005024,0.243728802469393));
#8511=CARTESIAN_POINT('Ctrl Pts',(0.337399270003531,0.398980279661807,0.242340357895348));
#8512=CARTESIAN_POINT('Ctrl Pts',(0.33740315496142,0.399981540662281,0.242276340632727));
#8513=CARTESIAN_POINT('Ctrl Pts',(0.337413379575119,0.399960464843565,0.271404761729478));
#8514=CARTESIAN_POINT('Ctrl Pts',(0.337501339465666,0.419543737790848,0.27015117025717));
#8515=CARTESIAN_POINT('Ctrl Pts',(0.357961980807839,0.460106091339567,0.267573151473438));
#8516=CARTESIAN_POINT('Ctrl Pts',(0.426936292406142,0.468793380613041,0.263670705378282));
#8517=CARTESIAN_POINT('Ctrl Pts',(0.472432026344898,0.414636634558368,0.259697423444008));
#8518=CARTESIAN_POINT('Ctrl Pts',(0.451520299805386,0.347014822462783,0.255724141509735));
#8519=CARTESIAN_POINT('Ctrl Pts',(0.383355141103204,0.328004059272923,0.251750859575461));
#8520=CARTESIAN_POINT('Ctrl Pts',(0.341998028049311,0.364750781798637,0.248644399648709));
#8521=CARTESIAN_POINT('Ctrl Pts',(0.337515022031871,0.392748659454748,0.246862367033381));
#8522=CARTESIAN_POINT('Ctrl Pts',(0.337564115514492,0.399953471598874,0.246404761729478));
#8523=CARTESIAN_POINT('Ctrl Pts',(0.441859501634711,0.429221304264074,0.275590551181102));
#8524=CARTESIAN_POINT('Ctrl Pts',(0.451586247833335,0.415287745901235,0.274266123869678));
#8525=CARTESIAN_POINT('Ctrl Pts',(0.455857174629805,0.377181162015366,0.271617269246829));
#8526=CARTESIAN_POINT('Ctrl Pts',(0.410982517181655,0.340608797561553,0.267643987312555));
#8527=CARTESIAN_POINT('Ctrl Pts',(0.356053986152521,0.358645583184986,0.263670705378282));
#8528=CARTESIAN_POINT('Ctrl Pts',(0.341417577751148,0.414533598830907,0.259697423444008));
#8529=CARTESIAN_POINT('Ctrl Pts',(0.380506953042836,0.457130622516238,0.255724141509735));
#8530=CARTESIAN_POINT('Ctrl Pts',(0.437470088582239,0.44731819824197,0.251750859575461));
#8531=CARTESIAN_POINT('Ctrl Pts',(0.460072991842809,0.394123201436263,0.247777577641188));
#8532=CARTESIAN_POINT('Ctrl Pts',(0.427586556455669,0.346312428134465,0.243804295706914));
#8533=CARTESIAN_POINT('Ctrl Pts',(0.369802651472594,0.347737404250522,0.239831013772641));
#8534=CARTESIAN_POINT('Ctrl Pts',(0.339710524469094,0.397087502741062,0.235857731838367));
#8535=CARTESIAN_POINT('Ctrl Pts',(0.364905808082418,0.44910912947882,0.231884449904094));
#8536=CARTESIAN_POINT('Ctrl Pts',(0.422283529936159,0.456095796395762,0.22791116796982));
#8537=CARTESIAN_POINT('Ctrl Pts',(0.459226574677565,0.411641037578439,0.223937886035547));
#8538=CARTESIAN_POINT('Ctrl Pts',(0.441856983370703,0.356510990297001,0.219964604101274));
#8539=CARTESIAN_POINT('Ctrl Pts',(0.386103230535307,0.341261776058728,0.215991322167));
#8540=CARTESIAN_POINT('Ctrl Pts',(0.343093248590266,0.379877331035491,0.212018040232727));
#8541=CARTESIAN_POINT('Ctrl Pts',(0.352268543698947,0.436946017020411,0.208044758298453));
#8542=CARTESIAN_POINT('Ctrl Pts',(0.405215080516259,0.460134040283282,0.20407147636418));
#8543=CARTESIAN_POINT('Ctrl Pts',(0.453379225289779,0.428177265983526,0.200098194429906));
#8544=CARTESIAN_POINT('Ctrl Pts',(0.452592946219261,0.370381053388329,0.196124912495632));
#8545=CARTESIAN_POINT('Ctrl Pts',(0.4035772861397,0.339746344614615,0.192151630561359));
#8546=CARTESIAN_POINT('Ctrl Pts',(0.351281142432775,0.364366127053741,0.188178348627086));
#8547=CARTESIAN_POINT('Ctrl Pts',(0.343661719056684,0.421663288761144,0.184205066692812));
#8548=CARTESIAN_POINT('Ctrl Pts',(0.387706266171894,0.459094535155537,0.180231784758539));
#8549=CARTESIAN_POINT('Ctrl Pts',(0.443024552767788,0.442334239549675,0.176258502824265));
#8550=CARTESIAN_POINT('Ctrl Pts',(0.458887975141565,0.386752118569358,0.172285220889992));
#8551=CARTESIAN_POINT('Ctrl Pts',(0.42074927746556,0.343318720341062,0.168311938955718));
#8552=CARTESIAN_POINT('Ctrl Pts',(0.363582841625561,0.351863833216422,0.164338657021445));
#8553=CARTESIAN_POINT('Ctrl Pts',(0.339812082107891,0.404551320622588,0.160365375087171));
#8554=CARTESIAN_POINT('Ctrl Pts',(0.371235530946556,0.453065104389598,0.156392093152898));
#8555=CARTESIAN_POINT('Ctrl Pts',(0.429036899940141,0.452916522989443,0.152418811218624));
#8556=CARTESIAN_POINT('Ctrl Pts',(0.46021052118444,0.404241830867123,0.148445529284351));
#8557=CARTESIAN_POINT('Ctrl Pts',(0.436169205892947,0.351677245981661,0.144472247350077));
#8558=CARTESIAN_POINT('Ctrl Pts',(0.378959595026812,0.343426143633771,0.140498965415804));
#8559=CARTESIAN_POINT('Ctrl Pts',(0.341044694288354,0.387055038712369,0.13652568348153));
#8560=CARTESIAN_POINT('Ctrl Pts',(0.357193659981866,0.442554875355432,0.132552401547257));
#8561=CARTESIAN_POINT('Ctrl Pts',(0.412597377795579,0.459030544856076,0.128579119612983));
#8562=CARTESIAN_POINT('Ctrl Pts',(0.456448913198466,0.421373376442549,0.12460583767871));
#8563=CARTESIAN_POINT('Ctrl Pts',(0.448535009080207,0.36411610671173,0.120632555744436));
#8564=CARTESIAN_POINT('Ctrl Pts',(0.396113010165797,0.339765579693007,0.116659273810163));
#8565=CARTESIAN_POINT('Ctrl Pts',(0.347255443138285,0.370651735554264,0.11268599187589));
#8566=CARTESIAN_POINT('Ctrl Pts',(0.346766405063907,0.428451500316415,0.108712709941616));
#8567=CARTESIAN_POINT('Ctrl Pts',(0.395094017099623,0.460159704988807,0.104739428007342));
#8568=CARTESIAN_POINT('Ctrl Pts',(0.447921008924605,0.436700822518666,0.100766146073069));
#8569=CARTESIAN_POINT('Ctrl Pts',(0.456802077387008,0.379583704674323,0.0967928641387954));
#8570=CARTESIAN_POINT('Ctrl Pts',(0.413595523463545,0.341193697914428,0.092819582204522));
#8571=CARTESIAN_POINT('Ctrl Pts',(0.357918210720671,0.356721715378064,0.0888463002702485));
#8572=CARTESIAN_POINT('Ctrl Pts',(0.340837517240845,0.411955179851979,0.084873018335975));
#8573=CARTESIAN_POINT('Ctrl Pts',(0.377998419897087,0.456190483145884,0.0808997364017016));
#8574=CARTESIAN_POINT('Ctrl Pts',(0.435359321439458,0.44896579416359,0.076926454467428));
#8575=CARTESIAN_POINT('Ctrl Pts',(0.460248039833355,0.39669893640898,0.0729531725331546));
#8576=CARTESIAN_POINT('Ctrl Pts',(0.440069045920054,0.364092790426995,0.0703043179103056));
#8577=CARTESIAN_POINT('Ctrl Pts',(0.425312226357164,0.355667239011723,0.0689798905988811));
#8578=CARTESIAN_POINT('Ctrl Pts',(0.444989056278638,0.431405985516595,0.277794104708509));
#8579=CARTESIAN_POINT('Ctrl Pts',(0.455443006159758,0.416430708294765,0.276469677397085));
#8580=CARTESIAN_POINT('Ctrl Pts',(0.460033241554463,0.375475150295326,0.273820822774236));
#8581=CARTESIAN_POINT('Ctrl Pts',(0.411803606451848,0.336168515041669,0.269847540839962));
#8582=CARTESIAN_POINT('Ctrl Pts',(0.352768436961834,0.355553790350955,0.265874258905689));
#8583=CARTESIAN_POINT('Ctrl Pts',(0.337037762310409,0.415620178697795,0.261900976971415));
#8584=CARTESIAN_POINT('Ctrl Pts',(0.379049588448258,0.461401896612294,0.257927695037142));
#8585=CARTESIAN_POINT('Ctrl Pts',(0.440271476203961,0.450855863079518,0.253954413102868));
#8586=CARTESIAN_POINT('Ctrl Pts',(0.464564247191161,0.393683832558987,0.249981131168595));
#8587=CARTESIAN_POINT('Ctrl Pts',(0.429649018560909,0.342298567880725,0.246007849234322));
#8588=CARTESIAN_POINT('Ctrl Pts',(0.367544997926144,0.343830079919268,0.242034567300048));
#8589=CARTESIAN_POINT('Ctrl Pts',(0.335203084084969,0.396869754823238,0.238061285365775));
#8590=CARTESIAN_POINT('Ctrl Pts',(0.362282050345191,0.452780690252783,0.234088003431501));
#8591=CARTESIAN_POINT('Ctrl Pts',(0.423949520257864,0.460289703472037,0.230114721497228));
#8592=CARTESIAN_POINT('Ctrl Pts',(0.463654549082123,0.412511360009214,0.226141439562954));
#8593=CARTESIAN_POINT('Ctrl Pts',(0.444986349740893,0.353259608246075,0.222168157628681));
#8594=CARTESIAN_POINT('Ctrl Pts',(0.385064262135889,0.336870312368703,0.218194875694407));
#8595=CARTESIAN_POINT('Ctrl Pts',(0.338838711837792,0.378372893819404,0.214221593760134));
#8596=CARTESIAN_POINT('Ctrl Pts',(0.348699982323517,0.439708223320664,0.21024831182586));
#8597=CARTESIAN_POINT('Ctrl Pts',(0.405604977166023,0.464629859814745,0.206275029891587));
#8598=CARTESIAN_POINT('Ctrl Pts',(0.457370032534753,0.430283891484744,0.202301747957313));
#8599=CARTESIAN_POINT('Ctrl Pts',(0.456524968643098,0.36816664308011,0.19832846602304));
#8600=CARTESIAN_POINT('Ctrl Pts',(0.403844735870679,0.335241582262916,0.194355184088766));
#8601=CARTESIAN_POINT('Ctrl Pts',(0.347638759676363,0.361702020979731,0.190381902154493));
#8602=CARTESIAN_POINT('Ctrl Pts',(0.339449683034477,0.423282907803358,0.186408620220219));
#8603=CARTESIAN_POINT('Ctrl Pts',(0.386787146013019,0.463512637849177,0.182435338285946));
#8604=CARTESIAN_POINT('Ctrl Pts',(0.446241210483695,0.445499287168635,0.178462056351672));
#8605=CARTESIAN_POINT('Ctrl Pts',(0.463290634726096,0.38576166318326,0.174488774417399));
#8606=CARTESIAN_POINT('Ctrl Pts',(0.422300562003469,0.339081040601625,0.170515492483125));
#8607=CARTESIAN_POINT('Ctrl Pts',(0.360860174545004,0.348265014348176,0.166542210548852));
#8608=CARTESIAN_POINT('Ctrl Pts',(0.335312234508384,0.40489159238967,0.162568928614578));
#8609=CARTESIAN_POINT('Ctrl Pts',(0.369085004203742,0.457032426918237,0.158595646680305));
#8610=CARTESIAN_POINT('Ctrl Pts',(0.431207794516142,0.456872737081699,0.154622364746031));
#8611=CARTESIAN_POINT('Ctrl Pts',(0.464712058680763,0.404558964157548,0.150649082811758));
#8612=CARTESIAN_POINT('Ctrl Pts',(0.438873335226765,0.348064477235269,0.146675800877484));
#8613=CARTESIAN_POINT('Ctrl Pts',(0.377386544834563,0.339196495214617,0.142702518943211));
#8614=CARTESIAN_POINT('Ctrl Pts',(0.336637000847947,0.386087230636996,0.138729237008938));
#8615=CARTESIAN_POINT('Ctrl Pts',(0.353993316572087,0.445736418436201,0.134755955074664));
#8616=CARTESIAN_POINT('Ctrl Pts',(0.413539199380687,0.463443863423506,0.130782673140391));
#8617=CARTESIAN_POINT('Ctrl Pts',(0.460669220453592,0.42297132068197,0.126809391206117));
#8618=CARTESIAN_POINT('Ctrl Pts',(0.452163646716304,0.361433308290895,0.122836109271844));
#8619=CARTESIAN_POINT('Ctrl Pts',(0.39582240596337,0.335262255419321,0.11886282733757));
#8620=CARTESIAN_POINT('Ctrl Pts',(0.343312085801904,0.368457562339091,0.114889545403297));
#8621=CARTESIAN_POINT('Ctrl Pts',(0.342786485625329,0.430578628482416,0.110916263469023));
#8622=CARTESIAN_POINT('Ctrl Pts',(0.394727229608867,0.464657443298449,0.106942981534749));
#8623=CARTESIAN_POINT('Ctrl Pts',(0.451503741880443,0.439444697267859,0.102969699600476));
#8624=CARTESIAN_POINT('Ctrl Pts',(0.461048788363705,0.378057314981348,0.0989964176662024));
#8625=CARTESIAN_POINT('Ctrl Pts',(0.414611969716614,0.336797144477408,0.0950231357319292));
#8626=CARTESIAN_POINT('Ctrl Pts',(0.354772037118005,0.353486087830423,0.0910498537976555));
#8627=CARTESIAN_POINT('Ctrl Pts',(0.336414334559864,0.412848988597034,0.0870765718633822));
#8628=CARTESIAN_POINT('Ctrl Pts',(0.376353509076465,0.460391469316437,0.0831032899291085));
#8629=CARTESIAN_POINT('Ctrl Pts',(0.438002901135715,0.452626638715814,0.0791300079948352));
#8630=CARTESIAN_POINT('Ctrl Pts',(0.464752382347831,0.396452137988366,0.0751567260605617));
#8631=CARTESIAN_POINT('Ctrl Pts',(0.443064740179176,0.361408248803679,0.0725078714377127));
#8632=CARTESIAN_POINT('Ctrl Pts',(0.427204652029965,0.352352775326997,0.0711834441262882));
#8633=CARTESIAN_POINT('Ctrl Pts',(0.448118610922565,0.433590666769117,0.279997658235916));
#8634=CARTESIAN_POINT('Ctrl Pts',(0.459299764486181,0.417573670688296,0.278673230924492));
#8635=CARTESIAN_POINT('Ctrl Pts',(0.464209308479121,0.373769138575288,0.276024376301643));
#8636=CARTESIAN_POINT('Ctrl Pts',(0.41262469572204,0.331728232521784,0.27205109436737));
#8637=CARTESIAN_POINT('Ctrl Pts',(0.349482887771147,0.352461997516924,0.268077812433096));
#8638=CARTESIAN_POINT('Ctrl Pts',(0.332657946869669,0.416706758564683,0.264104530498822));
#8639=CARTESIAN_POINT('Ctrl Pts',(0.377592223853681,0.465673170708349,0.260131248564549));
#8640=CARTESIAN_POINT('Ctrl Pts',(0.443072863825682,0.454393527917067,0.256157966630276));
#8641=CARTESIAN_POINT('Ctrl Pts',(0.469055502539513,0.393244463681711,0.252184684696002));
#8642=CARTESIAN_POINT('Ctrl Pts',(0.431711480666149,0.338284707626984,0.248211402761728));
#8643=CARTESIAN_POINT('Ctrl Pts',(0.365287344379694,0.339922755588014,0.244238120827455));
#8644=CARTESIAN_POINT('Ctrl Pts',(0.330695643700843,0.396652006905414,0.240264838893182));
#8645=CARTESIAN_POINT('Ctrl Pts',(0.359658292607963,0.456452251026746,0.236291556958908));
#8646=CARTESIAN_POINT('Ctrl Pts',(0.425615510579569,0.464483610548312,0.232318275024634));
#8647=CARTESIAN_POINT('Ctrl Pts',(0.468082523486681,0.413381682439988,0.228344993090361));
#8648=CARTESIAN_POINT('Ctrl Pts',(0.448115716111084,0.350008226195149,0.224371711156088));
#8649=CARTESIAN_POINT('Ctrl Pts',(0.384025293736472,0.332478848678676,0.220398429221814));
#8650=CARTESIAN_POINT('Ctrl Pts',(0.334584175085317,0.376868456603318,0.216425147287541));
#8651=CARTESIAN_POINT('Ctrl Pts',(0.345131420948088,0.442470429620917,0.212451865353267));
#8652=CARTESIAN_POINT('Ctrl Pts',(0.405994873815785,0.469125679346208,0.208478583418994));
#8653=CARTESIAN_POINT('Ctrl Pts',(0.461360839779729,0.432390516985961,0.20450530148472));
#8654=CARTESIAN_POINT('Ctrl Pts',(0.460456991066934,0.365952232771892,0.200532019550447));
#8655=CARTESIAN_POINT('Ctrl Pts',(0.404112185601659,0.330736819911218,0.196558737616173));
#8656=CARTESIAN_POINT('Ctrl Pts',(0.343996376919949,0.359037914905721,0.1925854556819));
#8657=CARTESIAN_POINT('Ctrl Pts',(0.33523764701227,0.424902526845572,0.188612173747626));
#8658=CARTESIAN_POINT('Ctrl Pts',(0.385868025854143,0.467930740542816,0.184638891813353));
#8659=CARTESIAN_POINT('Ctrl Pts',(0.449457868199603,0.448664334787596,0.18066560987908));
#8660=CARTESIAN_POINT('Ctrl Pts',(0.467693294310627,0.384771207797163,0.176692327944806));
#8661=CARTESIAN_POINT('Ctrl Pts',(0.423851846541377,0.334843360862187,0.172719046010533));
#8662=CARTESIAN_POINT('Ctrl Pts',(0.358137507464447,0.344666195479929,0.168745764076259));
#8663=CARTESIAN_POINT('Ctrl Pts',(0.330812386908876,0.405231864156752,0.164772482141986));
#8664=CARTESIAN_POINT('Ctrl Pts',(0.366934477460928,0.460999749446875,0.160799200207712));
#8665=CARTESIAN_POINT('Ctrl Pts',(0.433378689092145,0.460828951173955,0.156825918273438));
#8666=CARTESIAN_POINT('Ctrl Pts',(0.469213596177085,0.404876097447974,0.152852636339165));
#8667=CARTESIAN_POINT('Ctrl Pts',(0.441577464560584,0.344451708488876,0.148879354404891));
#8668=CARTESIAN_POINT('Ctrl Pts',(0.375813494642313,0.334966846795464,0.144906072470618));
#8669=CARTESIAN_POINT('Ctrl Pts',(0.33222930740754,0.385119422561623,0.140932790536344));
#8670=CARTESIAN_POINT('Ctrl Pts',(0.350792973162309,0.448917961516969,0.136959508602071));
#8671=CARTESIAN_POINT('Ctrl Pts',(0.414481020965796,0.467857181990938,0.132986226667798));
#8672=CARTESIAN_POINT('Ctrl Pts',(0.464889527708717,0.42456926492139,0.129012944733524));
#8673=CARTESIAN_POINT('Ctrl Pts',(0.455792284352402,0.358750509870062,0.125039662799251));
#8674=CARTESIAN_POINT('Ctrl Pts',(0.395531801760944,0.330758931145635,0.121066380864977));
#8675=CARTESIAN_POINT('Ctrl Pts',(0.339368728465524,0.366263389123919,0.117093098930704));
#8676=CARTESIAN_POINT('Ctrl Pts',(0.338806566186751,0.432705756648416,0.11311981699643));
#8677=CARTESIAN_POINT('Ctrl Pts',(0.394360442118111,0.469155181608092,0.109146535062157));
#8678=CARTESIAN_POINT('Ctrl Pts',(0.455086474836282,0.442188572017051,0.105173253127883));
#8679=CARTESIAN_POINT('Ctrl Pts',(0.465295499340403,0.376530925288374,0.10119997119361));
#8680=CARTESIAN_POINT('Ctrl Pts',(0.415628415969684,0.332400591040387,0.0972266892593362));
#8681=CARTESIAN_POINT('Ctrl Pts',(0.351625863515339,0.350250460282782,0.0932534073250627));
#8682=CARTESIAN_POINT('Ctrl Pts',(0.331991151878882,0.413742797342089,0.0892801253907892));
#8683=CARTESIAN_POINT('Ctrl Pts',(0.374708598255842,0.464592455486992,0.0853068434565157));
#8684=CARTESIAN_POINT('Ctrl Pts',(0.440646480831972,0.456287483268038,0.0813335615222423));
#8685=CARTESIAN_POINT('Ctrl Pts',(0.469256724862307,0.396205339567751,0.0773602795879688));
#8686=CARTESIAN_POINT('Ctrl Pts',(0.446060434438299,0.358723707180363,0.0747114249651198));
#8687=CARTESIAN_POINT('Ctrl Pts',(0.429097077702766,0.349038311642271,0.0733869976536953));
#8688=CARTESIAN_POINT('Ctrl Pts',(0.451248165566492,0.435775348021638,0.282201211763324));
#8689=CARTESIAN_POINT('Ctrl Pts',(0.463156522812604,0.418716633081826,0.280876784451899));
#8690=CARTESIAN_POINT('Ctrl Pts',(0.468385375403778,0.372063126855247,0.27822792982905));
#8691=CARTESIAN_POINT('Ctrl Pts',(0.413445784992233,0.327287950001901,0.274254647894776));
#8692=CARTESIAN_POINT('Ctrl Pts',(0.346197338580461,0.349370204682892,0.270281365960503));
#8693=CARTESIAN_POINT('Ctrl Pts',(0.328278131428928,0.417793338431571,0.266308084026229));
#8694=CARTESIAN_POINT('Ctrl Pts',(0.376134859259104,0.469944444804405,0.262334802091956));
#8695=CARTESIAN_POINT('Ctrl Pts',(0.445874251447404,0.457931192754615,0.258361520157682));
#8696=CARTESIAN_POINT('Ctrl Pts',(0.473546757887865,0.392805094804436,0.25438823822341));
#8697=CARTESIAN_POINT('Ctrl Pts',(0.433773942771388,0.334270847373244,0.250414956289136));
#8698=CARTESIAN_POINT('Ctrl Pts',(0.363029690833244,0.33601543125676,0.246441674354862));
#8699=CARTESIAN_POINT('Ctrl Pts',(0.326188203316717,0.396434258987589,0.242468392420589));
#8700=CARTESIAN_POINT('Ctrl Pts',(0.357034534870736,0.460123811800709,0.238495110486315));
#8701=CARTESIAN_POINT('Ctrl Pts',(0.427281500901273,0.468677517624586,0.234521828552042));
#8702=CARTESIAN_POINT('Ctrl Pts',(0.472510497891239,0.414252004870762,0.230548546617768));
#8703=CARTESIAN_POINT('Ctrl Pts',(0.451245082481273,0.346756844144223,0.226575264683495));
#8704=CARTESIAN_POINT('Ctrl Pts',(0.382986325337055,0.328087384988649,0.222601982749221));
#8705=CARTESIAN_POINT('Ctrl Pts',(0.330329638332843,0.375364019387232,0.218628700814948));
#8706=CARTESIAN_POINT('Ctrl Pts',(0.341562859572658,0.445232635921169,0.214655418880674));
#8707=CARTESIAN_POINT('Ctrl Pts',(0.406384770465548,0.473621498877671,0.210682136946401));
#8708=CARTESIAN_POINT('Ctrl Pts',(0.465351647024705,0.434497142487177,0.206708855012127));
#8709=CARTESIAN_POINT('Ctrl Pts',(0.464389013490771,0.363737822463674,0.202735573077854));
#8710=CARTESIAN_POINT('Ctrl Pts',(0.404379635332639,0.326232057559519,0.19876229114358));
#8711=CARTESIAN_POINT('Ctrl Pts',(0.340353994163536,0.35637380883171,0.194789009209307));
#8712=CARTESIAN_POINT('Ctrl Pts',(0.331025610990063,0.426522145887787,0.190815727275034));
#8713=CARTESIAN_POINT('Ctrl Pts',(0.384948905695267,0.472348843236456,0.18684244534076));
#8714=CARTESIAN_POINT('Ctrl Pts',(0.45267452591551,0.451829382406556,0.182869163406487));
#8715=CARTESIAN_POINT('Ctrl Pts',(0.472095953895158,0.383780752411066,0.178895881472213));
#8716=CARTESIAN_POINT('Ctrl Pts',(0.425403131079285,0.33060568112275,0.174922599537939));
#8717=CARTESIAN_POINT('Ctrl Pts',(0.35541484038389,0.341067376611682,0.170949317603666));
#8718=CARTESIAN_POINT('Ctrl Pts',(0.326312539309367,0.405572135923835,0.166976035669392));
#8719=CARTESIAN_POINT('Ctrl Pts',(0.364783950718115,0.464967071975513,0.163002753735119));
#8720=CARTESIAN_POINT('Ctrl Pts',(0.435549583668145,0.464785165266212,0.159029471800845));
#8721=CARTESIAN_POINT('Ctrl Pts',(0.473715133673409,0.405193230738398,0.155056189866572));
#8722=CARTESIAN_POINT('Ctrl Pts',(0.444281593894401,0.340838939742484,0.151082907932298));
#8723=CARTESIAN_POINT('Ctrl Pts',(0.374240444450064,0.330737198376311,0.147109625998025));
#8724=CARTESIAN_POINT('Ctrl Pts',(0.327821613967133,0.38415161448625,0.143136344063751));
#8725=CARTESIAN_POINT('Ctrl Pts',(0.347592629752529,0.452099504597737,0.139163062129478));
#8726=CARTESIAN_POINT('Ctrl Pts',(0.415422842550905,0.472270500558369,0.135189780195205));
#8727=CARTESIAN_POINT('Ctrl Pts',(0.469109834963842,0.42616720916081,0.131216498260931));
#8728=CARTESIAN_POINT('Ctrl Pts',(0.4594209219885,0.356067711449228,0.127243216326658));
#8729=CARTESIAN_POINT('Ctrl Pts',(0.395241197558517,0.326255606871948,0.123269934392384));
#8730=CARTESIAN_POINT('Ctrl Pts',(0.335425371129144,0.364069215908746,0.119296652458111));
#8731=CARTESIAN_POINT('Ctrl Pts',(0.334826646748172,0.434832884814417,0.115323370523837));
#8732=CARTESIAN_POINT('Ctrl Pts',(0.393993654627355,0.473652919917735,0.111350088589564));
#8733=CARTESIAN_POINT('Ctrl Pts',(0.45866920779212,0.444932446766242,0.10737680665529));
#8734=CARTESIAN_POINT('Ctrl Pts',(0.469542210317101,0.3750045355954,0.103403524721017));
#8735=CARTESIAN_POINT('Ctrl Pts',(0.416644862222753,0.328004037603365,0.0994302427867431));
#8736=CARTESIAN_POINT('Ctrl Pts',(0.348479689912673,0.347014832735142,0.0954569608524698));
#8737=CARTESIAN_POINT('Ctrl Pts',(0.3275679691979,0.414636606087144,0.0914836789181962));
#8738=CARTESIAN_POINT('Ctrl Pts',(0.37306368743522,0.468793441657546,0.0875103969839228));
#8739=CARTESIAN_POINT('Ctrl Pts',(0.443290060528229,0.459948327820262,0.0835371150496493));
#8740=CARTESIAN_POINT('Ctrl Pts',(0.473761067376782,0.395958541147136,0.0795638331153758));
#8741=CARTESIAN_POINT('Ctrl Pts',(0.449056128697421,0.356039165557046,0.0769149784925268));
#8742=CARTESIAN_POINT('Ctrl Pts',(0.430989503375568,0.345723847957545,0.0755905511811023));
#8743=CARTESIAN_POINT('Ctrl Pts',(0.441859501634711,0.429221304264074,0.275590551181102));
#8744=CARTESIAN_POINT('Ctrl Pts',(0.444997972620109,0.425809012451362,0.275590551181102));
#8745=CARTESIAN_POINT('Ctrl Pts',(0.447604973622792,0.421970200357926,0.275590551181102));
#8746=CARTESIAN_POINT('Ctrl Pts',(0.449686321267139,0.417845407563699,0.275590551181102));
#8747=CARTESIAN_POINT('Ctrl Pts',(0.450615857943285,0.416003261589597,0.275590551181102));
#8748=CARTESIAN_POINT('Ctrl Pts',(0.451440189195824,0.414103456503688,0.275590551181102));
#8749=CARTESIAN_POINT('Ctrl Pts',(0.452157766964403,0.412156158375002,0.275590551181102));
#8750=CARTESIAN_POINT('Ctrl Pts',(0.452827284414003,0.410339282025402,0.275590551181102));
#8751=CARTESIAN_POINT('Ctrl Pts',(0.45340056417969,0.408489785829683,0.275590551181102));
#8752=CARTESIAN_POINT('Ctrl Pts',(0.453877524381919,0.406618419891196,0.275590551181102));
#8753=CARTESIAN_POINT('Ctrl Pts',(0.454761604054811,0.40314970996733,0.275590551181102));
#8754=CARTESIAN_POINT('Ctrl Pts',(0.455316049389471,0.399604668248726,0.275590551181102));
#8755=CARTESIAN_POINT('Ctrl Pts',(0.455535272086675,0.396035770404961,0.275590551181102));
#8756=CARTESIAN_POINT('Ctrl Pts',(0.455657615924585,0.394044039325641,0.275590551181102));
#8757=CARTESIAN_POINT('Ctrl Pts',(0.455675186128991,0.392041893810943,0.275590551181102));
#8758=CARTESIAN_POINT('Ctrl Pts',(0.455585824052656,0.390047455908152,0.275590551181102));
#8759=CARTESIAN_POINT('Ctrl Pts',(0.455402565485548,0.385957378246121,0.275590551181102));
#8760=CARTESIAN_POINT('Ctrl Pts',(0.454772858862131,0.381916526435639,0.275590551181102));
#8761=CARTESIAN_POINT('Ctrl Pts',(0.453688124185518,0.377998820643248,0.275590551181102));
#8762=CARTESIAN_POINT('Ctrl Pts',(0.452969047580642,0.375401751847685,0.275590551181102));
#8763=CARTESIAN_POINT('Ctrl Pts',(0.452049655955693,0.372858557864333,0.275590551181102));
#8764=CARTESIAN_POINT('Ctrl Pts',(0.450946484925257,0.370381529954096,0.275590551181102));
#8765=CARTESIAN_POINT('Ctrl Pts',(0.44995826661425,0.368162613512097,0.275590551181102));
#8766=CARTESIAN_POINT('Ctrl Pts',(0.448825466908704,0.36600419484932,0.275590551181102));
#8767=CARTESIAN_POINT('Ctrl Pts',(0.447564924450115,0.363921029856063,0.275590551181102));
#8768=CARTESIAN_POINT('Ctrl Pts',(0.446068800855034,0.361448544873408,0.275590551181102));
#8769=CARTESIAN_POINT('Ctrl Pts',(0.44439157277435,0.359079182416368,0.275590551181102));
#8770=CARTESIAN_POINT('Ctrl Pts',(0.44255231025641,0.356827825040315,0.275590551181102));
#8771=CARTESIAN_POINT('Ctrl Pts',(0.440909276807855,0.35481666271986,0.275590551181102));
#8772=CARTESIAN_POINT('Ctrl Pts',(0.439143079672571,0.352907394092589,0.275590551181102));
#8773=CARTESIAN_POINT('Ctrl Pts',(0.437269018671557,0.351110894452389,0.275590551181102));
#8774=CARTESIAN_POINT('Ctrl Pts',(0.435270773593848,0.349195350315249,0.275590551181102));
#8775=CARTESIAN_POINT('Ctrl Pts',(0.433149573384697,0.347407562650488,0.275590551181102));
#8776=CARTESIAN_POINT('Ctrl Pts',(0.430919974184476,0.345760874300717,0.275590551181102));
#8777=CARTESIAN_POINT('Ctrl Pts',(0.348870896972487,0.399984922412951,0.235665680050506));
#8778=CARTESIAN_POINT('Ctrl Pts',(0.348867723738884,0.399167092427764,0.235729697313126));
#8779=CARTESIAN_POINT('Ctrl Pts',(0.348885644092574,0.398349404802881,0.235793714575747));
#8780=CARTESIAN_POINT('Ctrl Pts',(0.348925092905232,0.397532757448932,0.235857731838367));
#8781=CARTESIAN_POINT('Ctrl Pts',(0.349741233470261,0.380637469910882,0.237182159149792));
#8782=CARTESIAN_POINT('Ctrl Pts',(0.359771942471427,0.364187437080702,0.238506586461217));
#8783=CARTESIAN_POINT('Ctrl Pts',(0.374417947802523,0.355724924646269,0.239831013772641));
#8784=CARTESIAN_POINT('Ctrl Pts',(0.389063953133619,0.347262412211837,0.241155441084066));
#8785=CARTESIAN_POINT('Ctrl Pts',(0.408325254794644,0.346787420173151,0.24247986839549));
#8786=CARTESIAN_POINT('Ctrl Pts',(0.423370311523013,0.354518386370774,0.243804295706914));
#8787=CARTESIAN_POINT('Ctrl Pts',(0.438415368251382,0.362249352568398,0.245128723018339));
#8788=CARTESIAN_POINT('Ctrl Pts',(0.449244180047095,0.37818627700233,0.246453150329763));
#8789=CARTESIAN_POINT('Ctrl Pts',(0.450891435401524,0.395020572020248,0.247777577641188));
#8790=CARTESIAN_POINT('Ctrl Pts',(0.452538690755952,0.411854867038165,0.249102004952612));
#8791=CARTESIAN_POINT('Ctrl Pts',(0.445004389669096,0.429586532640067,0.250426432264037));
#8792=CARTESIAN_POINT('Ctrl Pts',(0.431743383202433,0.44008776948673,0.251750859575461));
#8793=CARTESIAN_POINT('Ctrl Pts',(0.418482376735771,0.450589006333392,0.253075286886886));
#8794=CARTESIAN_POINT('Ctrl Pts',(0.399494664889304,0.453859814424815,0.25439971419831));
#8795=CARTESIAN_POINT('Ctrl Pts',(0.383485913084122,0.448395714522971,0.255724141509735));
#8796=CARTESIAN_POINT('Ctrl Pts',(0.36747716127894,0.442931614621128,0.257048568821159));
#8797=CARTESIAN_POINT('Ctrl Pts',(0.354447369515044,0.428732606726017,0.258372996132584));
#8798=CARTESIAN_POINT('Ctrl Pts',(0.350371875033325,0.412318433504142,0.259697423444008));
#8799=CARTESIAN_POINT('Ctrl Pts',(0.349378710057382,0.408318432516248,0.260020175646174));
#8800=CARTESIAN_POINT('Ctrl Pts',(0.34891730265175,0.404186882296195,0.26034292784834));
#8801=CARTESIAN_POINT('Ctrl Pts',(0.34895525122099,0.400047136379446,0.260665680050506));
#8802=CARTESIAN_POINT('Ctrl Pts',(0.369010496624432,0.345723847957545,0.275590551181102));
#8803=CARTESIAN_POINT('Ctrl Pts',(0.350943871302578,0.356039165557046,0.274266123869678));
#8804=CARTESIAN_POINT('Ctrl Pts',(0.326238866046848,0.395958391743472,0.271617269246829));
#8805=CARTESIAN_POINT('Ctrl Pts',(0.356709983183669,0.459948402697537,0.267643987312555));
#8806=CARTESIAN_POINT('Ctrl Pts',(0.426936292406142,0.468793380613041,0.263670705378282));
#8807=CARTESIAN_POINT('Ctrl Pts',(0.472432026344898,0.414636634558368,0.259697423444008));
#8808=CARTESIAN_POINT('Ctrl Pts',(0.451520299805386,0.347014822462783,0.255724141509735));
#8809=CARTESIAN_POINT('Ctrl Pts',(0.383355141103204,0.328004059272923,0.251750859575461));
#8810=CARTESIAN_POINT('Ctrl Pts',(0.330457800070215,0.375004533187877,0.247777577641188));
#8811=CARTESIAN_POINT('Ctrl Pts',(0.34133080108014,0.44493244348375,0.243804295706914));
#8812=CARTESIAN_POINT('Ctrl Pts',(0.406006344542206,0.473652906735285,0.239831013772641));
#8813=CARTESIAN_POINT('Ctrl Pts',(0.465173343282317,0.434832880646766,0.235857731838367));
#8814=CARTESIAN_POINT('Ctrl Pts',(0.46457461912173,0.36406922074007,0.231884449904094));
#8815=CARTESIAN_POINT('Ctrl Pts',(0.404758801682075,0.326255618413576,0.22791116796982));
#8816=CARTESIAN_POINT('Ctrl Pts',(0.340579087056569,0.356067717929218,0.223937886035547));
#8817=CARTESIAN_POINT('Ctrl Pts',(0.330890175514567,0.426167205292137,0.219964604101273));
#8818=CARTESIAN_POINT('Ctrl Pts',(0.384577159799212,0.472270489528881,0.215991322167));
#8819=CARTESIAN_POINT('Ctrl Pts',(0.452407362285653,0.452099496718612,0.212018040232727));
#8820=CARTESIAN_POINT('Ctrl Pts',(0.472178375077137,0.384151616875659,0.208044758298453));
#8821=CARTESIAN_POINT('Ctrl Pts',(0.425759551637315,0.330737208901336,0.20407147636418));
#8822=CARTESIAN_POINT('Ctrl Pts',(0.355718412829644,0.340838948719802,0.200098194429906));
#8823=CARTESIAN_POINT('Ctrl Pts',(0.326284877517993,0.405193229952567,0.196124912495633));
#8824=CARTESIAN_POINT('Ctrl Pts',(0.36445042172951,0.464785155428683,0.192151630561359));
#8825=CARTESIAN_POINT('Ctrl Pts',(0.435216043934992,0.46496706211254,0.188178348627086));
#8826=CARTESIAN_POINT('Ctrl Pts',(0.473687449502998,0.405572135077439,0.184205066692812));
#8827=CARTESIAN_POINT('Ctrl Pts',(0.444585152846851,0.341067385559424,0.180231784758539));
#8828=CARTESIAN_POINT('Ctrl Pts',(0.374596872777604,0.330605691658571,0.176258502824265));
#8829=CARTESIAN_POINT('Ctrl Pts',(0.327904057050925,0.383780754873577,0.172285220889992));
#8830=CARTESIAN_POINT('Ctrl Pts',(0.347325482081864,0.451829374537559,0.168311938955718));
#8831=CARTESIAN_POINT('Ctrl Pts',(0.41505109201962,0.472348832251777,0.164338657021445));
#8832=CARTESIAN_POINT('Ctrl Pts',(0.468974378537694,0.426522141861416,0.160365375087171));
#8833=CARTESIAN_POINT('Ctrl Pts',(0.459645996780794,0.356373815454577,0.156392093152898));
#8834=CARTESIAN_POINT('Ctrl Pts',(0.395620365331958,0.326232068760858,0.152418811218624));
#8835=CARTESIAN_POINT('Ctrl Pts',(0.335610996285858,0.36373782796663,0.148445529284351));
#8836=CARTESIAN_POINT('Ctrl Pts',(0.334648362896145,0.43449713725442,0.144472247350077));
#8837=CARTESIAN_POINT('Ctrl Pts',(0.393615230506243,0.473621487691055,0.140498965415804));
#8838=CARTESIAN_POINT('Ctrl Pts',(0.458437131550427,0.445232629070063,0.13652568348153));
#8839=CARTESIAN_POINT('Ctrl Pts',(0.4696703510981,0.375364023097514,0.132552401547257));
#8840=CARTESIAN_POINT('Ctrl Pts',(0.417013672063148,0.328087395961968,0.128579119612983));
#8841=CARTESIAN_POINT('Ctrl Pts',(0.348754925330798,0.346756852127658,0.12460583767871));
#8842=CARTESIAN_POINT('Ctrl Pts',(0.327489513057508,0.41425200288873,0.120632555744436));
#8843=CARTESIAN_POINT('Ctrl Pts',(0.372718503355307,0.46867750686971,0.116659273810163));
#8844=CARTESIAN_POINT('Ctrl Pts',(0.442965458388478,0.460123803259693,0.112685991875889));
#8845=CARTESIAN_POINT('Ctrl Pts',(0.473811785889442,0.396434258484163,0.108712709941616));
#8846=CARTESIAN_POINT('Ctrl Pts',(0.436970302770802,0.336015442813508,0.104739428007342));
#8847=CARTESIAN_POINT('Ctrl Pts',(0.366226063840318,0.334270854139125,0.100766146073069));
#8848=CARTESIAN_POINT('Ctrl Pts',(0.326453250467639,0.392805101428483,0.0967928641387954));
#8849=CARTESIAN_POINT('Ctrl Pts',(0.354125760838331,0.45793117459718,0.0928195822045221));
#8850=CARTESIAN_POINT('Ctrl Pts',(0.423865127050317,0.469944449683728,0.0888463002702485));
#8851=CARTESIAN_POINT('Ctrl Pts',(0.471721876736403,0.417793310794557,0.084873018335975));
#8852=CARTESIAN_POINT('Ctrl Pts',(0.453802617060123,0.349370251212933,0.0808997364017015));
#8853=CARTESIAN_POINT('Ctrl Pts',(0.386554286575243,0.327287901058739,0.0769264544674281));
#8854=CARTESIAN_POINT('Ctrl Pts',(0.331614500450433,0.37206323335262,0.0729531725331546));
#8855=CARTESIAN_POINT('Ctrl Pts',(0.336843477187394,0.418716633081825,0.0703043179103056));
#8856=CARTESIAN_POINT('Ctrl Pts',(0.348751834433506,0.435775348021637,0.0689798905988811));
#8857=CARTESIAN_POINT('Ctrl Pts',(0.370902922297233,0.349038311642271,0.277794104708509));
#8858=CARTESIAN_POINT('Ctrl Pts',(0.3539395655617,0.358723707180362,0.276469677397085));
#8859=CARTESIAN_POINT('Ctrl Pts',(0.330743212626921,0.39620519928767,0.273820822774236));
#8860=CARTESIAN_POINT('Ctrl Pts',(0.359353560210586,0.456287553572808,0.269847540839962));
#8861=CARTESIAN_POINT('Ctrl Pts',(0.42529138281654,0.464592398170271,0.265874258905689));
#8862=CARTESIAN_POINT('Ctrl Pts',(0.468008843936104,0.413742824074671,0.261900976971416));
#8863=CARTESIAN_POINT('Ctrl Pts',(0.448374126830604,0.350250450637723,0.257927695037142));
#8864=CARTESIAN_POINT('Ctrl Pts',(0.384371587153168,0.332400611386656,0.253954413102868));
#8865=CARTESIAN_POINT('Ctrl Pts',(0.334704510412594,0.376530923027871,0.249981131168595));
#8866=CARTESIAN_POINT('Ctrl Pts',(0.344913533494179,0.442188568935009,0.246007849234321));
#8867=CARTESIAN_POINT('Ctrl Pts',(0.405639557102163,0.46915516923065,0.242034567300048));
#8868=CARTESIAN_POINT('Ctrl Pts',(0.461193424452542,0.432705752735271,0.238061285365775));
#8869=CARTESIAN_POINT('Ctrl Pts',(0.460631262380698,0.36626339366021,0.234088003431501));
#8870=CARTESIAN_POINT('Ctrl Pts',(0.404468197526023,0.330758941982453,0.230114721497228));
#8871=CARTESIAN_POINT('Ctrl Pts',(0.344207724140314,0.35875051595434,0.226141439562954));
#8872=CARTESIAN_POINT('Ctrl Pts',(0.335110482129812,0.424569261288964,0.222168157628681));
#8873=CARTESIAN_POINT('Ctrl Pts',(0.385518981240806,0.467857171634984,0.218194875694407));
#8874=CARTESIAN_POINT('Ctrl Pts',(0.449207019362076,0.448917954118996,0.214221593760134));
#8875=CARTESIAN_POINT('Ctrl Pts',(0.467770682305759,0.385119424805119,0.21024831182586));
#8876=CARTESIAN_POINT('Ctrl Pts',(0.424186501683997,0.334966856677761,0.206275029891587));
#8877=CARTESIAN_POINT('Ctrl Pts',(0.358422541752846,0.34445171691798,0.202301747957313));
#8878=CARTESIAN_POINT('Ctrl Pts',(0.330786414330895,0.404876096710129,0.19832846602304));
#8879=CARTESIAN_POINT('Ctrl Pts',(0.366621315975895,0.460828941937172,0.194355184088766));
#8880=CARTESIAN_POINT('Ctrl Pts',(0.433065517518695,0.4609997401862,0.190381902154493));
#8881=CARTESIAN_POINT('Ctrl Pts',(0.469187602586682,0.405231863362043,0.186408620220219));
#8882=CARTESIAN_POINT('Ctrl Pts',(0.441862486179671,0.344666203881261,0.182435338285946));
#8883=CARTESIAN_POINT('Ctrl Pts',(0.376148157079985,0.334843370754621,0.178462056351672));
#8884=CARTESIAN_POINT('Ctrl Pts',(0.332306715967015,0.384771210109298,0.174488774417399));
#8885=CARTESIAN_POINT('Ctrl Pts',(0.350542139309398,0.448664327399132,0.170515492483125));
#8886=CARTESIAN_POINT('Ctrl Pts',(0.414131972000288,0.467930730228935,0.166542210548852));
#8887=CARTESIAN_POINT('Ctrl Pts',(0.464762343154992,0.424902523065079,0.162568928614579));
#8888=CARTESIAN_POINT('Ctrl Pts',(0.45600361457738,0.359037921124151,0.158595646680305));
#8889=CARTESIAN_POINT('Ctrl Pts',(0.395887815022353,0.330736830428528,0.154622364746031));
#8890=CARTESIAN_POINT('Ctrl Pts',(0.339543018112668,0.365952237938801,0.150649082811758));
#8891=CARTESIAN_POINT('Ctrl Pts',(0.338639169535287,0.432390512072749,0.146675800877484));
#8892=CARTESIAN_POINT('Ctrl Pts',(0.394005127096662,0.469125668842722,0.142702518943211));
#8893=CARTESIAN_POINT('Ctrl Pts',(0.45486857071708,0.442470423188184,0.138729237008937));
#8894=CARTESIAN_POINT('Ctrl Pts',(0.465415814991043,0.376868460087026,0.134755955074664));
#8895=CARTESIAN_POINT('Ctrl Pts',(0.415974703822492,0.33247885898189,0.13078267314039));
#8896=CARTESIAN_POINT('Ctrl Pts',(0.35188429122393,0.350008233691063,0.126809391206117));
#8897=CARTESIAN_POINT('Ctrl Pts',(0.331917486793463,0.413381680578991,0.122836109271843));
#8898=CARTESIAN_POINT('Ctrl Pts',(0.374384493417076,0.4644836004502,0.11886282733757));
#8899=CARTESIAN_POINT('Ctrl Pts',(0.440341701062888,0.456452243007301,0.114889545403296));
#8900=CARTESIAN_POINT('Ctrl Pts',(0.46930434616446,0.396652006432731,0.110916263469023));
#8901=CARTESIAN_POINT('Ctrl Pts',(0.434712649614932,0.33992276643903,0.10694298153475));
#8902=CARTESIAN_POINT('Ctrl Pts',(0.368288525541802,0.338284713979697,0.102969699600476));
#8903=CARTESIAN_POINT('Ctrl Pts',(0.330944505305749,0.39324446990125,0.0989964176662027));
#8904=CARTESIAN_POINT('Ctrl Pts',(0.356927147709803,0.454393510868446,0.0950231357319289));
#8905=CARTESIAN_POINT('Ctrl Pts',(0.422407763291778,0.465673175289708,0.0910498537976557));
#8906=CARTESIAN_POINT('Ctrl Pts',(0.467342060797033,0.41670673261537,0.087076571863382));
#8907=CARTESIAN_POINT('Ctrl Pts',(0.450517070578318,0.35246204120553,0.0831032899291087));
#8908=CARTESIAN_POINT('Ctrl Pts',(0.387375371475048,0.331728186567419,0.0791300079948351));
#8909=CARTESIAN_POINT('Ctrl Pts',(0.33579057495626,0.37376923856922,0.0751567260605618));
#8910=CARTESIAN_POINT('Ctrl Pts',(0.340700235513817,0.417573670688294,0.0725078714377127));
#8911=CARTESIAN_POINT('Ctrl Pts',(0.351881389077433,0.433590666769116,0.0711834441262882));
#8912=CARTESIAN_POINT('Ctrl Pts',(0.372795347970034,0.352352775326997,0.279997658235916));
#8913=CARTESIAN_POINT('Ctrl Pts',(0.356935259820823,0.361408248803678,0.278673230924492));
#8914=CARTESIAN_POINT('Ctrl Pts',(0.335247559206993,0.396452006831869,0.276024376301643));
#8915=CARTESIAN_POINT('Ctrl Pts',(0.361997137237503,0.452626704448078,0.272051094367369));
#8916=CARTESIAN_POINT('Ctrl Pts',(0.423646473226939,0.460391415727501,0.268077812433096));
#8917=CARTESIAN_POINT('Ctrl Pts',(0.463585661527308,0.412849013590973,0.264104530498823));
#8918=CARTESIAN_POINT('Ctrl Pts',(0.445227953855822,0.353486078812662,0.260131248564549));
#8919=CARTESIAN_POINT('Ctrl Pts',(0.385388033203132,0.33679716350039,0.256157966630275));
#8920=CARTESIAN_POINT('Ctrl Pts',(0.338951220754973,0.378057312867864,0.252184684696002));
#8921=CARTESIAN_POINT('Ctrl Pts',(0.348496265908219,0.439444694386267,0.248211402761728));
#8922=CARTESIAN_POINT('Ctrl Pts',(0.405272769662118,0.464657431726016,0.244238120827455));
#8923=CARTESIAN_POINT('Ctrl Pts',(0.45721350562277,0.430578624823774,0.240264838893182));
#8924=CARTESIAN_POINT('Ctrl Pts',(0.456687905639663,0.36845756658035,0.236291556958908));
#8925=CARTESIAN_POINT('Ctrl Pts',(0.404177593369971,0.335262265551331,0.232318275024635));
#8926=CARTESIAN_POINT('Ctrl Pts',(0.347836361224059,0.361433313979463,0.228344993090361));
#8927=CARTESIAN_POINT('Ctrl Pts',(0.339330788745055,0.42297131728579,0.224371711156088));
#8928=CARTESIAN_POINT('Ctrl Pts',(0.386460802682401,0.463443853741087,0.220398429221814));
#8929=CARTESIAN_POINT('Ctrl Pts',(0.446006676438499,0.445736411519379,0.216425147287541));
#8930=CARTESIAN_POINT('Ctrl Pts',(0.463362989534382,0.386087232734579,0.212451865353267));
#8931=CARTESIAN_POINT('Ctrl Pts',(0.422613451730678,0.339196504454186,0.208478583418994));
#8932=CARTESIAN_POINT('Ctrl Pts',(0.361126670676049,0.348064485116157,0.20450530148472));
#8933=CARTESIAN_POINT('Ctrl Pts',(0.335287951143796,0.404558963467693,0.200532019550447));
#8934=CARTESIAN_POINT('Ctrl Pts',(0.368792210222279,0.45687272844566,0.196558737616173));
#8935=CARTESIAN_POINT('Ctrl Pts',(0.430914991102398,0.457032418259862,0.1925854556819));
#8936=CARTESIAN_POINT('Ctrl Pts',(0.464687755670366,0.404891591646647,0.188612173747626));
#8937=CARTESIAN_POINT('Ctrl Pts',(0.439139819512489,0.348265022203099,0.184638891813353));
#8938=CARTESIAN_POINT('Ctrl Pts',(0.377699441382367,0.339081049850671,0.180665609879079));
#8939=CARTESIAN_POINT('Ctrl Pts',(0.336709374883105,0.385761665345017,0.176692327944806));
#8940=CARTESIAN_POINT('Ctrl Pts',(0.353758796536932,0.445499280260706,0.172719046010532));
#8941=CARTESIAN_POINT('Ctrl Pts',(0.413212851980957,0.463512628206093,0.168745764076259));
#8942=CARTESIAN_POINT('Ctrl Pts',(0.46055030777229,0.423282904268742,0.164772482141985));
#8943=CARTESIAN_POINT('Ctrl Pts',(0.452361232373966,0.361702026793725,0.160799200207712));
#8944=CARTESIAN_POINT('Ctrl Pts',(0.396155264712748,0.335241592096199,0.156825918273438));
#8945=CARTESIAN_POINT('Ctrl Pts',(0.343475039939478,0.368166647910972,0.152852636339165));
#8946=CARTESIAN_POINT('Ctrl Pts',(0.342629976174429,0.430283886891079,0.148879354404891));
#8947=CARTESIAN_POINT('Ctrl Pts',(0.394395023687081,0.464629849994388,0.144906072470618));
#8948=CARTESIAN_POINT('Ctrl Pts',(0.451300009883733,0.439708217306306,0.140932790536344));
#8949=CARTESIAN_POINT('Ctrl Pts',(0.461161278883986,0.378372897076538,0.136959508602071));
#8950=CARTESIAN_POINT('Ctrl Pts',(0.414935735581835,0.336870322001813,0.132986226667797));
#8951=CARTESIAN_POINT('Ctrl Pts',(0.355013657117063,0.353259615254467,0.129012944733524));
#8952=CARTESIAN_POINT('Ctrl Pts',(0.336345460529418,0.412511358269253,0.125039662799251));
#8953=CARTESIAN_POINT('Ctrl Pts',(0.376050483478845,0.460289694030689,0.121066380864977));
#8954=CARTESIAN_POINT('Ctrl Pts',(0.437717943737299,0.452780682754909,0.117093098930704));
#8955=CARTESIAN_POINT('Ctrl Pts',(0.464796906439478,0.396869754381298,0.11311981699643));
#8956=CARTESIAN_POINT('Ctrl Pts',(0.432454996459062,0.343830090064551,0.109146535062157));
#8957=CARTESIAN_POINT('Ctrl Pts',(0.370350987243287,0.342298573820267,0.105173253127883));
#8958=CARTESIAN_POINT('Ctrl Pts',(0.335435760143859,0.393683838374017,0.10119997119361));
#8959=CARTESIAN_POINT('Ctrl Pts',(0.359728534581276,0.450855847139711,0.0972266892593361));
#8960=CARTESIAN_POINT('Ctrl Pts',(0.420950399533239,0.461401900895688,0.0932534073250628));
#8961=CARTESIAN_POINT('Ctrl Pts',(0.462962244857663,0.415620154436182,0.0892801253907891));
#8962=CARTESIAN_POINT('Ctrl Pts',(0.447231524096514,0.355553831198127,0.0853068434565157));
#8963=CARTESIAN_POINT('Ctrl Pts',(0.388196456374853,0.336168472076099,0.0813335615222422));
#8964=CARTESIAN_POINT('Ctrl Pts',(0.339966649462087,0.37547524378582,0.0773602795879688));
#8965=CARTESIAN_POINT('Ctrl Pts',(0.34455699384024,0.416430708294764,0.0747114249651197));
#8966=CARTESIAN_POINT('Ctrl Pts',(0.35501094372136,0.431405985516595,0.0733869976536953));
#8967=CARTESIAN_POINT('Ctrl Pts',(0.374687773642836,0.355667239011723,0.282201211763324));
#8968=CARTESIAN_POINT('Ctrl Pts',(0.359930954079945,0.364092790426995,0.280876784451899));
#8969=CARTESIAN_POINT('Ctrl Pts',(0.339751905787065,0.396698814376068,0.27822792982905));
#8970=CARTESIAN_POINT('Ctrl Pts',(0.36464071426442,0.448965855323348,0.274254647894777));
#8971=CARTESIAN_POINT('Ctrl Pts',(0.422001563637337,0.456190433284731,0.270281365960503));
#8972=CARTESIAN_POINT('Ctrl Pts',(0.459162479118513,0.411955203107276,0.26630808402623));
#8973=CARTESIAN_POINT('Ctrl Pts',(0.44208178088104,0.356721706987601,0.262334802091956));
#8974=CARTESIAN_POINT('Ctrl Pts',(0.386404479253096,0.341193715614123,0.258361520157683));
#8975=CARTESIAN_POINT('Ctrl Pts',(0.343197931097352,0.379583702707858,0.254388238223409));
#8976=CARTESIAN_POINT('Ctrl Pts',(0.352078998322258,0.436700819837526,0.250414956289135));
#8977=CARTESIAN_POINT('Ctrl Pts',(0.404905982222074,0.460159694221381,0.246441674354863));
#8978=CARTESIAN_POINT('Ctrl Pts',(0.453233586792996,0.428451496912278,0.242468392420588));
#8979=CARTESIAN_POINT('Ctrl Pts',(0.45274454889863,0.37065173950049,0.238495110486316));
#8980=CARTESIAN_POINT('Ctrl Pts',(0.403886989213919,0.339765589120209,0.234521828552041));
#8981=CARTESIAN_POINT('Ctrl Pts',(0.351464998307805,0.364116112004585,0.230548546617769));
#8982=CARTESIAN_POINT('Ctrl Pts',(0.343551095360298,0.421373373282617,0.226575264683494));
#8983=CARTESIAN_POINT('Ctrl Pts',(0.387402624123996,0.45903053584719,0.222601982749222));
#8984=CARTESIAN_POINT('Ctrl Pts',(0.442806333514922,0.442554868919762,0.218628700814948));
#8985=CARTESIAN_POINT('Ctrl Pts',(0.458955296763005,0.387055040664038,0.214655418880674));
#8986=CARTESIAN_POINT('Ctrl Pts',(0.421040401777359,0.343426152230611,0.210682136946401));
#8987=CARTESIAN_POINT('Ctrl Pts',(0.363830799599252,0.351677253314334,0.206708855012127));
#8988=CARTESIAN_POINT('Ctrl Pts',(0.339789487956697,0.404241830225256,0.202735573077854));
#8989=CARTESIAN_POINT('Ctrl Pts',(0.370963104468664,0.452916514954148,0.19876229114358));
#8990=CARTESIAN_POINT('Ctrl Pts',(0.428764464686102,0.453065096333522,0.194789009209307));
#8991=CARTESIAN_POINT('Ctrl Pts',(0.460187908754049,0.404551319931252,0.190815727275033));
#8992=CARTESIAN_POINT('Ctrl Pts',(0.436417152845308,0.351863840524937,0.18684244534076));
#8993=CARTESIAN_POINT('Ctrl Pts',(0.379250725684747,0.343318728946721,0.182869163406487));
#8994=CARTESIAN_POINT('Ctrl Pts',(0.341112033799194,0.386752120580738,0.178895881472213));
#8995=CARTESIAN_POINT('Ctrl Pts',(0.356975453764467,0.442334233122279,0.174922599537939));
#8996=CARTESIAN_POINT('Ctrl Pts',(0.412293731961625,0.459094526183251,0.170949317603666));
#8997=CARTESIAN_POINT('Ctrl Pts',(0.456338272389589,0.421663285472405,0.166976035669392));
#8998=CARTESIAN_POINT('Ctrl Pts',(0.448718850170552,0.364366132463299,0.163002753735119));
#8999=CARTESIAN_POINT('Ctrl Pts',(0.396422714403144,0.339746353763869,0.159029471800846));
#9000=CARTESIAN_POINT('Ctrl Pts',(0.347407061766288,0.370381057883144,0.155056189866572));
#9001=CARTESIAN_POINT('Ctrl Pts',(0.346620782813572,0.428177261709409,0.151082907932299));
#9002=CARTESIAN_POINT('Ctrl Pts',(0.394784920277499,0.460134031146054,0.147109625998025));
#9003=CARTESIAN_POINT('Ctrl Pts',(0.447731449050388,0.436946011424427,0.143136344063752));
#9004=CARTESIAN_POINT('Ctrl Pts',(0.456906742776928,0.37987733406605,0.139163062129478));
#9005=CARTESIAN_POINT('Ctrl Pts',(0.413896767341179,0.341261785021735,0.135189780195205));
#9006=CARTESIAN_POINT('Ctrl Pts',(0.358143023010195,0.356510996817872,0.131216498260931));
#9007=CARTESIAN_POINT('Ctrl Pts',(0.340773434265373,0.411641035959514,0.127243216326658));
#9008=CARTESIAN_POINT('Ctrl Pts',(0.377716473540614,0.456095787611179,0.123269934392384));
#9009=CARTESIAN_POINT('Ctrl Pts',(0.435094186411709,0.449109122502518,0.119296652458111));
#9010=CARTESIAN_POINT('Ctrl Pts',(0.460289466714496,0.397087502329864,0.115323370523837));
#9011=CARTESIAN_POINT('Ctrl Pts',(0.430197343303191,0.347737413690073,0.111350088589564));
#9012=CARTESIAN_POINT('Ctrl Pts',(0.372413448944771,0.346312433660838,0.10737680665529));
#9013=CARTESIAN_POINT('Ctrl Pts',(0.339927014981968,0.394123206846785,0.103403524721017));
#9014=CARTESIAN_POINT('Ctrl Pts',(0.362529921452748,0.447318183410977,0.0994302427867432));
#9015=CARTESIAN_POINT('Ctrl Pts',(0.419493035774699,0.457130626501669,0.0954569608524698));
#9016=CARTESIAN_POINT('Ctrl Pts',(0.458582428918293,0.414533576256994,0.0914836789181962));
#9017=CARTESIAN_POINT('Ctrl Pts',(0.443945977614709,0.358645621190724,0.0875103969839228));
#9018=CARTESIAN_POINT('Ctrl Pts',(0.389017541274658,0.340608757584778,0.0835371150496493));
#9019=CARTESIAN_POINT('Ctrl Pts',(0.344142723967914,0.37718124900242,0.0795638331153759));
#9020=CARTESIAN_POINT('Ctrl Pts',(0.348413752166663,0.415287745901234,0.0769149784925268));
#9021=CARTESIAN_POINT('Ctrl Pts',(0.358140498365287,0.429221304264073,0.0755905511811023));
#9022=CARTESIAN_POINT('Ctrl Pts',(0.349002369552237,0.39996199560196,0.253015422311699));
#9023=CARTESIAN_POINT('Ctrl Pts',(0.349078328414296,0.411109490189894,0.252148600304178));
#9024=CARTESIAN_POINT('Ctrl Pts',(0.352672119524285,0.422301773839576,0.251281778296657));
#9025=CARTESIAN_POINT('Ctrl Pts',(0.359403317768076,0.431091112713224,0.250414956289136));
#9026=CARTESIAN_POINT('Ctrl Pts',(0.36968799295553,0.444520444632144,0.249090528977711));
#9027=CARTESIAN_POINT('Ctrl Pts',(0.387296987588802,0.452340069426763,0.247766101666287));
#9028=CARTESIAN_POINT('Ctrl Pts',(0.404156085667258,0.450965182272555,0.246441674354862));
#9029=CARTESIAN_POINT('Ctrl Pts',(0.421015183745715,0.449590295118347,0.245117247043438));
#9030=CARTESIAN_POINT('Ctrl Pts',(0.437124385269355,0.439020896015313,0.243792819732013));
#9031=CARTESIAN_POINT('Ctrl Pts',(0.445097479715448,0.424102903561831,0.242468392420588));
#9032=CARTESIAN_POINT('Ctrl Pts',(0.453070574161541,0.409184911108349,0.241143965109164));
#9033=CARTESIAN_POINT('Ctrl Pts',(0.452907561530085,0.389918325304419,0.23981953779774));
#9034=CARTESIAN_POINT('Ctrl Pts',(0.444683128600239,0.375137340672407,0.238495110486315));
#9035=CARTESIAN_POINT('Ctrl Pts',(0.436458695670392,0.360356356040396,0.237170683174891));
#9036=CARTESIAN_POINT('Ctrl Pts',(0.420172842442156,0.350060972580302,0.235846255863466));
#9037=CARTESIAN_POINT('Ctrl Pts',(0.403292917343685,0.348971701330985,0.234521828552042));
#9038=CARTESIAN_POINT('Ctrl Pts',(0.386412992245214,0.347882430081668,0.233197401240617));
#9039=CARTESIAN_POINT('Ctrl Pts',(0.36893899527651,0.355999271043126,0.231872973929193));
#9040=CARTESIAN_POINT('Ctrl Pts',(0.358883012967573,0.369600568403528,0.230548546617768));
#9041=CARTESIAN_POINT('Ctrl Pts',(0.352471926709525,0.37827193316134,0.229704171849079));
#9042=CARTESIAN_POINT('Ctrl Pts',(0.349075941878639,0.3891724917229,0.228859797080389));
#9043=CARTESIAN_POINT('Ctrl Pts',(0.349008493699968,0.400034542175967,0.228015422311699));
#9044=CARTESIAN_POINT('Ctrl Pts',(0.369010496624432,0.345723847957545,0.275590551181102));
#9045=CARTESIAN_POINT('Ctrl Pts',(0.36499036503249,0.34864646476892,0.275590551181102));
#9046=CARTESIAN_POINT('Ctrl Pts',(0.361376243972917,0.352065734178033,0.275590551181102));
#9047=CARTESIAN_POINT('Ctrl Pts',(0.358213280706632,0.355876184215118,0.275590551181102));
#9048=CARTESIAN_POINT('Ctrl Pts',(0.356392867130491,0.358069252674893,0.275590551181102));
#9049=CARTESIAN_POINT('Ctrl Pts',(0.354722435926238,0.360392381615096,0.275590551181102));
#9050=CARTESIAN_POINT('Ctrl Pts',(0.353215687159847,0.362827287753128,0.275590551181102));
#9051=CARTESIAN_POINT('Ctrl Pts',(0.352111223164177,0.364612101666553,0.275590551181102));
#9052=CARTESIAN_POINT('Ctrl Pts',(0.351099618048183,0.366449316247372,0.275590551181102));
#9053=CARTESIAN_POINT('Ctrl Pts',(0.350185904555358,0.368328581710804,0.275590551181102));
#9054=CARTESIAN_POINT('Ctrl Pts',(0.348598226951561,0.371594011970191,0.275590551181102));
#9055=CARTESIAN_POINT('Ctrl Pts',(0.347303940935604,0.374988828209533,0.275590551181102));
#9056=CARTESIAN_POINT('Ctrl Pts',(0.346330998399677,0.378472748506505,0.275590551181102));
#9057=CARTESIAN_POINT('Ctrl Pts',(0.345740414894668,0.380587514573542,0.275590551181102));
#9058=CARTESIAN_POINT('Ctrl Pts',(0.345268095832186,0.38273761232269,0.275590551181102));
#9059=CARTESIAN_POINT('Ctrl Pts',(0.344923841231341,0.384905627071182,0.275590551181102));
#9060=CARTESIAN_POINT('Ctrl Pts',(0.344285924637109,0.388923039129613,0.275590551181102));
#9061=CARTESIAN_POINT('Ctrl Pts',(0.344088901969384,0.392978780029555,0.275590551181102));
#9062=CARTESIAN_POINT('Ctrl Pts',(0.344376263714501,0.397013164404149,0.275590551181102));
#9063=CARTESIAN_POINT('Ctrl Pts',(0.34454509969092,0.399383518971896,0.275590551181102));
#9064=CARTESIAN_POINT('Ctrl Pts',(0.344881672776984,0.401746468495847,0.275590551181102));
#9065=CARTESIAN_POINT('Ctrl Pts',(0.345379293275701,0.40408671751656,0.275590551181102));
#9066=CARTESIAN_POINT('Ctrl Pts',(0.345789653531646,0.406016592169208,0.275590551181102));
#9067=CARTESIAN_POINT('Ctrl Pts',(0.346309460859761,0.407928967215978,0.275590551181102));
#9068=CARTESIAN_POINT('Ctrl Pts',(0.346931649578615,0.409806625935647,0.275590551181102));
#9069=CARTESIAN_POINT('Ctrl Pts',(0.34783439253218,0.412530949162692,0.275590551181102));
#9070=CARTESIAN_POINT('Ctrl Pts',(0.348953564554052,0.415187804936316,0.275590551181102));
#9071=CARTESIAN_POINT('Ctrl Pts',(0.350276824098998,0.417748930062505,0.275590551181102));
#9072=CARTESIAN_POINT('Ctrl Pts',(0.351468982938699,0.420056314105514,0.275590551181102));
#9073=CARTESIAN_POINT('Ctrl Pts',(0.352823022936138,0.422278078843899,0.275590551181102));
#9074=CARTESIAN_POINT('Ctrl Pts',(0.354326278794974,0.424389020261183,0.275590551181102));
#9075=CARTESIAN_POINT('Ctrl Pts',(0.355525024383027,0.426072354269649,0.275590551181102));
#9076=CARTESIAN_POINT('Ctrl Pts',(0.356819235444951,0.427686158669803,0.275590551181102));
#9077=CARTESIAN_POINT('Ctrl Pts',(0.358204769757445,0.429218283994517,0.275590551181102));
#9078=CARTESIAN_POINT('Origin',(0.399999999999999,0.4,0.0602465317060781));
#9079=CARTESIAN_POINT('',(0.399999999999999,0.4,0.0449166165797454));
#9080=CARTESIAN_POINT('',(0.374486736789069,0.4,0.0602465317060781));
#9081=CARTESIAN_POINT('Origin',(0.399999999999999,0.4,0.175590551181102));
#9082=CARTESIAN_POINT('Origin',(-0.400000000000001,0.4,0.0755905511811024));
#9083=CARTESIAN_POINT('',(-0.444700000000001,0.4,0.0755905511811024));
#9084=CARTESIAN_POINT('Origin',(-0.400000000000001,0.4,0.0755905511811023));
#9085=CARTESIAN_POINT('Origin',(-0.400000000000001,0.4,0.0755905511811023));
#9086=CARTESIAN_POINT('Ctrl Pts',(-0.437200868402999,0.424782763971413,
0.0755905511811024));
#9087=CARTESIAN_POINT('Ctrl Pts',(-0.439490845297933,0.422278048280236,
0.0755905511811024));
#9088=CARTESIAN_POINT('Ctrl Pts',(-0.441457555956296,0.41950821518325,0.0755905511811023));
#9089=CARTESIAN_POINT('Ctrl Pts',(-0.443103390623386,0.416544645731018,
0.0755905511811023));
#9090=CARTESIAN_POINT('Ctrl Pts',(-0.444162033554736,0.414638402099805,
0.0755905511811024));
#9091=CARTESIAN_POINT('Ctrl Pts',(-0.44508554344199,0.412654605809343,0.0755905511811024));
#9092=CARTESIAN_POINT('Ctrl Pts',(-0.445870738184672,0.410618549448342,
0.0755905511811024));
#9093=CARTESIAN_POINT('Ctrl Pts',(-0.446711452335231,0.408438527982354,
0.0755905511811024));
#9094=CARTESIAN_POINT('Ctrl Pts',(-0.447395538969179,0.40619392765699,0.0755905511811024));
#9095=CARTESIAN_POINT('Ctrl Pts',(-0.447919678113537,0.403911332296799,
0.0755905511811024));
#9096=CARTESIAN_POINT('Ctrl Pts',(-0.448949734727657,0.399425495905,0.0755905511811024));
#9097=CARTESIAN_POINT('Ctrl Pts',(-0.449358647978059,0.394826240944143,
0.0755905511811023));
#9098=CARTESIAN_POINT('Ctrl Pts',(-0.449138811564051,0.390256667618008,
0.0755905511811024));
#9099=CARTESIAN_POINT('Ctrl Pts',(-0.448998802006349,0.387346394799158,
0.0755905511811024));
#9100=CARTESIAN_POINT('Ctrl Pts',(-0.448600323512153,0.384440454259922,
0.0755905511811024));
#9101=CARTESIAN_POINT('Ctrl Pts',(-0.447942888438895,0.381610072816976,
0.0755905511811024));
#9102=CARTESIAN_POINT('Ctrl Pts',(-0.447770270740622,0.380866921211915,
0.0755905511811024));
#9103=CARTESIAN_POINT('Ctrl Pts',(-0.447579832749538,0.380128601797437,
0.0755905511811023));
#9104=CARTESIAN_POINT('Ctrl Pts',(-0.447371525627797,0.379395720912172,
0.0755905511811023));
#9105=CARTESIAN_POINT('Ctrl Pts',(-0.446357945390877,0.375829671056985,
0.0755905511811023));
#9106=CARTESIAN_POINT('Ctrl Pts',(-0.444923111918525,0.372392293863106,
0.0755905511811023));
#9107=CARTESIAN_POINT('Ctrl Pts',(-0.443126260982626,0.369122100708565,
0.0755905511811023));
#9108=CARTESIAN_POINT('Ctrl Pts',(-0.442108093490831,0.367269078682463,
0.0755905511811023));
#9109=CARTESIAN_POINT('Ctrl Pts',(-0.440972002491227,0.36546892974759,0.0755905511811024));
#9110=CARTESIAN_POINT('Ctrl Pts',(-0.439738164716439,0.36374360241816,0.0755905511811024));
#9111=CARTESIAN_POINT('Ctrl Pts',(-0.436850846087225,0.359706143165777,
0.0755905511811024));
#9112=CARTESIAN_POINT('Ctrl Pts',(-0.433422264217914,0.356057600653852,
0.0755905511811023));
#9113=CARTESIAN_POINT('Ctrl Pts',(-0.429571441584886,0.352887227030933,
0.0755905511811023));
#9114=CARTESIAN_POINT('Ctrl Pts',(-0.428959543981339,0.352383453108558,
0.0755905511811023));
#9115=CARTESIAN_POINT('Ctrl Pts',(-0.42833688785043,0.351891796920148,0.0755905511811024));
#9116=CARTESIAN_POINT('Ctrl Pts',(-0.427703849116629,0.351412678699382,
0.0755905511811024));
#9117=CARTESIAN_POINT('Ctrl Pts',(-0.372233404975492,0.351368567769961,
0.0755905511811024));
#9118=CARTESIAN_POINT('Ctrl Pts',(-0.368839419747225,0.353902094013792,
0.0755905511811024));
#9119=CARTESIAN_POINT('Ctrl Pts',(-0.365771621093696,0.35684114350861,0.0755905511811024));
#9120=CARTESIAN_POINT('Ctrl Pts',(-0.363071194180784,0.360106906862912,
0.0755905511811024));
#9121=CARTESIAN_POINT('Ctrl Pts',(-0.361468500907036,0.362045125200379,
0.0755905511811024));
#9122=CARTESIAN_POINT('Ctrl Pts',(-0.359999433616073,0.364094598977762,
0.0755905511811022));
#9123=CARTESIAN_POINT('Ctrl Pts',(-0.358677798458585,0.366232114467121,
0.0755905511811023));
#9124=CARTESIAN_POINT('Ctrl Pts',(-0.357526666424179,0.368093870746757,
0.0755905511811023));
#9125=CARTESIAN_POINT('Ctrl Pts',(-0.356486202321748,0.370023915951681,
0.0755905511811024));
#9126=CARTESIAN_POINT('Ctrl Pts',(-0.355564260145101,0.372011326944314,
0.0755905511811024));
#9127=CARTESIAN_POINT('Ctrl Pts',(-0.354660243297861,0.373960096688491,
0.0755905511811024));
#9128=CARTESIAN_POINT('Ctrl Pts',(-0.3538740333174,0.37595597619517,0.0755905511811024));
#9129=CARTESIAN_POINT('Ctrl Pts',(-0.353212434065893,0.377985314433104,
0.0755905511811024));
#9130=CARTESIAN_POINT('Ctrl Pts',(-0.351914415092154,0.381966757173515,
0.0755905511811024));
#9131=CARTESIAN_POINT('Ctrl Pts',(-0.351092100797339,0.386081453575541,
0.0755905511811024));
#9132=CARTESIAN_POINT('Ctrl Pts',(-0.350811836310916,0.390246672395534,
0.0755905511811024));
#9133=CARTESIAN_POINT('Ctrl Pts',(-0.350698574930381,0.391929933945368,
0.0755905511811024));
#9134=CARTESIAN_POINT('Ctrl Pts',(-0.350674703669627,0.393618956070843,
0.0755905511811023));
#9135=CARTESIAN_POINT('Ctrl Pts',(-0.350744276857781,0.395299594989882,
0.0755905511811023));
#9136=CARTESIAN_POINT('Ctrl Pts',(-0.35077249851338,0.395981329060415,0.0755905511811023));
#9137=CARTESIAN_POINT('Ctrl Pts',(-0.350816073137709,0.396662096078903,
0.0755905511811024));
#9138=CARTESIAN_POINT('Ctrl Pts',(-0.350875274228163,0.397341526827364,
0.0755905511811024));
#9139=CARTESIAN_POINT('Ctrl Pts',(-0.351221038691372,0.401309747787914,
0.0755905511811024));
#9140=CARTESIAN_POINT('Ctrl Pts',(-0.352097891036125,0.405234034553686,
0.0755905511811023));
#9141=CARTESIAN_POINT('Ctrl Pts',(-0.35346211937638,0.409020423016332,0.0755905511811024));
#9142=CARTESIAN_POINT('Ctrl Pts',(-0.354143476801594,0.410911516917288,
0.0755905511811024));
#9143=CARTESIAN_POINT('Ctrl Pts',(-0.354944457030073,0.412760689937478,
0.0755905511811024));
#9144=CARTESIAN_POINT('Ctrl Pts',(-0.35585524229883,0.414549730416783,0.0755905511811024));
#9145=CARTESIAN_POINT('Ctrl Pts',(-0.357734990757294,0.418242089305822,
0.0755905511811023));
#9146=CARTESIAN_POINT('Ctrl Pts',(-0.36008484793838,0.421690768493922,0.0755905511811023));
#9147=CARTESIAN_POINT('Ctrl Pts',(-0.36285968113272,0.424773709660212,0.0755905511811023));
#9148=CARTESIAN_POINT('Origin',(-0.400000000000001,0.4,0.329776340632727));
#9149=CARTESIAN_POINT('Ctrl Pts',(-0.455982967937475,0.400051413680906,
0.267276340632727));
#9150=CARTESIAN_POINT('Ctrl Pts',(-0.456026820509479,0.404969981146126,
0.26692694149506));
#9151=CARTESIAN_POINT('Ctrl Pts',(-0.453179376577049,0.428475866966012,
0.265253670190459));
#9152=CARTESIAN_POINT('Ctrl Pts',(-0.420143334040706,0.463069800141679,
0.262256526718922));
#9153=CARTESIAN_POINT('Ctrl Pts',(-0.357910915857159,0.451098119906948,
0.258284910218117));
#9154=CARTESIAN_POINT('Ctrl Pts',(-0.334244524869096,0.392314446835277,
0.254313293717312));
#9155=CARTESIAN_POINT('Ctrl Pts',(-0.370832396772093,0.340567793366366,
0.250341677216508));
#9156=CARTESIAN_POINT('Ctrl Pts',(-0.434146989525987,0.343283325702547,
0.246370060715703));
#9157=CARTESIAN_POINT('Ctrl Pts',(-0.455825146509524,0.380300503131508,
0.243681615187776));
#9158=CARTESIAN_POINT('Ctrl Pts',(-0.45609149913453,0.399419058833563,0.242317041826784));
#9159=CARTESIAN_POINT('Ctrl Pts',(-0.456090018575728,0.399989351308387,
0.242276340632727));
#9160=CARTESIAN_POINT('Ctrl Pts',(-0.456077356911342,0.399964468656264,
0.271404761729478));
#9161=CARTESIAN_POINT('Ctrl Pts',(-0.455998229162277,0.417495856094271,
0.270152280546149));
#9162=CARTESIAN_POINT('Ctrl Pts',(-0.437696927186023,0.453817192390766,
0.267575927195886));
#9163=CARTESIAN_POINT('Ctrl Pts',(-0.375945952661521,0.461660421613698,
0.263675701678689));
#9164=CARTESIAN_POINT('Ctrl Pts',(-0.335132106864858,0.413221183984262,
0.259704085177883));
#9165=CARTESIAN_POINT('Ctrl Pts',(-0.353745119550558,0.352628704604027,
0.255732468677079));
#9166=CARTESIAN_POINT('Ctrl Pts',(-0.414749641898094,0.335463520009002,
0.251760852176274));
#9167=CARTESIAN_POINT('Ctrl Pts',(-0.45192431395681,0.368313486397767,0.248651616527074));
#9168=CARTESIAN_POINT('Ctrl Pts',(-0.455984974927606,0.393448301078563,
0.246866253044808));
#9169=CARTESIAN_POINT('Ctrl Pts',(-0.455941367136774,0.399958985865552,
0.246404761729478));
#9170=CARTESIAN_POINT('Ctrl Pts',(-0.362799131597002,0.424782763971413,
0.275590551181102));
#9171=CARTESIAN_POINT('Ctrl Pts',(-0.354553277386234,0.412405091419678,
0.274266679014168));
#9172=CARTESIAN_POINT('Ctrl Pts',(-0.351535136907102,0.378983039503781,
0.271618934680298));
#9173=CARTESIAN_POINT('Ctrl Pts',(-0.39147525599953,0.347813902140271,0.267647318179493));
#9174=CARTESIAN_POINT('Ctrl Pts',(-0.439208578673992,0.364591360221837,
0.263675701678688));
#9175=CARTESIAN_POINT('Ctrl Pts',(-0.451022268101822,0.413751799821074,
0.259704085177884));
#9176=CARTESIAN_POINT('Ctrl Pts',(-0.416078696993207,0.450343215470233,
0.255732468677079));
#9177=CARTESIAN_POINT('Ctrl Pts',(-0.366403891764554,0.440787249282868,
0.251760852176275));
#9178=CARTESIAN_POINT('Ctrl Pts',(-0.347513040386582,0.393865281670301,
0.247789235675469));
#9179=CARTESIAN_POINT('Ctrl Pts',(-0.376718002423438,0.352560363633511,
0.243817619174665));
#9180=CARTESIAN_POINT('Ctrl Pts',(-0.427256614853779,0.354727940337568,
0.23984600267386));
#9181=CARTESIAN_POINT('Ctrl Pts',(-0.452819385178646,0.398378404046731,
0.235874386173056));
#9182=CARTESIAN_POINT('Ctrl Pts',(-0.429982215387034,0.443515374322226,
0.231902769672251));
#9183=CARTESIAN_POINT('Ctrl Pts',(-0.379671551340761,0.448777698093322,
0.227931153171447));
#9184=CARTESIAN_POINT('Ctrl Pts',(-0.347988387050968,0.409343824550667,
0.223959536670642));
#9185=CARTESIAN_POINT('Ctrl Pts',(-0.363964913006303,0.361347865371429,
0.219987920169837));
#9186=CARTESIAN_POINT('Ctrl Pts',(-0.412961380780337,0.348769967990263,
0.216016303669032));
#9187=CARTESIAN_POINT('Ctrl Pts',(-0.450080979500417,0.383135544911869,
0.212044687168228));
#9188=CARTESIAN_POINT('Ctrl Pts',(-0.441309989769978,0.432954499572953,
0.208073070667423));
#9189=CARTESIAN_POINT('Ctrl Pts',(-0.394685514268707,0.452576328922091,
0.204101454166618));
#9190=CARTESIAN_POINT('Ctrl Pts',(-0.352930848699219,0.424021016422063,
0.200129837665814));
#9191=CARTESIAN_POINT('Ctrl Pts',(-0.35430694885886,0.373454580523878,0.196158221165009));
#9192=CARTESIAN_POINT('Ctrl Pts',(-0.397552855810456,0.347212447656441,
0.192186604664204));
#9193=CARTESIAN_POINT('Ctrl Pts',(-0.443041148735391,0.369341009011204,
0.1882149881634));
#9194=CARTESIAN_POINT('Ctrl Pts',(-0.449089646285242,0.419563252213239,
0.184243371662595));
#9195=CARTESIAN_POINT('Ctrl Pts',(-0.41015594285772,0.45185914607883,0.18027175516179));
#9196=CARTESIAN_POINT('Ctrl Pts',(-0.361916068012854,0.436635069723413,
0.176300138660986));
#9197=CARTESIAN_POINT('Ctrl Pts',(-0.348573553667205,0.387841265425265,
0.172328522160181));
#9198=CARTESIAN_POINT('Ctrl Pts',(-0.382354514847359,0.350188845998421,
0.168356905659376));
#9199=CARTESIAN_POINT('Ctrl Pts',(-0.432304522239154,0.358179765062177,
0.164385289158572));
#9200=CARTESIAN_POINT('Ctrl Pts',(-0.452653002193693,0.404491722337803,
0.160413672657767));
#9201=CARTESIAN_POINT('Ctrl Pts',(-0.424754079521959,0.446687790266124,
0.156442056156962));
#9202=CARTESIAN_POINT('Ctrl Pts',(-0.374172309013029,0.446102544131424,
0.152470439656158));
#9203=CARTESIAN_POINT('Ctrl Pts',(-0.347257166164971,0.403272261725551,
0.148498823155353));
#9204=CARTESIAN_POINT('Ctrl Pts',(-0.36867174138248,0.357443514640906,0.144527206654548));
#9205=CARTESIAN_POINT('Ctrl Pts',(-0.418793266192059,0.350610453865758,
0.140555590153744));
#9206=CARTESIAN_POINT('Ctrl Pts',(-0.451694002227767,0.389034397847133,
0.136583973652939));
#9207=CARTESIAN_POINT('Ctrl Pts',(-0.437226091992309,0.437506431823368,
0.132612357152134));
#9208=CARTESIAN_POINT('Ctrl Pts',(-0.38864688743366,0.45161027423399,0.12864074065133));
#9209=CARTESIAN_POINT('Ctrl Pts',(-0.350470846904203,0.418422214839739,
0.124669124150525));
#9210=CARTESIAN_POINT('Ctrl Pts',(-0.357679753434456,0.368353330832057,
0.12069750764972));
#9211=CARTESIAN_POINT('Ctrl Pts',(-0.403667845838673,0.347283242103878,
0.116725891148916));
#9212=CARTESIAN_POINT('Ctrl Pts',(-0.446295041882331,0.374518827753984,
0.112754274648111));
#9213=CARTESIAN_POINT('Ctrl Pts',(-0.446500708654152,0.425103806857676,
0.108782658147306));
#9214=CARTESIAN_POINT('Ctrl Pts',(-0.404096687196169,0.452684908592335,
0.104811041646502));
#9215=CARTESIAN_POINT('Ctrl Pts',(-0.357938373716031,0.43199046895698,0.100839425145697));
#9216=CARTESIAN_POINT('Ctrl Pts',(-0.350323039161727,0.38198014261105,0.0968678086448923));
#9217=CARTESIAN_POINT('Ctrl Pts',(-0.388226625422299,0.348486061656249,
0.0928961921440876));
#9218=CARTESIAN_POINT('Ctrl Pts',(-0.436921305440141,0.362187554357361,
0.0889245756432829));
#9219=CARTESIAN_POINT('Ctrl Pts',(-0.451778478592494,0.410553340476821,
0.0849529591424783));
#9220=CARTESIAN_POINT('Ctrl Pts',(-0.41920028241368,0.449218223940012,0.0809813426416736));
#9221=CARTESIAN_POINT('Ctrl Pts',(-0.369007548733106,0.442843062852322,
0.0770097261408689));
#9222=CARTESIAN_POINT('Ctrl Pts',(-0.34725462069216,0.397087862505824,0.0730381096400643));
#9223=CARTESIAN_POINT('Ctrl Pts',(-0.364920472802913,0.368556118860866,
0.0703903653061945));
#9224=CARTESIAN_POINT('Ctrl Pts',(-0.377836307185795,0.361181696059236,
0.0690664931392596));
#9225=CARTESIAN_POINT('Ctrl Pts',(-0.359664382805399,0.426871095312777,
0.27776523719505));
#9226=CARTESIAN_POINT('Ctrl Pts',(-0.350723687784925,0.413450412322305,
0.276441365028115));
#9227=CARTESIAN_POINT('Ctrl Pts',(-0.347451222269147,0.377212035375465,
0.273793620694245));
#9228=CARTESIAN_POINT('Ctrl Pts',(-0.390756914409632,0.343416415892583,
0.269822004193441));
#9229=CARTESIAN_POINT('Ctrl Pts',(-0.442512508122284,0.361607634423975,
0.265850387692636));
#9230=CARTESIAN_POINT('Ctrl Pts',(-0.455321683683854,0.414910601744849,
0.261878771191831));
#9231=CARTESIAN_POINT('Ctrl Pts',(-0.41743357600904,0.454585410360715,0.257907154691027));
#9232=CARTESIAN_POINT('Ctrl Pts',(-0.363572899795422,0.444224206157561,
0.253935538190222));
#9233=CARTESIAN_POINT('Ctrl Pts',(-0.343090201880753,0.393348336725293,
0.249963921689418));
#9234=CARTESIAN_POINT('Ctrl Pts',(-0.37475613387299,0.348562840211129,0.245992305188612));
#9235=CARTESIAN_POINT('Ctrl Pts',(-0.429553406411181,0.350913068792562,
0.242020688687808));
#9236=CARTESIAN_POINT('Ctrl Pts',(-0.457270235682142,0.398241759495857,
0.238049072187003));
#9237=CARTESIAN_POINT('Ctrl Pts',(-0.432508680964016,0.447182217945203,
0.234077455686199));
#9238=CARTESIAN_POINT('Ctrl Pts',(-0.377958564988417,0.452887973920723,
0.230105839185394));
#9239=CARTESIAN_POINT('Ctrl Pts',(-0.343605603856903,0.410131186350985,
0.226134222684589));
#9240=CARTESIAN_POINT('Ctrl Pts',(-0.360928399337184,0.358090824944115,
0.222162606183785));
#9241=CARTESIAN_POINT('Ctrl Pts',(-0.414053577669359,0.344453045084147,
0.21819098968298));
#9242=CARTESIAN_POINT('Ctrl Pts',(-0.454301076952727,0.381714453618089,
0.214219373182175));
#9243=CARTESIAN_POINT('Ctrl Pts',(-0.444790995619349,0.435731426084321,
0.21024775668137));
#9244=CARTESIAN_POINT('Ctrl Pts',(-0.394237686612006,0.457006698175033,
0.206276140180566));
#9245=CARTESIAN_POINT('Ctrl Pts',(-0.348964544376333,0.426045158745475,
0.202304523679761));
#9246=CARTESIAN_POINT('Ctrl Pts',(-0.350456602267549,0.371217718181743,
0.198332907178957));
#9247=CARTESIAN_POINT('Ctrl Pts',(-0.397346646046534,0.342764279561869,
0.194361290678152));
#9248=CARTESIAN_POINT('Ctrl Pts',(-0.446668031514735,0.366757514617666,
0.190389674177347));
#9249=CARTESIAN_POINT('Ctrl Pts',(-0.453226208574751,0.421211758924721,
0.186418057676543));
#9250=CARTESIAN_POINT('Ctrl Pts',(-0.411011738191741,0.456229081579879,
0.182446441175738));
#9251=CARTESIAN_POINT('Ctrl Pts',(-0.358706907450178,0.439722141221361,
0.178474824674933));
#9252=CARTESIAN_POINT('Ctrl Pts',(-0.344240079815149,0.386816703898832,
0.174503208174129));
#9253=CARTESIAN_POINT('Ctrl Pts',(-0.380867609685354,0.345991485519542,
0.170531591673324));
#9254=CARTESIAN_POINT('Ctrl Pts',(-0.435026678102707,0.354655763162122,
0.166559975172519));
#9255=CARTESIAN_POINT('Ctrl Pts',(-0.457089832356174,0.404870219447551,
0.162588358671715));
#9256=CARTESIAN_POINT('Ctrl Pts',(-0.426839993754607,0.450621959020839,
0.15861674217091));
#9257=CARTESIAN_POINT('Ctrl Pts',(-0.371995926401897,0.449987396843468,
0.154645125670105));
#9258=CARTESIAN_POINT('Ctrl Pts',(-0.342812766296694,0.403548000409359,
0.150673509169301));
#9259=CARTESIAN_POINT('Ctrl Pts',(-0.366031850835292,0.353857472250468,
0.146701892668496));
#9260=CARTESIAN_POINT('Ctrl Pts',(-0.420376889666855,0.346448620373461,
0.142730276167692));
#9261=CARTESIAN_POINT('Ctrl Pts',(-0.456050021804008,0.38811037618921,0.138758659666886));
#9262=CARTESIAN_POINT('Ctrl Pts',(-0.440362966261608,0.440666929061281,
0.134787043166082));
#9263=CARTESIAN_POINT('Ctrl Pts',(-0.38769021202725,0.455959238431186,0.130815426665277));
#9264=CARTESIAN_POINT('Ctrl Pts',(-0.346297249365183,0.419974571496629,
0.126843810164473));
#9265=CARTESIAN_POINT('Ctrl Pts',(-0.354113617817821,0.365686609269062,
0.122872193663668));
#9266=CARTESIAN_POINT('Ctrl Pts',(-0.403976918605094,0.342841039536941,
0.118900577162863));
#9267=CARTESIAN_POINT('Ctrl Pts',(-0.450196115508507,0.372371644708645,
0.114928960662059));
#9268=CARTESIAN_POINT('Ctrl Pts',(-0.450419112888246,0.427219191029873,
0.110957344161254));
#9269=CARTESIAN_POINT('Ctrl Pts',(-0.404441896482647,0.457124427362607,
0.106985727660449));
#9270=CARTESIAN_POINT('Ctrl Pts',(-0.354394030859887,0.434686160971996,
0.103014111159645));
#9271=CARTESIAN_POINT('Ctrl Pts',(-0.346136986533297,0.380461690795278,
0.0990424946588398));
#9272=CARTESIAN_POINT('Ctrl Pts',(-0.387234536438495,0.344145215248461,
0.0950708781580353));
#9273=CARTESIAN_POINT('Ctrl Pts',(-0.440032496726298,0.359001270720062,
0.0910992616572305));
#9274=CARTESIAN_POINT('Ctrl Pts',(-0.456141616609609,0.411442622709395,
0.0871276451564259));
#9275=CARTESIAN_POINT('Ctrl Pts',(-0.420818203303125,0.453365620886486,
0.0831560286556212));
#9276=CARTESIAN_POINT('Ctrl Pts',(-0.366395955151332,0.446453253830929,
0.0791844121548165));
#9277=CARTESIAN_POINT('Ctrl Pts',(-0.342810006328413,0.3968424698609,0.0752127956540119));
#9278=CARTESIAN_POINT('Ctrl Pts',(-0.36196447983254,0.365906485327143,0.0725650513201421));
#9279=CARTESIAN_POINT('Ctrl Pts',(-0.375968673115694,0.357910653296144,
0.0712411791532072));
#9280=CARTESIAN_POINT('Ctrl Pts',(-0.356529634013797,0.428959426654141,
0.279939923208998));
#9281=CARTESIAN_POINT('Ctrl Pts',(-0.346894098183616,0.414495733224933,
0.278616051042063));
#9282=CARTESIAN_POINT('Ctrl Pts',(-0.343367307631193,0.375441031247149,
0.275968306708193));
#9283=CARTESIAN_POINT('Ctrl Pts',(-0.390038572819734,0.339018929644895,
0.271996690207388));
#9284=CARTESIAN_POINT('Ctrl Pts',(-0.445816437570578,0.358623908626113,
0.268025073706584));
#9285=CARTESIAN_POINT('Ctrl Pts',(-0.459621099265887,0.416069403668623,
0.264053457205779));
#9286=CARTESIAN_POINT('Ctrl Pts',(-0.418788455024873,0.458827605251197,
0.260081840704974));
#9287=CARTESIAN_POINT('Ctrl Pts',(-0.36074190782629,0.447661163032255,0.25611022420417));
#9288=CARTESIAN_POINT('Ctrl Pts',(-0.338667363374924,0.392831391780284,
0.252138607703365));
#9289=CARTESIAN_POINT('Ctrl Pts',(-0.372794265322542,0.344565316788748,
0.24816699120256));
#9290=CARTESIAN_POINT('Ctrl Pts',(-0.431850197968583,0.347098197247554,
0.244195374701755));
#9291=CARTESIAN_POINT('Ctrl Pts',(-0.461721086185637,0.398105114944986,
0.240223758200951));
#9292=CARTESIAN_POINT('Ctrl Pts',(-0.435035146541,0.450849061568179,0.236252141700146));
#9293=CARTESIAN_POINT('Ctrl Pts',(-0.376245578636072,0.456998249748125,
0.232280525199342));
#9294=CARTESIAN_POINT('Ctrl Pts',(-0.339222820662838,0.410918548151302,
0.228308908698537));
#9295=CARTESIAN_POINT('Ctrl Pts',(-0.357891885668066,0.354833784516801,
0.224337292197732));
#9296=CARTESIAN_POINT('Ctrl Pts',(-0.41514577455838,0.340136122178032,0.220365675696927));
#9297=CARTESIAN_POINT('Ctrl Pts',(-0.458521174405036,0.380293362324309,
0.216394059196123));
#9298=CARTESIAN_POINT('Ctrl Pts',(-0.448272001468721,0.438508352595687,
0.212422442695318));
#9299=CARTESIAN_POINT('Ctrl Pts',(-0.393789858955305,0.461437067427977,
0.208450826194514));
#9300=CARTESIAN_POINT('Ctrl Pts',(-0.344998240053449,0.428069301068884,
0.204479209693709));
#9301=CARTESIAN_POINT('Ctrl Pts',(-0.346606255676237,0.36898085583961,0.200507593192904));
#9302=CARTESIAN_POINT('Ctrl Pts',(-0.397140436282613,0.338316111467295,
0.1965359766921));
#9303=CARTESIAN_POINT('Ctrl Pts',(-0.450294914294077,0.364174020224129,
0.192564360191295));
#9304=CARTESIAN_POINT('Ctrl Pts',(-0.457362770864261,0.422860265636202,
0.18859274369049));
#9305=CARTESIAN_POINT('Ctrl Pts',(-0.411867533525762,0.460599017080929,
0.184621127189685));
#9306=CARTESIAN_POINT('Ctrl Pts',(-0.355497746887503,0.442809212719307,
0.180649510688881));
#9307=CARTESIAN_POINT('Ctrl Pts',(-0.339906605963094,0.3857921423724,0.176677894188076));
#9308=CARTESIAN_POINT('Ctrl Pts',(-0.379380704523349,0.341794125040661,
0.172706277687272));
#9309=CARTESIAN_POINT('Ctrl Pts',(-0.43774883396626,0.351131761262067,0.168734661186467));
#9310=CARTESIAN_POINT('Ctrl Pts',(-0.461526662518655,0.405248716557298,
0.164763044685662));
#9311=CARTESIAN_POINT('Ctrl Pts',(-0.428925907987255,0.454556127775553,
0.160791428184858));
#9312=CARTESIAN_POINT('Ctrl Pts',(-0.369819543790766,0.453872249555512,
0.156819811684053));
#9313=CARTESIAN_POINT('Ctrl Pts',(-0.338368366428418,0.403823739093168,
0.152848195183248));
#9314=CARTESIAN_POINT('Ctrl Pts',(-0.363391960288103,0.35027142986003,0.148876578682444));
#9315=CARTESIAN_POINT('Ctrl Pts',(-0.421960513141653,0.342286786881165,
0.144904962181639));
#9316=CARTESIAN_POINT('Ctrl Pts',(-0.460406041380247,0.387186354531287,
0.140933345680834));
#9317=CARTESIAN_POINT('Ctrl Pts',(-0.443499840530908,0.443827426299194,
0.136961729180029));
#9318=CARTESIAN_POINT('Ctrl Pts',(-0.386733536620839,0.460308202628383,
0.132990112679225));
#9319=CARTESIAN_POINT('Ctrl Pts',(-0.342123651826163,0.42152692815352,0.12901849617842));
#9320=CARTESIAN_POINT('Ctrl Pts',(-0.350547482201188,0.363019887706065,
0.125046879677616));
#9321=CARTESIAN_POINT('Ctrl Pts',(-0.404285991371514,0.338398836970006,
0.121075263176811));
#9322=CARTESIAN_POINT('Ctrl Pts',(-0.454097189134685,0.370224461663305,
0.117103646676006));
#9323=CARTESIAN_POINT('Ctrl Pts',(-0.454337517122339,0.429334575202072,
0.113132030175201));
#9324=CARTESIAN_POINT('Ctrl Pts',(-0.404787105769125,0.461563946132877,
0.109160413674397));
#9325=CARTESIAN_POINT('Ctrl Pts',(-0.350849688003743,0.437381852987015,
0.105188797173592));
#9326=CARTESIAN_POINT('Ctrl Pts',(-0.341950933904867,0.378943238979505,
0.101217180672788));
#9327=CARTESIAN_POINT('Ctrl Pts',(-0.386242447454692,0.339804368840673,
0.0972455641719826));
#9328=CARTESIAN_POINT('Ctrl Pts',(-0.443143688012454,0.355814987082763,
0.0932739476711783));
#9329=CARTESIAN_POINT('Ctrl Pts',(-0.460504754626724,0.412331904941967,
0.0893023311703733));
#9330=CARTESIAN_POINT('Ctrl Pts',(-0.42243612419257,0.45751301783296,0.085330714669569));
#9331=CARTESIAN_POINT('Ctrl Pts',(-0.363784361569558,0.450063444809536,
0.081359098168764));
#9332=CARTESIAN_POINT('Ctrl Pts',(-0.338365391964664,0.396597077215978,
0.0773874816679595));
#9333=CARTESIAN_POINT('Ctrl Pts',(-0.359008486862166,0.36325685179342,0.0747397373340897));
#9334=CARTESIAN_POINT('Ctrl Pts',(-0.374101039045593,0.354639610533052,
0.0734158651671548));
#9335=CARTESIAN_POINT('Ctrl Pts',(-0.353394885222194,0.431047757995506,
0.282114609222945));
#9336=CARTESIAN_POINT('Ctrl Pts',(-0.343064508582306,0.41554105412756,0.28079073705601));
#9337=CARTESIAN_POINT('Ctrl Pts',(-0.339283392993238,0.373670027118832,
0.278142992722141));
#9338=CARTESIAN_POINT('Ctrl Pts',(-0.389320231229837,0.334621443397207,
0.274171376221336));
#9339=CARTESIAN_POINT('Ctrl Pts',(-0.44912036701887,0.355640182828252,0.270199759720531));
#9340=CARTESIAN_POINT('Ctrl Pts',(-0.46392051484792,0.417228205592397,0.266228143219726));
#9341=CARTESIAN_POINT('Ctrl Pts',(-0.420143334040706,0.463069800141679,
0.262256526718922));
#9342=CARTESIAN_POINT('Ctrl Pts',(-0.357910915857159,0.451098119906948,
0.258284910218117));
#9343=CARTESIAN_POINT('Ctrl Pts',(-0.334244524869096,0.392314446835277,
0.254313293717312));
#9344=CARTESIAN_POINT('Ctrl Pts',(-0.370832396772093,0.340567793366366,
0.250341677216508));
#9345=CARTESIAN_POINT('Ctrl Pts',(-0.434146989525987,0.343283325702547,
0.246370060715703));
#9346=CARTESIAN_POINT('Ctrl Pts',(-0.466171936689131,0.397968470394113,
0.242398444214899));
#9347=CARTESIAN_POINT('Ctrl Pts',(-0.437561612117983,0.454515905191157,
0.238426827714093));
#9348=CARTESIAN_POINT('Ctrl Pts',(-0.374532592283728,0.461108525575526,
0.234455211213289));
#9349=CARTESIAN_POINT('Ctrl Pts',(-0.334840037468773,0.41170590995162,0.230483594712484));
#9350=CARTESIAN_POINT('Ctrl Pts',(-0.354855371998948,0.351576744089486,
0.22651197821168));
#9351=CARTESIAN_POINT('Ctrl Pts',(-0.416237971447401,0.335819199271917,
0.222540361710875));
#9352=CARTESIAN_POINT('Ctrl Pts',(-0.462741271857346,0.378872271030529,
0.21856874521007));
#9353=CARTESIAN_POINT('Ctrl Pts',(-0.451753007318092,0.441285279107055,
0.214597128709266));
#9354=CARTESIAN_POINT('Ctrl Pts',(-0.393342031298604,0.46586743668092,0.210625512208461));
#9355=CARTESIAN_POINT('Ctrl Pts',(-0.341031935730564,0.430093443392294,
0.206653895707657));
#9356=CARTESIAN_POINT('Ctrl Pts',(-0.342755909084926,0.366743993497475,
0.202682279206852));
#9357=CARTESIAN_POINT('Ctrl Pts',(-0.396934226518692,0.333867943372723,
0.198710662706047));
#9358=CARTESIAN_POINT('Ctrl Pts',(-0.453921797073421,0.361590525830591,
0.194739046205242));
#9359=CARTESIAN_POINT('Ctrl Pts',(-0.46149933315377,0.424508772347683,0.190767429704438));
#9360=CARTESIAN_POINT('Ctrl Pts',(-0.412723328859784,0.464968952581979,
0.186795813203633));
#9361=CARTESIAN_POINT('Ctrl Pts',(-0.352288586324827,0.445896284217253,
0.182824196702829));
#9362=CARTESIAN_POINT('Ctrl Pts',(-0.335573132111039,0.384767580845969,
0.178852580202024));
#9363=CARTESIAN_POINT('Ctrl Pts',(-0.377893799361344,0.337596764561781,
0.174880963701219));
#9364=CARTESIAN_POINT('Ctrl Pts',(-0.440470989829813,0.347607759362012,
0.170909347200415));
#9365=CARTESIAN_POINT('Ctrl Pts',(-0.465963492681136,0.405627213667046,
0.16693773069961));
#9366=CARTESIAN_POINT('Ctrl Pts',(-0.431011822219904,0.458490296530268,
0.162966114198805));
#9367=CARTESIAN_POINT('Ctrl Pts',(-0.367643161179633,0.457757102267555,
0.158994497698));
#9368=CARTESIAN_POINT('Ctrl Pts',(-0.333923966560142,0.404099477776977,
0.155022881197196));
#9369=CARTESIAN_POINT('Ctrl Pts',(-0.360752069740915,0.346685387469591,
0.151051264696391));
#9370=CARTESIAN_POINT('Ctrl Pts',(-0.42354413661645,0.338124953388868,0.147079648195587));
#9371=CARTESIAN_POINT('Ctrl Pts',(-0.464762060956487,0.386262332873366,
0.143108031694782));
#9372=CARTESIAN_POINT('Ctrl Pts',(-0.446636714800208,0.446987923537105,
0.139136415193977));
#9373=CARTESIAN_POINT('Ctrl Pts',(-0.385776861214429,0.46465716682558,0.135164798693172));
#9374=CARTESIAN_POINT('Ctrl Pts',(-0.337950054287144,0.423079284810411,
0.131193182192368));
#9375=CARTESIAN_POINT('Ctrl Pts',(-0.346981346584553,0.360353166143069,
0.127221565691563));
#9376=CARTESIAN_POINT('Ctrl Pts',(-0.404595064137935,0.333956634403069,
0.123249949190759));
#9377=CARTESIAN_POINT('Ctrl Pts',(-0.457998262760862,0.368077278617966,
0.119278332689954));
#9378=CARTESIAN_POINT('Ctrl Pts',(-0.458255921356433,0.431449959374269,
0.115306716189149));
#9379=CARTESIAN_POINT('Ctrl Pts',(-0.405132315055603,0.466003464903149,
0.111335099688344));
#9380=CARTESIAN_POINT('Ctrl Pts',(-0.3473053451476,0.440077545002031,0.10736348318754));
#9381=CARTESIAN_POINT('Ctrl Pts',(-0.337764881276436,0.377424787163733,
0.103391866686735));
#9382=CARTESIAN_POINT('Ctrl Pts',(-0.385250358470889,0.335463522432884,
0.0994202501859303));
#9383=CARTESIAN_POINT('Ctrl Pts',(-0.446254879298611,0.352628703445464,
0.0954486336851258));
#9384=CARTESIAN_POINT('Ctrl Pts',(-0.46486789264384,0.413221187174541,0.0914770171843211));
#9385=CARTESIAN_POINT('Ctrl Pts',(-0.424054045082015,0.461660414779434,
0.0875054006835164));
#9386=CARTESIAN_POINT('Ctrl Pts',(-0.361172767987784,0.453673635788143,
0.0835337841827117));
#9387=CARTESIAN_POINT('Ctrl Pts',(-0.333920777600916,0.396351684571055,
0.0795621676819071));
#9388=CARTESIAN_POINT('Ctrl Pts',(-0.356052493891792,0.360607218259698,
0.0769144233480373));
#9389=CARTESIAN_POINT('Ctrl Pts',(-0.372233404975492,0.351368567769961,
0.0755905511811024));
#9390=CARTESIAN_POINT('Ctrl Pts',(-0.362799131597002,0.424782763971413,
0.275590551181102));
#9391=CARTESIAN_POINT('Ctrl Pts',(-0.359970358931821,0.421688727827674,
0.275590551181102));
#9392=CARTESIAN_POINT('Ctrl Pts',(-0.357639811623361,0.418197694710728,
0.275590551181102));
#9393=CARTESIAN_POINT('Ctrl Pts',(-0.355800267655474,0.414445366379698,
0.275590551181102));
#9394=CARTESIAN_POINT('Ctrl Pts',(-0.354956461273961,0.412724157946235,
0.275590551181102));
#9395=CARTESIAN_POINT('Ctrl Pts',(-0.354215662835587,0.410945383979591,
0.275590551181102));
#9396=CARTESIAN_POINT('Ctrl Pts',(-0.353581439785349,0.409125597412728,
0.275590551181102));
#9397=CARTESIAN_POINT('Ctrl Pts',(-0.352333998752609,0.405546294463262,
0.275590551181102));
#9398=CARTESIAN_POINT('Ctrl Pts',(-0.351506201528885,0.401836543778677,
0.275590551181102));
#9399=CARTESIAN_POINT('Ctrl Pts',(-0.351098296078191,0.398081388175584,
0.275590551181102));
#9400=CARTESIAN_POINT('Ctrl Pts',(-0.350854054933965,0.395832917360377,
0.275590551181102));
#9401=CARTESIAN_POINT('Ctrl Pts',(-0.350760686562296,0.393567736651664,
0.275590551181102));
#9402=CARTESIAN_POINT('Ctrl Pts',(-0.35082192762102,0.391301888925869,0.275590551181102));
#9403=CARTESIAN_POINT('Ctrl Pts',(-0.350870637092462,0.389499695309506,
0.275590551181102));
#9404=CARTESIAN_POINT('Ctrl Pts',(-0.35101700278274,0.387706494767977,0.275590551181102));
#9405=CARTESIAN_POINT('Ctrl Pts',(-0.35126100523709,0.385930987281136,0.275590551181102));
#9406=CARTESIAN_POINT('Ctrl Pts',(-0.351564821907519,0.383720235858933,
0.275590551181102));
#9407=CARTESIAN_POINT('Ctrl Pts',(-0.352019926842115,0.381536739082094,
0.275590551181102));
#9408=CARTESIAN_POINT('Ctrl Pts',(-0.352628468025784,0.379395726329294,
0.275590551181102));
#9409=CARTESIAN_POINT('Ctrl Pts',(-0.353249276665563,0.377211553342344,
0.275590551181102));
#9410=CARTESIAN_POINT('Ctrl Pts',(-0.354029728956383,0.375071520149901,
0.275590551181102));
#9411=CARTESIAN_POINT('Ctrl Pts',(-0.354957135571981,0.372984626887206,
0.275590551181102));
#9412=CARTESIAN_POINT('Ctrl Pts',(-0.355897340201586,0.370868934941434,
0.275590551181102));
#9413=CARTESIAN_POINT('Ctrl Pts',(-0.356985965690524,0.368814697610205,
0.275590551181102));
#9414=CARTESIAN_POINT('Ctrl Pts',(-0.358204281012122,0.366838209059975,
0.275590551181102));
#9415=CARTESIAN_POINT('Ctrl Pts',(-0.35948629036396,0.364758388868701,0.275590551181102));
#9416=CARTESIAN_POINT('Ctrl Pts',(-0.360913275138565,0.362761754250825,
0.275590551181102));
#9417=CARTESIAN_POINT('Ctrl Pts',(-0.362469722390659,0.360860315359029,
0.275590551181102));
#9418=CARTESIAN_POINT('Ctrl Pts',(-0.365353864785918,0.357336893339781,
0.275590551181102));
#9419=CARTESIAN_POINT('Ctrl Pts',(-0.368659674107829,0.354164963403555,
0.275590551181102));
#9420=CARTESIAN_POINT('Ctrl Pts',(-0.372296149819812,0.351412680379113,
0.275590551181102));
#9421=CARTESIAN_POINT('Ctrl Pts',(-0.444771854113126,0.399991500062232,
0.235752282590884));
#9422=CARTESIAN_POINT('Ctrl Pts',(-0.444773035916312,0.399536284461791,
0.235792983784942));
#9423=CARTESIAN_POINT('Ctrl Pts',(-0.444766694493085,0.399081102714697,
0.235833684978999));
#9424=CARTESIAN_POINT('Ctrl Pts',(-0.444752728492566,0.398626155141119,
0.235874386173056));
#9425=CARTESIAN_POINT('Ctrl Pts',(-0.444298461737024,0.38382824947701,0.237198258339991));
#9426=CARTESIAN_POINT('Ctrl Pts',(-0.435777538295401,0.369278094907289,
0.238522130506925));
#9427=CARTESIAN_POINT('Ctrl Pts',(-0.423093974502867,0.361641754838419,
0.23984600267386));
#9428=CARTESIAN_POINT('Ctrl Pts',(-0.410410410710332,0.354005414769549,
0.241169874840795));
#9429=CARTESIAN_POINT('Ctrl Pts',(-0.393564206566885,0.35328288920153,0.24249374700773));
#9430=CARTESIAN_POINT('Ctrl Pts',(-0.380273610822352,0.359805779423652,
0.243817619174665));
#9431=CARTESIAN_POINT('Ctrl Pts',(-0.366983015077819,0.366328669645774,
0.2451414913416));
#9432=CARTESIAN_POINT('Ctrl Pts',(-0.357248027732201,0.380096975658037,
0.246465363508535));
#9433=CARTESIAN_POINT('Ctrl Pts',(-0.355529009289053,0.394801456599597,
0.24778923567547));
#9434=CARTESIAN_POINT('Ctrl Pts',(-0.353809990845906,0.409505937541156,
0.249113107842405));
#9435=CARTESIAN_POINT('Ctrl Pts',(-0.36010694130523,0.425146593412012,0.25043698000934));
#9436=CARTESIAN_POINT('Ctrl Pts',(-0.371534550739667,0.434559582378668,
0.251760852176275));
#9437=CARTESIAN_POINT('Ctrl Pts',(-0.382962160174105,0.443972571345323,
0.253084724343209));
#9438=CARTESIAN_POINT('Ctrl Pts',(-0.399520428583656,0.447157893407778,
0.254408596510144));
#9439=CARTESIAN_POINT('Ctrl Pts',(-0.413623491306534,0.442651985164146,
0.255732468677079));
#9440=CARTESIAN_POINT('Ctrl Pts',(-0.427726554029412,0.438146076920513,
0.257056340844014));
#9441=CARTESIAN_POINT('Ctrl Pts',(-0.439374411065616,0.425948938370794,
0.258380213010949));
#9442=CARTESIAN_POINT('Ctrl Pts',(-0.443229391345747,0.411656962496061,
0.259704085177884));
#9443=CARTESIAN_POINT('Ctrl Pts',(-0.444246805881109,0.40788499404555,0.260053484315551));
#9444=CARTESIAN_POINT('Ctrl Pts',(-0.444721408513816,0.403967109950569,
0.260402883453217));
#9445=CARTESIAN_POINT('Ctrl Pts',(-0.444686404764378,0.400041039134581,
0.260752282590884));
#9446=CARTESIAN_POINT('Ctrl Pts',(-0.42776659502451,0.351368567769961,0.275590551181102));
#9447=CARTESIAN_POINT('Ctrl Pts',(-0.443947506108209,0.360607218259698,
0.274266679014168));
#9448=CARTESIAN_POINT('Ctrl Pts',(-0.466079214954779,0.396351701272994,
0.271618934680298));
#9449=CARTESIAN_POINT('Ctrl Pts',(-0.438827236905433,0.453673627397817,
0.267647318179493));
#9450=CARTESIAN_POINT('Ctrl Pts',(-0.375945952661521,0.461660421613698,
0.263675701678689));
#9451=CARTESIAN_POINT('Ctrl Pts',(-0.335132106864858,0.413221183984262,
0.259704085177883));
#9452=CARTESIAN_POINT('Ctrl Pts',(-0.353745119550558,0.352628704604027,
0.255732468677079));
#9453=CARTESIAN_POINT('Ctrl Pts',(-0.414749641898094,0.335463520009002,
0.251760852176274));
#9454=CARTESIAN_POINT('Ctrl Pts',(-0.462235119879914,0.377424787433054,
0.24778923567547));
#9455=CARTESIAN_POINT('Ctrl Pts',(-0.452694655844406,0.440077545362081,
0.243817619174665));
#9456=CARTESIAN_POINT('Ctrl Pts',(-0.394867684856408,0.466003466374862,
0.23984600267386));
#9457=CARTESIAN_POINT('Ctrl Pts',(-0.341744077534518,0.431449959842652,
0.235874386173056));
#9458=CARTESIAN_POINT('Ctrl Pts',(-0.342001736149352,0.368077278084857,
0.231902769672251));
#9459=CARTESIAN_POINT('Ctrl Pts',(-0.395404935771126,0.333956633116338,
0.227931153171446));
#9460=CARTESIAN_POINT('Ctrl Pts',(-0.453018654419881,0.360353165415287,
0.223959536670642));
#9461=CARTESIAN_POINT('Ctrl Pts',(-0.462049946883732,0.423079285234792,
0.219987920169837));
#9462=CARTESIAN_POINT('Ctrl Pts',(-0.41422313905528,0.464657168053718,0.216016303669033));
#9463=CARTESIAN_POINT('Ctrl Pts',(-0.353363284318006,0.446987924421488,
0.212044687168227));
#9464=CARTESIAN_POINT('Ctrl Pts',(-0.335237937820116,0.386262332615673,
0.208073070667423));
#9465=CARTESIAN_POINT('Ctrl Pts',(-0.376455862938488,0.338124952218677,
0.204101454166618));
#9466=CARTESIAN_POINT('Ctrl Pts',(-0.439247931000805,0.346685386462731,
0.200129837665814));
#9467=CARTESIAN_POINT('Ctrl Pts',(-0.46607603468835,0.404099477854142,0.196158221165009));
#9468=CARTESIAN_POINT('Ctrl Pts',(-0.432356839431802,0.457757103359073,
0.192186604664205));
#9469=CARTESIAN_POINT('Ctrl Pts',(-0.368988177194092,0.458490297635393,
0.188214988163399));
#9470=CARTESIAN_POINT('Ctrl Pts',(-0.334036506072452,0.40562721377342,0.184243371662595));
#9471=CARTESIAN_POINT('Ctrl Pts',(-0.359529009405459,0.347607758372004,
0.18027175516179));
#9472=CARTESIAN_POINT('Ctrl Pts',(-0.42210620105637,0.337596763382642,0.176300138660986));
#9473=CARTESIAN_POINT('Ctrl Pts',(-0.464426869106349,0.384767580558144,
0.172328522160181));
#9474=CARTESIAN_POINT('Ctrl Pts',(-0.447711414576708,0.445896285084483,
0.168356905659376));
#9475=CARTESIAN_POINT('Ctrl Pts',(-0.387276670899807,0.464968953809631,
0.164385289158572));
#9476=CARTESIAN_POINT('Ctrl Pts',(-0.338500665684151,0.424508772810746,
0.160413672657767));
#9477=CARTESIAN_POINT('Ctrl Pts',(-0.346078201907716,0.361590525104904,
0.156442056156962));
#9478=CARTESIAN_POINT('Ctrl Pts',(-0.403065773539198,0.333867942122958,
0.152470439656158));
#9479=CARTESIAN_POINT('Ctrl Pts',(-0.45724409199682,0.366743992869375,0.148498823155353));
#9480=CARTESIAN_POINT('Ctrl Pts',(-0.458968065383521,0.430093443960389,
0.144527206654548));
#9481=CARTESIAN_POINT('Ctrl Pts',(-0.406657968827497,0.465867437926524,
0.140555590153743));
#9482=CARTESIAN_POINT('Ctrl Pts',(-0.348246991703443,0.441285279885331,
0.136583973652939));
#9483=CARTESIAN_POINT('Ctrl Pts',(-0.337258726958181,0.378872270634671,
0.132612357152134));
#9484=CARTESIAN_POINT('Ctrl Pts',(-0.383762028243759,0.335819198053031,
0.12864074065133));
#9485=CARTESIAN_POINT('Ctrl Pts',(-0.44514462885791,0.351576743185691,0.124669124150525));
#9486=CARTESIAN_POINT('Ctrl Pts',(-0.465159963755233,0.411705910152536,
0.12069750764972));
#9487=CARTESIAN_POINT('Ctrl Pts',(-0.425467408211192,0.461108526766744,
0.116725891148915));
#9488=CARTESIAN_POINT('Ctrl Pts',(-0.362438387146356,0.454515906155854,
0.112754274648111));
#9489=CARTESIAN_POINT('Ctrl Pts',(-0.33382806210949,0.397968470471983,0.108782658147306));
#9490=CARTESIAN_POINT('Ctrl Pts',(-0.365853009736271,0.343283324426061,
0.104811041646502));
#9491=CARTESIAN_POINT('Ctrl Pts',(-0.429167603953643,0.340567792600195,
0.100839425145697));
#9492=CARTESIAN_POINT('Ctrl Pts',(-0.465755476044212,0.392314446076628,
0.0968678086448922));
#9493=CARTESIAN_POINT('Ctrl Pts',(-0.442089085558234,0.451098121908953,
0.0928961921440876));
#9494=CARTESIAN_POINT('Ctrl Pts',(-0.379856664411475,0.463069799621156,
0.0889245756432829));
#9495=CARTESIAN_POINT('Ctrl Pts',(-0.336079486141487,0.417228208664909,
0.0849529591424782));
#9496=CARTESIAN_POINT('Ctrl Pts',(-0.350879627903016,0.355640177728098,
0.0809813426416736));
#9497=CARTESIAN_POINT('Ctrl Pts',(-0.4106797769027,0.334621448707862,0.077009726140869));
#9498=CARTESIAN_POINT('Ctrl Pts',(-0.46071659287109,0.37367001551904,0.0730381096400642));
#9499=CARTESIAN_POINT('Ctrl Pts',(-0.456935491417695,0.415541054127561,
0.0703903653061945));
#9500=CARTESIAN_POINT('Ctrl Pts',(-0.446605114777806,0.431047757995507,
0.0690664931392596));
#9501=CARTESIAN_POINT('Ctrl Pts',(-0.425898960954409,0.354639610533053,
0.27776523719505));
#9502=CARTESIAN_POINT('Ctrl Pts',(-0.440991513137836,0.363256851793421,
0.276441365028115));
#9503=CARTESIAN_POINT('Ctrl Pts',(-0.461634601091749,0.396597092794513,
0.273793620694245));
#9504=CARTESIAN_POINT('Ctrl Pts',(-0.436215642994532,0.450063436983558,
0.269822004193441));
#9505=CARTESIAN_POINT('Ctrl Pts',(-0.37756387370274,0.457513024207539,0.265850387692636));
#9506=CARTESIAN_POINT('Ctrl Pts',(-0.339495244915019,0.412331901966273,
0.261878771191832));
#9507=CARTESIAN_POINT('Ctrl Pts',(-0.356856310914122,0.355814988163399,
0.257907154691026));
#9508=CARTESIAN_POINT('Ctrl Pts',(-0.413757552889473,0.339804366579825,
0.253935538190222));
#9509=CARTESIAN_POINT('Ctrl Pts',(-0.458049067173705,0.378943239230712,
0.249963921689417));
#9510=CARTESIAN_POINT('Ctrl Pts',(-0.449150312921538,0.437381853322845,
0.245992305188613));
#9511=CARTESIAN_POINT('Ctrl Pts',(-0.395212894148805,0.461563947505601,
0.242020688687808));
#9512=CARTESIAN_POINT('Ctrl Pts',(-0.345662481843209,0.42933457563895,0.238049072187003));
#9513=CARTESIAN_POINT('Ctrl Pts',(-0.34590280984883,0.370224461166055,0.234077455686199));
#9514=CARTESIAN_POINT('Ctrl Pts',(-0.395714008543664,0.338398835769822,
0.230105839185394));
#9515=CARTESIAN_POINT('Ctrl Pts',(-0.449452518735687,0.363019887027235,
0.226134222684589));
#9516=CARTESIAN_POINT('Ctrl Pts',(-0.457876349265958,0.421526928549357,
0.222162606183785));
#9517=CARTESIAN_POINT('Ctrl Pts',(-0.413266463630728,0.460308203773915,
0.21819098968298));
#9518=CARTESIAN_POINT('Ctrl Pts',(-0.356500158646616,0.44382742712409,0.214219373182175));
#9519=CARTESIAN_POINT('Ctrl Pts',(-0.339593957478643,0.387186354290929,
0.210247756681371));
#9520=CARTESIAN_POINT('Ctrl Pts',(-0.378039486443221,0.342286785789682,
0.206276140180566));
#9521=CARTESIAN_POINT('Ctrl Pts',(-0.436608040403727,0.350271428920893,
0.202304523679761));
#9522=CARTESIAN_POINT('Ctrl Pts',(-0.461631634736098,0.403823739165143,
0.198332907178956));
#9523=CARTESIAN_POINT('Ctrl Pts',(-0.430180456779545,0.453872250573612,
0.194361290678152));
#9524=CARTESIAN_POINT('Ctrl Pts',(-0.371074091466155,0.454556128806346,
0.190389674177347));
#9525=CARTESIAN_POINT('Ctrl Pts',(-0.33847333631877,0.405248716656518,0.186418057676543));
#9526=CARTESIAN_POINT('Ctrl Pts',(-0.362251165320448,0.351131760338649,
0.182446441175738));
#9527=CARTESIAN_POINT('Ctrl Pts',(-0.42061929586627,0.341794123940834,0.178474824674933));
#9528=CARTESIAN_POINT('Ctrl Pts',(-0.46009339517241,0.385792142103935,0.174503208174129));
#9529=CARTESIAN_POINT('Ctrl Pts',(-0.444502253953394,0.442809213528205,
0.170531591673324));
#9530=CARTESIAN_POINT('Ctrl Pts',(-0.388132466249999,0.460599018226007,
0.166559975172519));
#9531=CARTESIAN_POINT('Ctrl Pts',(-0.342637228051824,0.422860266068119,
0.162588358671715));
#9532=CARTESIAN_POINT('Ctrl Pts',(-0.349705084755591,0.364174019547252,
0.15861674217091));
#9533=CARTESIAN_POINT('Ctrl Pts',(-0.402859563771382,0.338316110301593,
0.154645125670105));
#9534=CARTESIAN_POINT('Ctrl Pts',(-0.453393745332749,0.368980855253756,
0.150673509169301));
#9535=CARTESIAN_POINT('Ctrl Pts',(-0.4550017609857,0.428069301598768,0.146701892668496));
#9536=CARTESIAN_POINT('Ctrl Pts',(-0.406210141162315,0.461437068589799,
0.142730276167691));
#9537=CARTESIAN_POINT('Ctrl Pts',(-0.351727997618628,0.438508353321616,
0.138758659666887));
#9538=CARTESIAN_POINT('Ctrl Pts',(-0.341478824490161,0.380293361955077,
0.134787043166082));
#9539=CARTESIAN_POINT('Ctrl Pts',(-0.384854225153554,0.340136121041131,
0.130815426665277));
#9540=CARTESIAN_POINT('Ctrl Pts',(-0.442108115131158,0.354833783673796,
0.126843810164472));
#9541=CARTESIAN_POINT('Ctrl Pts',(-0.460777180478838,0.410918548338704,
0.122872193663668));
#9542=CARTESIAN_POINT('Ctrl Pts',(-0.423754421825559,0.456998250859219,
0.118900577162863));
#9543=CARTESIAN_POINT('Ctrl Pts',(-0.364964852772821,0.45084906246799,0.114928960662058));
#9544=CARTESIAN_POINT('Ctrl Pts',(-0.338278912693793,0.398105115017617,
0.110957344161254));
#9545=CARTESIAN_POINT('Ctrl Pts',(-0.368149801343296,0.347098196056927,
0.106985727660449));
#9546=CARTESIAN_POINT('Ctrl Pts',(-0.42720573535438,0.34456531607411,0.103014111159645));
#9547=CARTESIAN_POINT('Ctrl Pts',(-0.461332637476952,0.392831391072664,
0.0990424946588397));
#9548=CARTESIAN_POINT('Ctrl Pts',(-0.4392580934939,0.447661164899601,0.0950708781580353));
#9549=CARTESIAN_POINT('Ctrl Pts',(-0.381211543531417,0.458827604765686,
0.0910992616572304));
#9550=CARTESIAN_POINT('Ctrl Pts',(-0.340378901656971,0.416069406534471,
0.0871276451564259));
#9551=CARTESIAN_POINT('Ctrl Pts',(-0.354183557692873,0.358623903869006,
0.0831560286556211));
#9552=CARTESIAN_POINT('Ctrl Pts',(-0.409961434765792,0.339018934598345,
0.0791844121548167));
#9553=CARTESIAN_POINT('Ctrl Pts',(-0.456632679183927,0.37544102042758,0.0752127956540117));
#9554=CARTESIAN_POINT('Ctrl Pts',(-0.453105901816385,0.414495733224934,
0.0725650513201421));
#9555=CARTESIAN_POINT('Ctrl Pts',(-0.443470365986204,0.428959426654142,
0.0712411791532072));
#9556=CARTESIAN_POINT('Ctrl Pts',(-0.424031326884308,0.357910653296145,
0.279939923208998));
#9557=CARTESIAN_POINT('Ctrl Pts',(-0.438035520167462,0.365906485327143,
0.278616051042063));
#9558=CARTESIAN_POINT('Ctrl Pts',(-0.457189987228719,0.396842484316032,
0.275968306708193));
#9559=CARTESIAN_POINT('Ctrl Pts',(-0.433604049083631,0.4464532465693,0.271996690207388));
#9560=CARTESIAN_POINT('Ctrl Pts',(-0.379181794743959,0.45336562680138,0.268025073706584));
#9561=CARTESIAN_POINT('Ctrl Pts',(-0.343858382965181,0.411442619948283,
0.264053457205779));
#9562=CARTESIAN_POINT('Ctrl Pts',(-0.359967502277685,0.359001271722771,
0.260081840704975));
#9563=CARTESIAN_POINT('Ctrl Pts',(-0.412765463880851,0.344145213150648,
0.256110224204169));
#9564=CARTESIAN_POINT('Ctrl Pts',(-0.453863014467496,0.38046169102837,0.252138607703365));
#9565=CARTESIAN_POINT('Ctrl Pts',(-0.445605969998671,0.434686161283609,
0.24816699120256));
#9566=CARTESIAN_POINT('Ctrl Pts',(-0.395558103441201,0.457124428636339,
0.244195374701756));
#9567=CARTESIAN_POINT('Ctrl Pts',(-0.349580886151898,0.427219191435248,
0.240223758200951));
#9568=CARTESIAN_POINT('Ctrl Pts',(-0.349803883548309,0.372371644247251,
0.236252141700146));
#9569=CARTESIAN_POINT('Ctrl Pts',(-0.396023081316201,0.342841038423307,
0.232280525199342));
#9570=CARTESIAN_POINT('Ctrl Pts',(-0.445886383051492,0.365686608639183,
0.228308908698537));
#9571=CARTESIAN_POINT('Ctrl Pts',(-0.453702751648183,0.419974571863921,
0.224337292197732));
#9572=CARTESIAN_POINT('Ctrl Pts',(-0.412309788206177,0.455959239494112,
0.220365675696927));
#9573=CARTESIAN_POINT('Ctrl Pts',(-0.359637032975227,0.440666929826692,
0.216394059196123));
#9574=CARTESIAN_POINT('Ctrl Pts',(-0.343949977137171,0.388110375966185,
0.212422442695318));
#9575=CARTESIAN_POINT('Ctrl Pts',(-0.379623109947954,0.346448619360688,
0.208450826194513));
#9576=CARTESIAN_POINT('Ctrl Pts',(-0.433968149806649,0.353857471379054,
0.204479209693709));
#9577=CARTESIAN_POINT('Ctrl Pts',(-0.457187234783846,0.403548000476144,
0.200507593192904));
#9578=CARTESIAN_POINT('Ctrl Pts',(-0.428004074127286,0.44998739778815,0.196535976692099));
#9579=CARTESIAN_POINT('Ctrl Pts',(-0.373160005738219,0.450621959977299,
0.192564360191295));
#9580=CARTESIAN_POINT('Ctrl Pts',(-0.342910166565087,0.404870219539614,
0.18859274369049));
#9581=CARTESIAN_POINT('Ctrl Pts',(-0.364973321235439,0.354655762305294,
0.184621127189686));
#9582=CARTESIAN_POINT('Ctrl Pts',(-0.419132390676169,0.345991484499024,
0.180649510688881));
#9583=CARTESIAN_POINT('Ctrl Pts',(-0.455759921238471,0.386816703649727,
0.176677894188076));
#9584=CARTESIAN_POINT('Ctrl Pts',(-0.44129309333008,0.439722141971927,0.172706277687271));
#9585=CARTESIAN_POINT('Ctrl Pts',(-0.38898826160019,0.456229082642383,0.168734661186467));
#9586=CARTESIAN_POINT('Ctrl Pts',(-0.346773790419498,0.421211759325491,
0.164763044685662));
#9587=CARTESIAN_POINT('Ctrl Pts',(-0.353331967603464,0.366757513989601,
0.160791428184857));
#9588=CARTESIAN_POINT('Ctrl Pts',(-0.402653354003568,0.342764278480227,
0.156819811684053));
#9589=CARTESIAN_POINT('Ctrl Pts',(-0.449543398668677,0.371217717638137,
0.152848195183248));
#9590=CARTESIAN_POINT('Ctrl Pts',(-0.451035456587882,0.426045159237147,
0.148876578682443));
#9591=CARTESIAN_POINT('Ctrl Pts',(-0.405762313497131,0.457006699253074,
0.144904962181639));
#9592=CARTESIAN_POINT('Ctrl Pts',(-0.355209003533814,0.4357314267579,0.140933345680834));
#9593=CARTESIAN_POINT('Ctrl Pts',(-0.34569892202214,0.381714453275483,0.136961729180029));
#9594=CARTESIAN_POINT('Ctrl Pts',(-0.385946422063349,0.34445304402923,0.132990112679225));
#9595=CARTESIAN_POINT('Ctrl Pts',(-0.439071601404405,0.358090824161902,
0.12901849617842));
#9596=CARTESIAN_POINT('Ctrl Pts',(-0.456394397202445,0.410131186524872,
0.125046879677616));
#9597=CARTESIAN_POINT('Ctrl Pts',(-0.422041435439924,0.452887974951695,
0.121075263176811));
#9598=CARTESIAN_POINT('Ctrl Pts',(-0.367491318399287,0.447182218780125,
0.117103646676006));
#9599=CARTESIAN_POINT('Ctrl Pts',(-0.342729763278095,0.398241759563252,
0.113132030175201));
#9600=CARTESIAN_POINT('Ctrl Pts',(-0.370446592950321,0.350913067687793,
0.109160413674397));
#9601=CARTESIAN_POINT('Ctrl Pts',(-0.425243866755116,0.348562839548026,
0.105188797173592));
#9602=CARTESIAN_POINT('Ctrl Pts',(-0.456909798909693,0.393348336068701,
0.101217180672787));
#9603=CARTESIAN_POINT('Ctrl Pts',(-0.436427101429566,0.444224207890249,
0.0972455641719828));
#9604=CARTESIAN_POINT('Ctrl Pts',(-0.38256642265136,0.454585409910215,0.0932739476711781));
#9605=CARTESIAN_POINT('Ctrl Pts',(-0.344678317172454,0.414910604404034,
0.0893023311703734));
#9606=CARTESIAN_POINT('Ctrl Pts',(-0.35748748748273,0.361607630009914,0.0853307146695688));
#9607=CARTESIAN_POINT('Ctrl Pts',(-0.409243092628884,0.343416420488828,
0.0813590981687641));
#9608=CARTESIAN_POINT('Ctrl Pts',(-0.452548765496765,0.377212025336121,
0.0773874816679594));
#9609=CARTESIAN_POINT('Ctrl Pts',(-0.449276312215076,0.413450412322306,
0.0747397373340897));
#9610=CARTESIAN_POINT('Ctrl Pts',(-0.440335617194602,0.426871095312778,
0.0734158651671548));
#9611=CARTESIAN_POINT('Ctrl Pts',(-0.422163692814207,0.361181696059237,
0.282114609222945));
#9612=CARTESIAN_POINT('Ctrl Pts',(-0.435079527197088,0.368556118860866,
0.28079073705601));
#9613=CARTESIAN_POINT('Ctrl Pts',(-0.45274537336569,0.39708787583755,0.278142992722141));
#9614=CARTESIAN_POINT('Ctrl Pts',(-0.430992455172729,0.442843056155043,
0.274171376221336));
#9615=CARTESIAN_POINT('Ctrl Pts',(-0.380799715785178,0.44921822939522,0.270199759720531));
#9616=CARTESIAN_POINT('Ctrl Pts',(-0.348221521015342,0.410553337930295,
0.266228143219726));
#9617=CARTESIAN_POINT('Ctrl Pts',(-0.363078693641249,0.362187555282143,
0.262256526718922));
#9618=CARTESIAN_POINT('Ctrl Pts',(-0.411773374872229,0.348486059721471,
0.258284910218117));
#9619=CARTESIAN_POINT('Ctrl Pts',(-0.449676961761289,0.381980142826028,
0.254313293717313));
#9620=CARTESIAN_POINT('Ctrl Pts',(-0.442061627075802,0.431990469244374,
0.250341677216508));
#9621=CARTESIAN_POINT('Ctrl Pts',(-0.395903312733598,0.452684909767078,
0.246370060715703));
#9622=CARTESIAN_POINT('Ctrl Pts',(-0.353499290460588,0.425103807231545,
0.242398444214899));
#9623=CARTESIAN_POINT('Ctrl Pts',(-0.353704957247787,0.374518827328449,
0.238426827714093));
#9624=CARTESIAN_POINT('Ctrl Pts',(-0.396332154088738,0.347283241076791,
0.23445521121329));
#9625=CARTESIAN_POINT('Ctrl Pts',(-0.442320247367298,0.368353330251131,
0.230483594712484));
#9626=CARTESIAN_POINT('Ctrl Pts',(-0.449529154030408,0.418422215178486,
0.22651197821168));
#9627=CARTESIAN_POINT('Ctrl Pts',(-0.411353112781625,0.451610275214307,
0.222540361710875));
#9628=CARTESIAN_POINT('Ctrl Pts',(-0.362773907303837,0.437506432529295,
0.21856874521007));
#9629=CARTESIAN_POINT('Ctrl Pts',(-0.348305996795699,0.389034397641439,
0.214597128709266));
#9630=CARTESIAN_POINT('Ctrl Pts',(-0.381206733452686,0.350610452931694,
0.210625512208461));
#9631=CARTESIAN_POINT('Ctrl Pts',(-0.431328259209571,0.357443513837216,
0.206653895707657));
#9632=CARTESIAN_POINT('Ctrl Pts',(-0.452742834831594,0.403272261787145,
0.202682279206852));
#9633=CARTESIAN_POINT('Ctrl Pts',(-0.425827691475028,0.446102545002689,
0.198710662706047));
#9634=CARTESIAN_POINT('Ctrl Pts',(-0.375245920010283,0.446687791148252,
0.194739046205243));
#9635=CARTESIAN_POINT('Ctrl Pts',(-0.347346996811405,0.404491722422712,
0.190767429704437));
#9636=CARTESIAN_POINT('Ctrl Pts',(-0.367695477150428,0.358179764271939,
0.186795813203633));
#9637=CARTESIAN_POINT('Ctrl Pts',(-0.417645485486068,0.350188845057216,
0.182824196702828));
#9638=CARTESIAN_POINT('Ctrl Pts',(-0.451426447304532,0.387841265195518,
0.178852580202024));
#9639=CARTESIAN_POINT('Ctrl Pts',(-0.438083932706766,0.43663507041565,0.174880963701219));
#9640=CARTESIAN_POINT('Ctrl Pts',(-0.389844056950382,0.451859147058759,
0.170909347200414));
#9641=CARTESIAN_POINT('Ctrl Pts',(-0.350910352787171,0.419563252582864,
0.16693773069961));
#9642=CARTESIAN_POINT('Ctrl Pts',(-0.356958850451338,0.36934100843195,0.162966114198805));
#9643=CARTESIAN_POINT('Ctrl Pts',(-0.402447144235753,0.347212446658861,
0.158994497698001));
#9644=CARTESIAN_POINT('Ctrl Pts',(-0.445693052004605,0.373454580022519,
0.155022881197196));
#9645=CARTESIAN_POINT('Ctrl Pts',(-0.447069152190061,0.424021016875525,
0.151051264696391));
#9646=CARTESIAN_POINT('Ctrl Pts',(-0.405314485831949,0.45257632991635,0.147079648195586));
#9647=CARTESIAN_POINT('Ctrl Pts',(-0.358690009448999,0.432954500194184,
0.143108031694782));
#9648=CARTESIAN_POINT('Ctrl Pts',(-0.34991901955412,0.38313554459589,0.139136415193977));
#9649=CARTESIAN_POINT('Ctrl Pts',(-0.387038618973144,0.348769967017329,
0.135164798693173));
#9650=CARTESIAN_POINT('Ctrl Pts',(-0.436035087677653,0.361347864650007,
0.131193182192368));
#9651=CARTESIAN_POINT('Ctrl Pts',(-0.452011613926052,0.409343824711041,
0.127221565691563));
#9652=CARTESIAN_POINT('Ctrl Pts',(-0.42032844905429,0.448777699044169,0.123249949190758));
#9653=CARTESIAN_POINT('Ctrl Pts',(-0.370017784025752,0.443515375092262,
0.119278332689954));
#9654=CARTESIAN_POINT('Ctrl Pts',(-0.347180613862397,0.398378404108887,
0.115306716189149));
#9655=CARTESIAN_POINT('Ctrl Pts',(-0.372743384557346,0.354727939318659,
0.111335099688345));
#9656=CARTESIAN_POINT('Ctrl Pts',(-0.423281998155853,0.352560363021942,
0.107363483187539));
#9657=CARTESIAN_POINT('Ctrl Pts',(-0.452486960342434,0.393865281064737,
0.103391866686735));
#9658=CARTESIAN_POINT('Ctrl Pts',(-0.433596109365233,0.440787250880896,
0.0994202501859303));
#9659=CARTESIAN_POINT('Ctrl Pts',(-0.383921301771303,0.450343215054744,
0.0954486336851257));
#9660=CARTESIAN_POINT('Ctrl Pts',(-0.348977732687937,0.413751802273597,
0.0914770171843211));
#9661=CARTESIAN_POINT('Ctrl Pts',(-0.360791417272586,0.364591356150821,
0.0875054006835163));
#9662=CARTESIAN_POINT('Ctrl Pts',(-0.408524750491977,0.347813906379311,
0.0835337841827117));
#9663=CARTESIAN_POINT('Ctrl Pts',(-0.448464851809602,0.378983030244662,
0.079562167681907));
#9664=CARTESIAN_POINT('Ctrl Pts',(-0.445446722613767,0.412405091419678,
0.0769144233480373));
#9665=CARTESIAN_POINT('Ctrl Pts',(-0.437200868402999,0.424782763971413,
0.0755905511811024));
#9666=CARTESIAN_POINT('Ctrl Pts',(-0.444653198410961,0.399967261931967,
0.25292881977132));
#9667=CARTESIAN_POINT('Ctrl Pts',(-0.444588152626714,0.409678659594443,
0.252066438919716));
#9668=CARTESIAN_POINT('Ctrl Pts',(-0.441475894194121,0.419428213737937,
0.251204058068112));
#9669=CARTESIAN_POINT('Ctrl Pts',(-0.435637797133016,0.427104488261767,
0.250341677216508));
#9670=CARTESIAN_POINT('Ctrl Pts',(-0.426675522295068,0.438888616085276,
0.249017805049573));
#9671=CARTESIAN_POINT('Ctrl Pts',(-0.411289417514333,0.445786762926177,
0.247693932882638));
#9672=CARTESIAN_POINT('Ctrl Pts',(-0.396529028078464,0.444638985924038,
0.246370060715703));
#9673=CARTESIAN_POINT('Ctrl Pts',(-0.381768638642595,0.4434912089219,0.245046188548768));
#9674=CARTESIAN_POINT('Ctrl Pts',(-0.367633964551592,0.434297508076723,
0.243722316381834));
#9675=CARTESIAN_POINT('Ctrl Pts',(-0.360600905303956,0.421269827670284,
0.242398444214899));
#9676=CARTESIAN_POINT('Ctrl Pts',(-0.353567846056321,0.408242147263846,
0.241074572047964));
#9677=CARTESIAN_POINT('Ctrl Pts',(-0.353636401652054,0.391380487296147,
0.239750699881029));
#9678=CARTESIAN_POINT('Ctrl Pts',(-0.360775212256746,0.378410392937022,
0.238426827714094));
#9679=CARTESIAN_POINT('Ctrl Pts',(-0.367914022861437,0.365440298577896,
0.237102955547159));
#9680=CARTESIAN_POINT('Ctrl Pts',(-0.382123088475088,0.356361769827344,
0.235779083380224));
#9681=CARTESIAN_POINT('Ctrl Pts',(-0.396892303495006,0.355334186981124,
0.234455211213289));
#9682=CARTESIAN_POINT('Ctrl Pts',(-0.411661518514925,0.354306604134904,
0.233131339046354));
#9683=CARTESIAN_POINT('Ctrl Pts',(-0.426990882941111,0.361329967193018,
0.231807466879419));
#9684=CARTESIAN_POINT('Ctrl Pts',(-0.435857049598056,0.373186462876633,
0.230483594712484));
#9685=CARTESIAN_POINT('Ctrl Pts',(-0.441560284136124,0.380813251126804,
0.22963200306543));
#9686=CARTESIAN_POINT('Ctrl Pts',(-0.444589169389889,0.390439898462126,
0.228780411418375));
#9687=CARTESIAN_POINT('Ctrl Pts',(-0.444650664857371,0.400031122882372,
0.22792881977132));
#9688=CARTESIAN_POINT('Ctrl Pts',(-0.42776659502451,0.351368567769961,0.275590551181102));
#9689=CARTESIAN_POINT('Ctrl Pts',(-0.43131653306045,0.354018508937389,0.275590551181102));
#9690=CARTESIAN_POINT('Ctrl Pts',(-0.43450084354871,0.357104942387945,0.275590551181102));
#9691=CARTESIAN_POINT('Ctrl Pts',(-0.4372790282011,0.36053484261257,0.275590551181102));
#9692=CARTESIAN_POINT('Ctrl Pts',(-0.438824210691558,0.362442499026461,
0.275590551181102));
#9693=CARTESIAN_POINT('Ctrl Pts',(-0.440243276891741,0.364456779278674,
0.275590551181102));
#9694=CARTESIAN_POINT('Ctrl Pts',(-0.441525122798589,0.36656290249941,0.275590551181102));
#9695=CARTESIAN_POINT('Ctrl Pts',(-0.442592691041018,0.368316959093176,
0.275590551181102));
#9696=CARTESIAN_POINT('Ctrl Pts',(-0.443560735453124,0.370128015381631,
0.275590551181102));
#9697=CARTESIAN_POINT('Ctrl Pts',(-0.444422067687886,0.371981884474159,
0.275590551181102));
#9698=CARTESIAN_POINT('Ctrl Pts',(-0.445885924870472,0.375132584607215,
0.275590551181102));
#9699=CARTESIAN_POINT('Ctrl Pts',(-0.447045129777647,0.378411543055716,
0.275590551181102));
#9700=CARTESIAN_POINT('Ctrl Pts',(-0.447867406259366,0.381773725406549,
0.275590551181102));
#9701=CARTESIAN_POINT('Ctrl Pts',(-0.448500454937945,0.384362179705876,
0.275590551181102));
#9702=CARTESIAN_POINT('Ctrl Pts',(-0.44893313313222,0.387005191884075,0.275590551181102));
#9703=CARTESIAN_POINT('Ctrl Pts',(-0.449144305186505,0.389650502289347,
0.275590551181102));
#9704=CARTESIAN_POINT('Ctrl Pts',(-0.449348933135945,0.392213835992275,
0.275590551181102));
#9705=CARTESIAN_POINT('Ctrl Pts',(-0.449347556566172,0.394784145008805,
0.275590551181102));
#9706=CARTESIAN_POINT('Ctrl Pts',(-0.449124722678116,0.397341534146747,
0.275590551181102));
#9707=CARTESIAN_POINT('Ctrl Pts',(-0.448916772557199,0.399728107325123,
0.275590551181102));
#9708=CARTESIAN_POINT('Ctrl Pts',(-0.448515777837733,0.402103513646257,
0.275590551181102));
#9709=CARTESIAN_POINT('Ctrl Pts',(-0.447930198339042,0.404447089034234,
0.275590551181102));
#9710=CARTESIAN_POINT('Ctrl Pts',(-0.447411418479115,0.40652332243076,0.275590551181102));
#9711=CARTESIAN_POINT('Ctrl Pts',(-0.44675007488561,0.408564998265192,0.275590551181102));
#9712=CARTESIAN_POINT('Ctrl Pts',(-0.445954536943335,0.410556437287818,
0.275590551181102));
#9713=CARTESIAN_POINT('Ctrl Pts',(-0.444663758965131,0.413787591326795,
0.275590551181102));
#9714=CARTESIAN_POINT('Ctrl Pts',(-0.4430153143817,0.416893375044481,0.275590551181102));
#9715=CARTESIAN_POINT('Ctrl Pts',(-0.441055860311499,0.419775316509615,
0.275590551181102));
#9716=CARTESIAN_POINT('Ctrl Pts',(-0.439864346434334,0.421527780780714,
0.275590551181102));
#9717=CARTESIAN_POINT('Ctrl Pts',(-0.438557151137667,0.423199558825225,
0.275590551181102));
#9718=CARTESIAN_POINT('Ctrl Pts',(-0.437140318708654,0.42477371123922,0.275590551181102));
#9719=CARTESIAN_POINT('Origin',(-0.400000000000001,0.4,0.0621331076484532));
#9720=CARTESIAN_POINT('',(-0.400000000000001,0.4,0.0487320815105704));
#9721=CARTESIAN_POINT('',(-0.422303052843722,0.4,0.0621331076484532));
#9722=CARTESIAN_POINT('Origin',(-0.400000000000001,0.4,0.175590551181102));
#9723=CARTESIAN_POINT('Origin',(0.399999999999999,0.4,0.265590551181102));
#9724=CARTESIAN_POINT('',(0.478425196850393,0.4,0.275590551181102));
#9725=CARTESIAN_POINT('Origin',(0.399999999999999,0.4,0.275590551181102));
#9726=CARTESIAN_POINT('',(0.498425196850393,0.4,0.255590551181102));
#9727=CARTESIAN_POINT('',(0.488425196850393,0.4,0.265590551181102));
#9728=CARTESIAN_POINT('Origin',(0.399999999999999,0.4,0.255590551181102));
#9729=CARTESIAN_POINT('Origin',(0.399999999999999,0.4,0.078740157480315));
#9730=CARTESIAN_POINT('',(0.498425196850393,0.4,0.178740157480315));
#9731=CARTESIAN_POINT('',(0.498425196850393,0.4,0.078740157480315));
#9732=CARTESIAN_POINT('Origin',(0.399999999999999,0.4,0.178740157480315));
#9733=CARTESIAN_POINT('Origin',(0.399999999999999,0.4,0.275590551181102));
#9734=CARTESIAN_POINT('Origin',(-0.400000000000001,-0.4,0.265590551181102));
#9735=CARTESIAN_POINT('',(-0.321574803149607,-0.4,0.275590551181102));
#9736=CARTESIAN_POINT('Origin',(-0.400000000000001,-0.4,0.275590551181102));
#9737=CARTESIAN_POINT('',(-0.301574803149607,-0.4,0.255590551181102));
#9738=CARTESIAN_POINT('',(-0.311574803149607,-0.4,0.265590551181102));
#9739=CARTESIAN_POINT('Origin',(-0.400000000000001,-0.4,0.255590551181102));
#9740=CARTESIAN_POINT('Origin',(-0.400000000000001,-0.4,0.078740157480315));
#9741=CARTESIAN_POINT('',(-0.301574803149607,-0.4,0.178740157480315));
#9742=CARTESIAN_POINT('',(-0.301574803149607,-0.4,0.078740157480315));
#9743=CARTESIAN_POINT('Origin',(-0.400000000000001,-0.4,0.178740157480315));
#9744=CARTESIAN_POINT('Origin',(-0.400000000000001,-0.4,0.275590551181102));
#9745=CARTESIAN_POINT('Origin',(0.399999999999999,-0.4,0.265590551181102));
#9746=CARTESIAN_POINT('',(0.478425196850393,-0.4,0.275590551181102));
#9747=CARTESIAN_POINT('Origin',(0.399999999999999,-0.4,0.275590551181102));
#9748=CARTESIAN_POINT('',(0.498425196850393,-0.4,0.255590551181102));
#9749=CARTESIAN_POINT('',(0.488425196850393,-0.4,0.265590551181102));
#9750=CARTESIAN_POINT('Origin',(0.399999999999999,-0.4,0.255590551181102));
#9751=CARTESIAN_POINT('Origin',(0.399999999999999,-0.4,0.078740157480315));
#9752=CARTESIAN_POINT('',(0.498425196850393,-0.4,0.178740157480315));
#9753=CARTESIAN_POINT('',(0.498425196850393,-0.4,0.078740157480315));
#9754=CARTESIAN_POINT('Origin',(0.399999999999999,-0.4,0.178740157480315));
#9755=CARTESIAN_POINT('Origin',(0.399999999999999,-0.4,0.275590551181102));
#9756=CARTESIAN_POINT('Origin',(-0.400000000000001,0.4,0.265590551181102));
#9757=CARTESIAN_POINT('',(-0.321574803149607,0.4,0.275590551181102));
#9758=CARTESIAN_POINT('Origin',(-0.400000000000001,0.4,0.275590551181102));
#9759=CARTESIAN_POINT('',(-0.301574803149607,0.4,0.255590551181102));
#9760=CARTESIAN_POINT('',(-0.311574803149607,0.4,0.265590551181102));
#9761=CARTESIAN_POINT('Origin',(-0.400000000000001,0.4,0.255590551181102));
#9762=CARTESIAN_POINT('Origin',(-0.400000000000001,0.4,0.078740157480315));
#9763=CARTESIAN_POINT('',(-0.301574803149607,0.4,0.178740157480315));
#9764=CARTESIAN_POINT('',(-0.301574803149607,0.4,0.078740157480315));
#9765=CARTESIAN_POINT('Origin',(-0.400000000000001,0.4,0.178740157480315));
#9766=CARTESIAN_POINT('Origin',(-0.400000000000001,0.4,0.275590551181102));
#9767=CARTESIAN_POINT('Ctrl Pts',(0.796259842519685,0.75,0.178740157480315));
#9768=CARTESIAN_POINT('Ctrl Pts',(0.796259842519685,0.75,0.171260174971768));
#9769=CARTESIAN_POINT('Ctrl Pts',(0.793711719874706,0.748630634877797,0.148906614653243));
#9770=CARTESIAN_POINT('Ctrl Pts',(0.77057355966438,0.736196151142719,0.100206454853278));
#9771=CARTESIAN_POINT('Ctrl Pts',(0.726179772553873,0.712338860038058,0.078740157480315));
#9772=CARTESIAN_POINT('Ctrl Pts',(0.696259842519685,0.696259842519685,0.078740157480315));
#9773=CARTESIAN_POINT('Ctrl Pts',(0.796259842519685,0.763840912515815,0.178740157480315));
#9774=CARTESIAN_POINT('Ctrl Pts',(0.796259842519685,0.763840912515815,0.170209333069947));
#9775=CARTESIAN_POINT('Ctrl Pts',(0.793020632039236,0.761638758120265,0.144473162430006));
#9776=CARTESIAN_POINT('Ctrl Pts',(0.764822554619418,0.743045098255056,0.0950909417555086));
#9777=CARTESIAN_POINT('Ctrl Pts',(0.723543408265147,0.714975224326785,0.078740157480315));
#9778=CARTESIAN_POINT('Ctrl Pts',(0.696259842519685,0.696259842519685,0.078740157480315));
#9779=CARTESIAN_POINT('Ctrl Pts',(0.784641012297732,0.787801579595935,0.178740157480315));
#9780=CARTESIAN_POINT('Ctrl Pts',(0.784641012297732,0.787801579595935,0.169306526003683));
#9781=CARTESIAN_POINT('Ctrl Pts',(0.781177791923363,0.784202691332982,0.140622123038059));
#9782=CARTESIAN_POINT('Ctrl Pts',(0.753438423009272,0.755200086446939,0.0910943365072934));
#9783=CARTESIAN_POINT('Ctrl Pts',(0.718929770759875,0.719588861832056,0.078740157480315));
#9784=CARTESIAN_POINT('Ctrl Pts',(0.696259842519685,0.696259842519685,0.078740157480315));
#9785=CARTESIAN_POINT('Ctrl Pts',(0.760380684386862,0.796259842519685,0.178740157480315));
#9786=CARTESIAN_POINT('Ctrl Pts',(0.760380684386862,0.796259842519685,0.170482477643917));
#9787=CARTESIAN_POINT('Ctrl Pts',(0.758384192247811,0.793190386252971,0.145618091066199));
#9788=CARTESIAN_POINT('Ctrl Pts',(0.741375757604568,0.766307705844287,0.0963684650891309));
#9789=CARTESIAN_POINT('Ctrl Pts',(0.714316133254603,0.724202499337328,0.078740157480315));
#9790=CARTESIAN_POINT('Ctrl Pts',(0.696259842519685,0.696259842519685,0.078740157480315));
#9791=CARTESIAN_POINT('Ctrl Pts',(0.75,0.796259842519685,0.178740157480315));
#9792=CARTESIAN_POINT('Ctrl Pts',(0.75,0.796259842519685,0.171260174971768));
#9793=CARTESIAN_POINT('Ctrl Pts',(0.748630634877797,0.793711719874706,0.148906614653243));
#9794=CARTESIAN_POINT('Ctrl Pts',(0.736196151142721,0.77057355966438,0.100206454853278));
#9795=CARTESIAN_POINT('Ctrl Pts',(0.712338860038058,0.726179772553873,0.078740157480315));
#9796=CARTESIAN_POINT('Ctrl Pts',(0.696259842519685,0.696259842519685,0.078740157480315));
#9797=CARTESIAN_POINT('',(0.696259842519685,0.696259842519685,0.078740157480315));
#9798=CARTESIAN_POINT('Origin',(0.696259842519685,0.696259842519685,0.178740157480315));
#9799=CARTESIAN_POINT('Origin',(0.696259842519685,0.696259842519685,0.178740157480315));
#9800=CARTESIAN_POINT('Ctrl Pts',(0.75,-0.796259842519685,0.178740157480315));
#9801=CARTESIAN_POINT('Ctrl Pts',(0.75,-0.796259842519685,0.171260174971768));
#9802=CARTESIAN_POINT('Ctrl Pts',(0.748630634877797,-0.793711719874706,
0.148906614653243));
#9803=CARTESIAN_POINT('Ctrl Pts',(0.73619615114272,-0.770573559664381,0.100206454853278));
#9804=CARTESIAN_POINT('Ctrl Pts',(0.712338860038058,-0.726179772553874,
0.078740157480315));
#9805=CARTESIAN_POINT('Ctrl Pts',(0.696259842519685,-0.696259842519685,
0.078740157480315));
#9806=CARTESIAN_POINT('Ctrl Pts',(0.763840912515815,-0.796259842519685,
0.178740157480315));
#9807=CARTESIAN_POINT('Ctrl Pts',(0.763840912515815,-0.796259842519685,
0.170209333069947));
#9808=CARTESIAN_POINT('Ctrl Pts',(0.761638758120265,-0.793020632039236,
0.144473162430006));
#9809=CARTESIAN_POINT('Ctrl Pts',(0.743045098255056,-0.764822554619418,
0.0950909417555087));
#9810=CARTESIAN_POINT('Ctrl Pts',(0.714975224326785,-0.723543408265147,
0.078740157480315));
#9811=CARTESIAN_POINT('Ctrl Pts',(0.696259842519685,-0.696259842519685,
0.078740157480315));
#9812=CARTESIAN_POINT('Ctrl Pts',(0.787801579595935,-0.784641012297733,
0.178740157480315));
#9813=CARTESIAN_POINT('Ctrl Pts',(0.787801579595935,-0.784641012297733,
0.169306526003683));
#9814=CARTESIAN_POINT('Ctrl Pts',(0.784202691332982,-0.781177791923363,
0.140622123038059));
#9815=CARTESIAN_POINT('Ctrl Pts',(0.755200086446939,-0.753438423009272,
0.0910943365072934));
#9816=CARTESIAN_POINT('Ctrl Pts',(0.719588861832057,-0.718929770759875,
0.078740157480315));
#9817=CARTESIAN_POINT('Ctrl Pts',(0.696259842519685,-0.696259842519685,
0.078740157480315));
#9818=CARTESIAN_POINT('Ctrl Pts',(0.796259842519685,-0.760380684386862,
0.178740157480315));
#9819=CARTESIAN_POINT('Ctrl Pts',(0.796259842519685,-0.760380684386862,
0.170482477643917));
#9820=CARTESIAN_POINT('Ctrl Pts',(0.793190386252971,-0.758384192247811,
0.145618091066199));
#9821=CARTESIAN_POINT('Ctrl Pts',(0.766307705844287,-0.741375757604569,
0.096368465089131));
#9822=CARTESIAN_POINT('Ctrl Pts',(0.724202499337328,-0.714316133254603,
0.078740157480315));
#9823=CARTESIAN_POINT('Ctrl Pts',(0.696259842519685,-0.696259842519685,
0.078740157480315));
#9824=CARTESIAN_POINT('Ctrl Pts',(0.796259842519685,-0.75,0.178740157480315));
#9825=CARTESIAN_POINT('Ctrl Pts',(0.796259842519685,-0.75,0.171260174971768));
#9826=CARTESIAN_POINT('Ctrl Pts',(0.793711719874706,-0.748630634877797,
0.148906614653243));
#9827=CARTESIAN_POINT('Ctrl Pts',(0.77057355966438,-0.736196151142721,0.100206454853278));
#9828=CARTESIAN_POINT('Ctrl Pts',(0.726179772553873,-0.712338860038058,
0.078740157480315));
#9829=CARTESIAN_POINT('Ctrl Pts',(0.696259842519685,-0.696259842519685,
0.078740157480315));
#9830=CARTESIAN_POINT('',(0.696259842519685,-0.696259842519685,0.078740157480315));
#9831=CARTESIAN_POINT('Origin',(0.696259842519685,-0.696259842519685,0.178740157480315));
#9832=CARTESIAN_POINT('Origin',(0.696259842519685,-0.696259842519685,0.178740157480315));
#9833=CARTESIAN_POINT('Ctrl Pts',(-0.796259842519685,-0.75,0.178740157480315));
#9834=CARTESIAN_POINT('Ctrl Pts',(-0.796259842519685,-0.75,0.171260174971768));
#9835=CARTESIAN_POINT('Ctrl Pts',(-0.793711719874706,-0.748630634877797,
0.148906614653243));
#9836=CARTESIAN_POINT('Ctrl Pts',(-0.77057355966438,-0.73619615114272,0.100206454853278));
#9837=CARTESIAN_POINT('Ctrl Pts',(-0.726179772553874,-0.712338860038058,
0.078740157480315));
#9838=CARTESIAN_POINT('Ctrl Pts',(-0.696259842519685,-0.696259842519685,
0.078740157480315));
#9839=CARTESIAN_POINT('Ctrl Pts',(-0.796259842519685,-0.763840912515816,
0.178740157480315));
#9840=CARTESIAN_POINT('Ctrl Pts',(-0.796259842519685,-0.763840912515816,
0.170209333069947));
#9841=CARTESIAN_POINT('Ctrl Pts',(-0.793020632039236,-0.761638758120265,
0.144473162430006));
#9842=CARTESIAN_POINT('Ctrl Pts',(-0.764822554619418,-0.743045098255057,
0.0950909417555086));
#9843=CARTESIAN_POINT('Ctrl Pts',(-0.723543408265147,-0.714975224326785,
0.078740157480315));
#9844=CARTESIAN_POINT('Ctrl Pts',(-0.696259842519685,-0.696259842519685,
0.078740157480315));
#9845=CARTESIAN_POINT('Ctrl Pts',(-0.784641012297733,-0.787801579595935,
0.178740157480315));
#9846=CARTESIAN_POINT('Ctrl Pts',(-0.784641012297733,-0.787801579595935,
0.169306526003683));
#9847=CARTESIAN_POINT('Ctrl Pts',(-0.781177791923363,-0.784202691332981,
0.140622123038059));
#9848=CARTESIAN_POINT('Ctrl Pts',(-0.753438423009272,-0.755200086446939,
0.0910943365072935));
#9849=CARTESIAN_POINT('Ctrl Pts',(-0.718929770759875,-0.719588861832057,
0.078740157480315));
#9850=CARTESIAN_POINT('Ctrl Pts',(-0.696259842519685,-0.696259842519685,
0.078740157480315));
#9851=CARTESIAN_POINT('Ctrl Pts',(-0.760380684386862,-0.796259842519685,
0.178740157480315));
#9852=CARTESIAN_POINT('Ctrl Pts',(-0.760380684386862,-0.796259842519685,
0.170482477643917));
#9853=CARTESIAN_POINT('Ctrl Pts',(-0.75838419224781,-0.793190386252971,
0.145618091066199));
#9854=CARTESIAN_POINT('Ctrl Pts',(-0.741375757604568,-0.766307705844287,
0.0963684650891309));
#9855=CARTESIAN_POINT('Ctrl Pts',(-0.714316133254603,-0.724202499337328,
0.078740157480315));
#9856=CARTESIAN_POINT('Ctrl Pts',(-0.696259842519685,-0.696259842519685,
0.078740157480315));
#9857=CARTESIAN_POINT('Ctrl Pts',(-0.75,-0.796259842519685,0.178740157480315));
#9858=CARTESIAN_POINT('Ctrl Pts',(-0.75,-0.796259842519685,0.171260174971768));
#9859=CARTESIAN_POINT('Ctrl Pts',(-0.748630634877797,-0.793711719874706,
0.148906614653243));
#9860=CARTESIAN_POINT('Ctrl Pts',(-0.73619615114272,-0.77057355966438,0.100206454853278));
#9861=CARTESIAN_POINT('Ctrl Pts',(-0.712338860038058,-0.726179772553874,
0.078740157480315));
#9862=CARTESIAN_POINT('Ctrl Pts',(-0.696259842519685,-0.696259842519685,
0.078740157480315));
#9863=CARTESIAN_POINT('',(-0.696259842519685,-0.696259842519685,0.078740157480315));
#9864=CARTESIAN_POINT('Origin',(-0.696259842519685,-0.696259842519685,0.178740157480315));
#9865=CARTESIAN_POINT('Origin',(-0.696259842519685,-0.696259842519685,0.178740157480315));
#9866=CARTESIAN_POINT('Ctrl Pts',(-0.75,0.796259842519685,0.178740157480315));
#9867=CARTESIAN_POINT('Ctrl Pts',(-0.75,0.796259842519685,0.171260174971768));
#9868=CARTESIAN_POINT('Ctrl Pts',(-0.748630634877796,0.793711719874706,
0.148906614653243));
#9869=CARTESIAN_POINT('Ctrl Pts',(-0.73619615114272,0.77057355966438,0.100206454853278));
#9870=CARTESIAN_POINT('Ctrl Pts',(-0.712338860038058,0.726179772553873,
0.078740157480315));
#9871=CARTESIAN_POINT('Ctrl Pts',(-0.696259842519685,0.696259842519685,
0.078740157480315));
#9872=CARTESIAN_POINT('Ctrl Pts',(-0.763840912515815,0.796259842519685,
0.178740157480315));
#9873=CARTESIAN_POINT('Ctrl Pts',(-0.763840912515815,0.796259842519685,
0.170209333069947));
#9874=CARTESIAN_POINT('Ctrl Pts',(-0.761638758120265,0.793020632039236,
0.144473162430006));
#9875=CARTESIAN_POINT('Ctrl Pts',(-0.743045098255056,0.764822554619418,
0.0950909417555085));
#9876=CARTESIAN_POINT('Ctrl Pts',(-0.714975224326785,0.723543408265147,
0.078740157480315));
#9877=CARTESIAN_POINT('Ctrl Pts',(-0.696259842519685,0.696259842519685,
0.078740157480315));
#9878=CARTESIAN_POINT('Ctrl Pts',(-0.787801579595935,0.784641012297732,
0.178740157480315));
#9879=CARTESIAN_POINT('Ctrl Pts',(-0.787801579595935,0.784641012297732,
0.169306526003683));
#9880=CARTESIAN_POINT('Ctrl Pts',(-0.784202691332981,0.781177791923363,
0.140622123038059));
#9881=CARTESIAN_POINT('Ctrl Pts',(-0.755200086446939,0.753438423009272,
0.0910943365072933));
#9882=CARTESIAN_POINT('Ctrl Pts',(-0.719588861832057,0.718929770759875,
0.078740157480315));
#9883=CARTESIAN_POINT('Ctrl Pts',(-0.696259842519685,0.696259842519685,
0.078740157480315));
#9884=CARTESIAN_POINT('Ctrl Pts',(-0.796259842519685,0.760380684386861,
0.178740157480315));
#9885=CARTESIAN_POINT('Ctrl Pts',(-0.796259842519685,0.760380684386861,
0.170482477643917));
#9886=CARTESIAN_POINT('Ctrl Pts',(-0.793190386252971,0.75838419224781,0.145618091066199));
#9887=CARTESIAN_POINT('Ctrl Pts',(-0.766307705844287,0.741375757604568,
0.0963684650891308));
#9888=CARTESIAN_POINT('Ctrl Pts',(-0.724202499337328,0.714316133254603,
0.078740157480315));
#9889=CARTESIAN_POINT('Ctrl Pts',(-0.696259842519685,0.696259842519685,
0.078740157480315));
#9890=CARTESIAN_POINT('Ctrl Pts',(-0.796259842519685,0.75,0.178740157480315));
#9891=CARTESIAN_POINT('Ctrl Pts',(-0.796259842519685,0.75,0.171260174971768));
#9892=CARTESIAN_POINT('Ctrl Pts',(-0.793711719874706,0.748630634877796,
0.148906614653243));
#9893=CARTESIAN_POINT('Ctrl Pts',(-0.77057355966438,0.73619615114272,0.100206454853278));
#9894=CARTESIAN_POINT('Ctrl Pts',(-0.726179772553873,0.712338860038058,
0.078740157480315));
#9895=CARTESIAN_POINT('Ctrl Pts',(-0.696259842519685,0.696259842519685,
0.078740157480315));
#9896=CARTESIAN_POINT('',(-0.796259842519685,0.75,0.178740157480315));
#9897=CARTESIAN_POINT('',(-0.696259842519685,0.696259842519685,0.078740157480315));
#9898=CARTESIAN_POINT('Origin',(-0.696259842519685,0.696259842519685,0.178740157480315));
#9899=CARTESIAN_POINT('Origin',(-0.696259842519685,0.696259842519685,0.178740157480315));
#9900=CARTESIAN_POINT('Origin',(-0.749999999999999,0.75,0.178740157480315));
#9901=CARTESIAN_POINT('Origin',(0.375,0.696259842519685,0.178740157480315));
#9902=CARTESIAN_POINT('',(0.375,0.696259842519685,0.078740157480315));
#9903=CARTESIAN_POINT('Origin',(-0.696259842519685,0.375,0.178740157480315));
#9904=CARTESIAN_POINT('',(-0.696259842519685,0.375,0.078740157480315));
#9905=CARTESIAN_POINT('',(-0.796259842519685,0.375,0.178740157480315));
#9906=CARTESIAN_POINT('Origin',(-0.375,-0.696259842519685,0.178740157480315));
#9907=CARTESIAN_POINT('',(-0.375,-0.696259842519685,0.078740157480315));
#9908=CARTESIAN_POINT('Origin',(0.696259842519685,-0.375,0.178740157480315));
#9909=CARTESIAN_POINT('',(0.696259842519685,-0.375,0.078740157480315));
#9910=CARTESIAN_POINT('Origin',(-0.796259842519685,0.75,0.));
#9911=CARTESIAN_POINT('',(-0.796259842519685,0.75,0.));
#9912=CARTESIAN_POINT('Origin',(-0.75,0.75,0.));
#9913=CARTESIAN_POINT('Origin',(-1.74838271594513E-16,0.,0.078740157480315));
#9914=CARTESIAN_POINT('',(-0.201574803149607,-0.4,0.078740157480315));
#9915=CARTESIAN_POINT('Origin',(-0.400000000000001,-0.4,0.078740157480315));
#9916=CARTESIAN_POINT('',(0.598425196850393,-0.4,0.078740157480315));
#9917=CARTESIAN_POINT('Origin',(0.399999999999999,-0.4,0.078740157480315));
#9918=CARTESIAN_POINT('',(-0.201574803149607,0.4,0.078740157480315));
#9919=CARTESIAN_POINT('Origin',(-0.400000000000001,0.4,0.078740157480315));
#9920=CARTESIAN_POINT('',(0.598425196850393,0.4,0.078740157480315));
#9921=CARTESIAN_POINT('Origin',(0.399999999999999,0.4,0.078740157480315));
#9922=CARTESIAN_POINT('Origin',(0.399999999999999,0.4,0.178740157480315));
#9923=CARTESIAN_POINT('Origin',(0.598425196850393,0.4,0.178740157480315));
#9924=CARTESIAN_POINT('Origin',(-0.400000000000001,-0.4,0.178740157480315));
#9925=CARTESIAN_POINT('Origin',(-0.201574803149607,-0.4,0.178740157480315));
#9926=CARTESIAN_POINT('Origin',(-0.400000000000001,0.4,0.178740157480315));
#9927=CARTESIAN_POINT('Origin',(-0.201574803149607,0.4,0.178740157480315));
#9928=CARTESIAN_POINT('Origin',(0.399999999999999,-0.4,0.178740157480315));
#9929=CARTESIAN_POINT('Origin',(0.598425196850393,-0.4,0.178740157480315));
#9930=CARTESIAN_POINT('Origin',(0.75,0.875,0.));
#9931=CARTESIAN_POINT('',(0.75,0.875,0.));
#9932=CARTESIAN_POINT('Origin',(0.75,0.75,0.));
#9933=CARTESIAN_POINT('',(0.875,0.75,0.));
#9934=CARTESIAN_POINT('Origin',(0.875,-0.75,0.));
#9935=CARTESIAN_POINT('',(0.875,-0.75,0.));
#9936=CARTESIAN_POINT('Origin',(0.75,-0.75,0.));
#9937=CARTESIAN_POINT('',(0.,0.,0.));
#9938=UNCERTAINTY_MEASURE_WITH_UNIT(LENGTH_MEASURE(0.000393700787401575),
#9945,'DISTANCE_ACCURACY_VALUE',
'Maximum model space distance between geometric entities at asserted c
onnectivities');
#9939=UNCERTAINTY_MEASURE_WITH_UNIT(LENGTH_MEASURE(0.000393700787401575),
#9945,'DISTANCE_ACCURACY_VALUE',
'Maximum model space distance between geometric entities at asserted c
onnectivities');
#9940=UNCERTAINTY_MEASURE_WITH_UNIT(LENGTH_MEASURE(0.000393700787401575),
#9945,'DISTANCE_ACCURACY_VALUE',
'Maximum model space distance between geometric entities at asserted c
onnectivities');
#9941=(
GEOMETRIC_REPRESENTATION_CONTEXT(3)
GLOBAL_UNCERTAINTY_ASSIGNED_CONTEXT((#9938))
GLOBAL_UNIT_ASSIGNED_CONTEXT((#9945,#9948,#9949))
REPRESENTATION_CONTEXT('','3D')
);
#9942=(
GEOMETRIC_REPRESENTATION_CONTEXT(3)
GLOBAL_UNCERTAINTY_ASSIGNED_CONTEXT((#9939))
GLOBAL_UNIT_ASSIGNED_CONTEXT((#9945,#9948,#9949))
REPRESENTATION_CONTEXT('','3D')
);
#9943=(
GEOMETRIC_REPRESENTATION_CONTEXT(3)
GLOBAL_UNCERTAINTY_ASSIGNED_CONTEXT((#9940))
GLOBAL_UNIT_ASSIGNED_CONTEXT((#9945,#9948,#9949))
REPRESENTATION_CONTEXT('','3D')
);
#9944=DIMENSIONAL_EXPONENTS(1.,0.,0.,0.,0.,0.,0.);
#9945=(
CONVERSION_BASED_UNIT('inch',#9947)
LENGTH_UNIT()
NAMED_UNIT(#9944)
);
#9946=(
LENGTH_UNIT()
NAMED_UNIT(*)
SI_UNIT(.MILLI.,.METRE.)
);
#9947=LENGTH_MEASURE_WITH_UNIT(LENGTH_MEASURE(25.4),#9946);
#9948=(
NAMED_UNIT(*)
PLANE_ANGLE_UNIT()
SI_UNIT($,.RADIAN.)
);
#9949=(
NAMED_UNIT(*)
SI_UNIT($,.STERADIAN.)
SOLID_ANGLE_UNIT()
);
#9950=SHAPE_DEFINITION_REPRESENTATION(#9952,#9955);
#9951=SHAPE_DEFINITION_REPRESENTATION(#9953,#9956);
#9952=PRODUCT_DEFINITION_SHAPE('',$,#9958);
#9953=PRODUCT_DEFINITION_SHAPE('',$,#9959);
#9954=PRODUCT_DEFINITION_SHAPE($,$,#14);
#9955=SHAPE_REPRESENTATION('',(#3367,#3685),#9941);
#9956=SHAPE_REPRESENTATION('',(#3368),#9942);
#9957=PRODUCT_DEFINITION_CONTEXT('part definition',#9965,'design');
#9958=PRODUCT_DEFINITION('Shelter Montoring System (Assembly)',
'Shelter Montoring System (Assembly) v150',#9960,#9957);
#9959=PRODUCT_DEFINITION('AMG8833_Housing_Body','AMG8833_Housing_Body',
#9961,#9957);
#9960=PRODUCT_DEFINITION_FORMATION('',$,#9967);
#9961=PRODUCT_DEFINITION_FORMATION('',$,#9968);
#9962=PRODUCT_RELATED_PRODUCT_CATEGORY(
'Shelter Montoring System (Assembly) v150',
'Shelter Montoring System (Assembly) v150',(#9967));
#9963=PRODUCT_RELATED_PRODUCT_CATEGORY('AMG8833_Housing_Body',
'AMG8833_Housing_Body',(#9968));
#9964=APPLICATION_PROTOCOL_DEFINITION('international standard',
'automotive_design',2009,#9965);
#9965=APPLICATION_CONTEXT(
'Core Data for Automotive Mechanical Design Process');
#9966=PRODUCT_CONTEXT('part definition',#9965,'mechanical');
#9967=PRODUCT('Shelter Montoring System (Assembly)',
'Shelter Montoring System (Assembly) v150',$,(#9966));
#9968=PRODUCT('AMG8833_Housing_Body','AMG8833_Housing_Body',$,(#9966));
#9969=PRESENTATION_STYLE_ASSIGNMENT((#9973));
#9970=PRESENTATION_STYLE_ASSIGNMENT((#9974));
#9971=PRESENTATION_STYLE_ASSIGNMENT((#9975));
#9972=PRESENTATION_STYLE_ASSIGNMENT((#9976));
#9973=SURFACE_STYLE_USAGE(.BOTH.,#9977);
#9974=SURFACE_STYLE_USAGE(.BOTH.,#9978);
#9975=SURFACE_STYLE_USAGE(.BOTH.,#9979);
#9976=SURFACE_STYLE_USAGE(.BOTH.,#9980);
#9977=SURFACE_SIDE_STYLE('',(#9981));
#9978=SURFACE_SIDE_STYLE('',(#9982));
#9979=SURFACE_SIDE_STYLE('',(#9983));
#9980=SURFACE_SIDE_STYLE('',(#9984));
#9981=SURFACE_STYLE_FILL_AREA(#9985);
#9982=SURFACE_STYLE_FILL_AREA(#9986);
#9983=SURFACE_STYLE_FILL_AREA(#9987);
#9984=SURFACE_STYLE_FILL_AREA(#9988);
#9985=FILL_AREA_STYLE('Gold - Polished',(#9989));
#9986=FILL_AREA_STYLE('Steel - Satin',(#9990));
#9987=FILL_AREA_STYLE('Paint - Enamel Glossy (Green)',(#9991));
#9988=FILL_AREA_STYLE(
'PA 11 - Nylon- HP 11-30 (with EOS P 396 3D Printer)',(#9992));
#9989=FILL_AREA_STYLE_COLOUR('Gold - Polished',#9993);
#9990=FILL_AREA_STYLE_COLOUR('Steel - Satin',#9994);
#9991=FILL_AREA_STYLE_COLOUR('Paint - Enamel Glossy (Green)',#9995);
#9992=FILL_AREA_STYLE_COLOUR(
'PA 11 - Nylon- HP 11-30 (with EOS P 396 3D Printer)',#9996);
#9993=COLOUR_RGB('Gold - Polished',0.956862745098039,0.898039215686275,
0.654901960784314);
#9994=COLOUR_RGB('Steel - Satin',0.627450980392157,0.627450980392157,0.627450980392157);
#9995=COLOUR_RGB('Paint - Enamel Glossy (Green)',0.266666666666667,0.588235294117647,
0.282352941176471);
#9996=COLOUR_RGB('PA 11 - Nylon- HP 11-30 (with EOS P 396 3D Printer)',
0.247058823529412,0.247058823529412,0.247058823529412);
ENDSEC;
END-ISO-10303-21;
